AGEP,COW,SCHL,MAR,OCCP,POBP,RELP,WKHP,SEX,RAC1P
63.0,1.0,17.0,1.0,21,8.0,1.0,45.0,1.0,1.0
30.0,1.0,16.0,5.0,15,8.0,13.0,40.0,1.0,1.0
26.0,1.0,19.0,5.0,0,8.0,12.0,40.0,2.0,2.0
20.0,1.0,16.0,5.0,22,8.0,2.0,40.0,1.0,1.0
46.0,1.0,16.0,3.0,18,8.0,11.0,40.0,1.0,1.0
31.0,5.0,16.0,1.0,23,8.0,0.0,55.0,1.0,1.0
41.0,3.0,18.0,5.0,11,8.0,0.0,40.0,1.0,1.0
45.0,6.0,16.0,5.0,14,8.0,0.0,65.0,2.0,2.0
35.0,2.0,21.0,1.0,0,8.0,0.0,25.0,2.0,1.0
62.0,1.0,9.0,1.0,17,9.0,0.0,40.0,1.0,1.0
62.0,7.0,19.0,3.0,14,4.0,0.0,40.0,2.0,6.0
58.0,5.0,16.0,1.0,16,4.0,0.0,40.0,1.0,6.0
47.0,1.0,20.0,1.0,9,8.0,0.0,40.0,2.0,1.0
60.0,1.0,20.0,5.0,0,8.0,0.0,48.0,2.0,1.0
37.0,7.0,21.0,3.0,13,9.0,0.0,20.0,2.0,8.0
22.0,5.0,16.0,5.0,20,10.0,17.0,50.0,2.0,2.0
31.0,6.0,16.0,1.0,22,8.0,1.0,60.0,1.0,1.0
24.0,1.0,21.0,5.0,7,9.0,2.0,40.0,2.0,8.0
23.0,8.0,21.0,5.0,1,8.0,2.0,20.0,1.0,9.0
65.0,1.0,20.0,5.0,4,0.0,0.0,25.0,1.0,1.0
20.0,1.0,19.0,5.0,14,8.0,12.0,20.0,1.0,1.0
37.0,1.0,22.0,1.0,4,8.0,1.0,48.0,1.0,1.0
47.0,1.0,20.0,1.0,16,8.0,0.0,50.0,2.0,1.0
46.0,1.0,18.0,1.0,15,8.0,0.0,45.0,1.0,1.0
23.0,1.0,21.0,5.0,0,8.0,0.0,40.0,2.0,1.0
37.0,3.0,21.0,1.0,16,6.0,0.0,40.0,2.0,6.0
51.0,1.0,18.0,1.0,15,5.0,0.0,25.0,1.0,6.0
30.0,1.0,21.0,1.0,1,8.0,0.0,70.0,2.0,1.0
24.0,1.0,17.0,5.0,22,9.0,2.0,25.0,1.0,1.0
40.0,3.0,21.0,1.0,5,8.0,1.0,40.0,2.0,1.0
39.0,4.0,16.0,3.0,16,8.0,0.0,8.0,2.0,6.0
23.0,1.0,16.0,5.0,16,8.0,11.0,30.0,2.0,1.0
56.0,6.0,19.0,1.0,15,6.0,0.0,65.0,1.0,6.0
46.0,6.0,16.0,1.0,6,8.0,0.0,15.0,2.0,1.0
25.0,1.0,16.0,5.0,22,8.0,2.0,25.0,1.0,2.0
46.0,1.0,21.0,1.0,9,9.0,1.0,40.0,1.0,1.0
49.0,1.0,22.0,1.0,9,8.0,0.0,36.0,2.0,1.0
29.0,1.0,21.0,1.0,15,8.0,1.0,40.0,2.0,1.0
34.0,6.0,21.0,5.0,1,5.0,0.0,40.0,2.0,1.0
49.0,1.0,19.0,1.0,3,8.0,1.0,50.0,1.0,1.0
51.0,1.0,16.0,5.0,16,9.0,0.0,40.0,2.0,8.0
32.0,1.0,21.0,1.0,3,0.0,0.0,40.0,1.0,1.0
58.0,1.0,19.0,1.0,9,8.0,1.0,32.0,2.0,1.0
60.0,3.0,22.0,1.0,7,6.0,0.0,37.0,1.0,6.0
69.0,4.0,24.0,1.0,7,5.0,0.0,40.0,1.0,1.0
35.0,5.0,21.0,1.0,21,8.0,0.0,45.0,1.0,1.0
56.0,4.0,22.0,1.0,1,8.0,0.0,40.0,1.0,1.0
26.0,1.0,19.0,1.0,22,9.0,12.0,60.0,1.0,9.0
72.0,6.0,19.0,1.0,21,8.0,0.0,25.0,1.0,1.0
60.0,1.0,4.0,1.0,21,8.0,1.0,40.0,1.0,1.0
39.0,1.0,20.0,5.0,16,8.0,13.0,40.0,2.0,1.0
33.0,1.0,21.0,1.0,0,8.0,1.0,40.0,1.0,1.0
17.0,1.0,14.0,5.0,15,8.0,2.0,10.0,2.0,1.0
55.0,1.0,1.0,5.0,18,6.0,5.0,24.0,1.0,6.0
43.0,6.0,16.0,1.0,13,12.0,0.0,35.0,1.0,1.0
29.0,1.0,19.0,5.0,15,8.0,0.0,50.0,1.0,1.0
60.0,2.0,1.0,1.0,16,8.0,1.0,35.0,2.0,8.0
45.0,1.0,16.0,1.0,22,9.0,0.0,55.0,1.0,1.0
23.0,1.0,1.0,5.0,22,8.0,2.0,15.0,1.0,1.0
48.0,1.0,19.0,1.0,15,8.0,0.0,34.0,2.0,1.0
25.0,5.0,19.0,3.0,23,8.0,11.0,40.0,2.0,1.0
30.0,1.0,21.0,5.0,16,8.0,2.0,40.0,2.0,1.0
43.0,4.0,22.0,1.0,3,5.0,0.0,40.0,1.0,6.0
44.0,1.0,7.0,3.0,12,9.0,0.0,55.0,1.0,1.0
55.0,1.0,18.0,1.0,0,8.0,1.0,80.0,1.0,1.0
53.0,4.0,21.0,1.0,0,6.0,0.0,40.0,1.0,6.0
37.0,4.0,17.0,5.0,16,8.0,0.0,30.0,2.0,8.0
37.0,1.0,16.0,1.0,13,4.0,0.0,15.0,2.0,6.0
22.0,1.0,19.0,5.0,3,8.0,4.0,40.0,1.0,1.0
48.0,1.0,16.0,1.0,0,8.0,1.0,40.0,2.0,1.0
18.0,1.0,16.0,5.0,15,8.0,2.0,25.0,1.0,8.0
42.0,1.0,19.0,1.0,22,9.0,1.0,40.0,1.0,8.0
20.0,1.0,16.0,1.0,16,8.0,7.0,40.0,1.0,1.0
57.0,1.0,16.0,1.0,21,8.0,0.0,40.0,1.0,1.0
54.0,1.0,19.0,1.0,21,8.0,0.0,40.0,1.0,6.0
35.0,3.0,16.0,3.0,15,8.0,0.0,40.0,2.0,1.0
52.0,1.0,20.0,1.0,10,6.0,1.0,40.0,1.0,6.0
24.0,1.0,14.0,5.0,22,9.0,2.0,10.0,2.0,1.0
38.0,1.0,21.0,1.0,0,8.0,0.0,40.0,1.0,6.0
49.0,6.0,16.0,1.0,13,9.0,1.0,20.0,2.0,9.0
40.0,2.0,21.0,1.0,0,8.0,0.0,40.0,2.0,1.0
37.0,7.0,23.0,5.0,0,4.0,0.0,40.0,1.0,6.0
52.0,1.0,22.0,1.0,0,4.0,0.0,60.0,1.0,6.0
61.0,2.0,16.0,1.0,16,8.0,1.0,4.0,2.0,1.0
49.0,3.0,22.0,1.0,0,8.0,0.0,40.0,2.0,1.0
53.0,7.0,19.0,1.0,13,9.0,16.0,40.0,1.0,1.0
30.0,1.0,21.0,4.0,12,8.0,2.0,40.0,2.0,1.0
59.0,1.0,16.0,1.0,18,8.0,1.0,40.0,1.0,2.0
62.0,4.0,19.0,3.0,10,5.0,6.0,64.0,2.0,6.0
24.0,1.0,11.0,5.0,12,8.0,2.0,25.0,2.0,8.0
50.0,1.0,16.0,1.0,18,8.0,0.0,40.0,1.0,1.0
20.0,1.0,20.0,5.0,12,8.0,4.0,20.0,2.0,9.0
50.0,4.0,21.0,1.0,16,14.0,0.0,40.0,1.0,2.0
34.0,3.0,20.0,3.0,7,8.0,2.0,40.0,2.0,1.0
55.0,3.0,21.0,1.0,7,8.0,1.0,50.0,2.0,1.0
63.0,6.0,18.0,1.0,8,8.0,1.0,3.0,1.0,2.0
39.0,1.0,22.0,1.0,5,8.0,0.0,40.0,2.0,6.0
29.0,4.0,22.0,1.0,11,8.0,1.0,41.0,1.0,1.0
65.0,7.0,19.0,1.0,1,8.0,1.0,48.0,2.0,1.0
44.0,7.0,19.0,1.0,15,8.0,1.0,50.0,1.0,1.0
22.0,1.0,19.0,5.0,22,8.0,2.0,15.0,2.0,1.0
23.0,1.0,19.0,5.0,22,8.0,13.0,40.0,1.0,1.0
18.0,1.0,16.0,5.0,15,8.0,2.0,16.0,1.0,1.0
30.0,1.0,16.0,5.0,15,8.0,11.0,40.0,1.0,1.0
60.0,6.0,16.0,5.0,8,8.0,13.0,40.0,1.0,1.0
21.0,3.0,20.0,5.0,16,8.0,2.0,25.0,2.0,9.0
23.0,1.0,19.0,5.0,3,8.0,13.0,39.0,1.0,1.0
65.0,4.0,24.0,4.0,7,8.0,0.0,60.0,1.0,1.0
23.0,3.0,21.0,5.0,8,8.0,2.0,15.0,1.0,8.0
22.0,1.0,18.0,5.0,16,8.0,2.0,40.0,1.0,1.0
57.0,1.0,15.0,5.0,12,8.0,2.0,40.0,2.0,1.0
39.0,1.0,16.0,1.0,12,9.0,2.0,40.0,2.0,8.0
43.0,1.0,18.0,1.0,13,8.0,1.0,40.0,1.0,8.0
51.0,5.0,21.0,1.0,4,8.0,0.0,40.0,2.0,1.0
55.0,1.0,20.0,1.0,0,8.0,9.0,45.0,1.0,1.0
42.0,2.0,22.0,1.0,2,10.0,0.0,40.0,1.0,2.0
33.0,1.0,21.0,5.0,14,8.0,2.0,40.0,2.0,1.0
50.0,4.0,21.0,1.0,16,8.0,9.0,40.0,1.0,6.0
64.0,1.0,20.0,1.0,22,8.0,0.0,50.0,1.0,1.0
31.0,1.0,21.0,1.0,0,8.0,0.0,45.0,1.0,1.0
59.0,6.0,19.0,1.0,13,8.0,0.0,40.0,1.0,1.0
40.0,7.0,18.0,1.0,18,8.0,1.0,45.0,1.0,1.0
61.0,7.0,16.0,3.0,8,8.0,0.0,50.0,2.0,1.0
29.0,2.0,22.0,1.0,7,8.0,1.0,40.0,2.0,6.0
34.0,2.0,1.0,1.0,22,9.0,1.0,50.0,1.0,8.0
31.0,2.0,21.0,1.0,0,8.0,0.0,40.0,2.0,1.0
20.0,1.0,16.0,5.0,12,9.0,2.0,38.0,2.0,8.0
18.0,1.0,18.0,5.0,13,8.0,17.0,15.0,1.0,6.0
31.0,2.0,22.0,1.0,7,5.0,1.0,55.0,2.0,6.0
46.0,1.0,16.0,1.0,0,4.0,1.0,42.0,2.0,6.0
61.0,1.0,21.0,1.0,1,8.0,0.0,40.0,1.0,1.0
41.0,1.0,20.0,1.0,9,8.0,0.0,36.0,2.0,1.0
47.0,6.0,17.0,1.0,0,4.0,1.0,25.0,1.0,6.0
29.0,1.0,21.0,5.0,12,8.0,0.0,32.0,2.0,2.0
29.0,1.0,21.0,1.0,16,8.0,1.0,20.0,2.0,1.0
55.0,1.0,21.0,1.0,3,5.0,0.0,40.0,1.0,1.0
31.0,5.0,20.0,3.0,16,8.0,0.0,40.0,2.0,9.0
68.0,1.0,19.0,1.0,11,8.0,1.0,40.0,2.0,1.0
21.0,1.0,19.0,5.0,18,8.0,2.0,20.0,1.0,8.0
25.0,3.0,21.0,5.0,7,8.0,2.0,10.0,2.0,1.0
25.0,1.0,21.0,5.0,12,8.0,2.0,30.0,1.0,1.0
49.0,1.0,12.0,1.0,12,9.0,0.0,35.0,1.0,1.0
26.0,2.0,21.0,5.0,6,8.0,0.0,40.0,2.0,9.0
25.0,6.0,21.0,5.0,8,8.0,12.0,40.0,1.0,1.0
33.0,1.0,21.0,5.0,12,8.0,0.0,35.0,1.0,1.0
48.0,7.0,19.0,3.0,15,12.0,0.0,25.0,1.0,1.0
63.0,2.0,19.0,1.0,16,8.0,1.0,38.0,2.0,1.0
63.0,6.0,7.0,1.0,22,9.0,6.0,25.0,1.0,1.0
37.0,1.0,16.0,1.0,22,8.0,0.0,48.0,1.0,9.0
47.0,1.0,12.0,1.0,20,8.0,1.0,40.0,1.0,1.0
58.0,2.0,22.0,4.0,0,8.0,5.0,4.0,1.0,2.0
48.0,1.0,22.0,1.0,15,5.0,1.0,50.0,2.0,6.0
55.0,4.0,23.0,4.0,7,8.0,0.0,40.0,2.0,1.0
48.0,1.0,1.0,1.0,14,6.0,1.0,40.0,2.0,6.0
57.0,1.0,16.0,1.0,20,8.0,1.0,40.0,1.0,1.0
20.0,1.0,17.0,1.0,16,9.0,0.0,40.0,1.0,8.0
17.0,1.0,15.0,5.0,7,8.0,2.0,4.0,1.0,6.0
41.0,7.0,21.0,1.0,0,0.0,12.0,40.0,1.0,1.0
28.0,1.0,19.0,5.0,16,8.0,0.0,40.0,2.0,1.0
68.0,3.0,22.0,3.0,7,8.0,0.0,50.0,2.0,1.0
53.0,1.0,21.0,1.0,9,6.0,1.0,36.0,2.0,6.0
50.0,2.0,19.0,1.0,16,8.0,0.0,40.0,2.0,1.0
29.0,2.0,20.0,3.0,11,8.0,2.0,45.0,1.0,1.0
18.0,5.0,16.0,5.0,15,8.0,17.0,18.0,1.0,1.0
47.0,4.0,22.0,1.0,0,8.0,0.0,45.0,1.0,6.0
29.0,2.0,22.0,5.0,7,8.0,2.0,19.0,2.0,6.0
29.0,1.0,21.0,5.0,0,8.0,13.0,30.0,1.0,1.0
42.0,1.0,21.0,1.0,3,4.0,1.0,40.0,2.0,6.0
61.0,7.0,21.0,1.0,1,8.0,1.0,55.0,1.0,1.0
52.0,2.0,1.0,1.0,21,9.0,15.0,40.0,1.0,1.0
48.0,1.0,21.0,1.0,0,8.0,0.0,50.0,1.0,1.0
67.0,1.0,9.0,1.0,13,9.0,1.0,40.0,1.0,8.0
63.0,7.0,9.0,1.0,13,9.0,1.0,20.0,2.0,1.0
39.0,4.0,21.0,1.0,1,8.0,1.0,40.0,1.0,1.0
51.0,1.0,24.0,1.0,9,3.0,1.0,40.0,2.0,2.0
54.0,2.0,16.0,1.0,10,5.0,1.0,36.0,2.0,1.0
39.0,1.0,21.0,1.0,4,8.0,0.0,47.0,1.0,1.0
58.0,6.0,21.0,1.0,15,6.0,0.0,40.0,1.0,6.0
20.0,1.0,19.0,5.0,12,8.0,17.0,27.0,2.0,1.0
22.0,2.0,11.0,5.0,17,9.0,2.0,40.0,1.0,8.0
57.0,1.0,16.0,5.0,22,8.0,0.0,40.0,2.0,1.0
33.0,2.0,21.0,1.0,2,8.0,1.0,35.0,2.0,7.0
46.0,7.0,16.0,1.0,22,8.0,0.0,80.0,1.0,1.0
41.0,3.0,18.0,1.0,0,8.0,0.0,56.0,1.0,1.0
55.0,1.0,13.0,2.0,21,8.0,6.0,40.0,2.0,8.0
30.0,1.0,20.0,5.0,15,8.0,2.0,40.0,2.0,8.0
56.0,1.0,21.0,3.0,2,8.0,0.0,40.0,1.0,1.0
66.0,1.0,21.0,1.0,11,8.0,0.0,45.0,1.0,1.0
34.0,1.0,21.0,1.0,0,8.0,1.0,40.0,1.0,1.0
65.0,1.0,18.0,1.0,14,8.0,0.0,32.0,1.0,1.0
57.0,1.0,15.0,1.0,22,9.0,1.0,40.0,1.0,1.0
62.0,1.0,21.0,1.0,0,8.0,0.0,40.0,1.0,1.0
49.0,3.0,21.0,5.0,7,8.0,0.0,18.0,2.0,2.0
18.0,1.0,16.0,5.0,21,8.0,5.0,16.0,2.0,8.0
30.0,1.0,19.0,5.0,16,4.0,11.0,40.0,1.0,6.0
53.0,1.0,21.0,1.0,0,8.0,1.0,50.0,2.0,1.0
53.0,1.0,20.0,5.0,0,8.0,0.0,40.0,2.0,1.0
60.0,1.0,21.0,1.0,3,8.0,0.0,40.0,1.0,7.0
29.0,1.0,21.0,5.0,16,8.0,0.0,20.0,1.0,8.0
20.0,1.0,16.0,5.0,21,8.0,2.0,1.0,1.0,2.0
62.0,1.0,20.0,1.0,9,4.0,0.0,40.0,2.0,6.0
24.0,1.0,20.0,5.0,9,8.0,2.0,40.0,1.0,6.0
52.0,1.0,19.0,1.0,16,8.0,1.0,20.0,2.0,1.0
43.0,1.0,18.0,1.0,21,8.0,0.0,40.0,1.0,1.0
65.0,1.0,21.0,3.0,2,8.0,0.0,40.0,2.0,1.0
52.0,1.0,18.0,1.0,15,8.0,0.0,6.0,2.0,1.0
22.0,3.0,21.0,5.0,7,8.0,2.0,40.0,2.0,1.0
39.0,1.0,19.0,5.0,22,9.0,0.0,50.0,1.0,1.0
59.0,3.0,20.0,4.0,4,9.0,0.0,40.0,2.0,1.0
20.0,1.0,19.0,5.0,21,8.0,2.0,8.0,1.0,1.0
54.0,1.0,20.0,1.0,3,2.0,0.0,64.0,1.0,1.0
66.0,1.0,20.0,1.0,15,8.0,0.0,12.0,1.0,1.0
27.0,1.0,22.0,1.0,1,9.0,1.0,40.0,2.0,6.0
24.0,1.0,21.0,5.0,9,8.0,2.0,40.0,2.0,1.0
61.0,1.0,19.0,3.0,9,4.0,13.0,40.0,1.0,6.0
57.0,1.0,21.0,1.0,4,4.0,0.0,50.0,1.0,6.0
54.0,3.0,16.0,1.0,16,6.0,1.0,40.0,2.0,6.0
32.0,1.0,19.0,5.0,15,8.0,10.0,40.0,1.0,1.0
39.0,1.0,21.0,5.0,2,8.0,13.0,40.0,1.0,1.0
46.0,1.0,21.0,5.0,0,8.0,0.0,40.0,1.0,1.0
49.0,6.0,19.0,1.0,20,8.0,0.0,40.0,1.0,9.0
47.0,7.0,17.0,5.0,0,8.0,0.0,60.0,1.0,1.0
28.0,1.0,22.0,5.0,0,8.0,12.0,40.0,2.0,1.0
61.0,1.0,9.0,3.0,12,9.0,5.0,25.0,1.0,8.0
64.0,1.0,21.0,1.0,15,4.0,15.0,21.0,1.0,6.0
61.0,1.0,23.0,1.0,7,8.0,1.0,40.0,2.0,1.0
38.0,1.0,21.0,1.0,4,6.0,1.0,40.0,1.0,6.0
34.0,3.0,16.0,1.0,18,9.0,0.0,40.0,1.0,1.0
35.0,1.0,15.0,1.0,22,8.0,1.0,40.0,1.0,9.0
34.0,1.0,21.0,1.0,8,8.0,0.0,40.0,2.0,6.0
79.0,7.0,23.0,1.0,7,8.0,10.0,15.0,1.0,1.0
51.0,5.0,19.0,3.0,13,8.0,0.0,17.0,2.0,3.0
57.0,1.0,17.0,1.0,22,8.0,1.0,60.0,1.0,1.0
20.0,1.0,18.0,5.0,16,8.0,2.0,24.0,2.0,1.0
42.0,1.0,19.0,3.0,10,8.0,10.0,35.0,2.0,9.0
61.0,6.0,19.0,1.0,8,8.0,1.0,40.0,2.0,1.0
18.0,1.0,16.0,5.0,12,8.0,2.0,20.0,2.0,1.0
28.0,1.0,21.0,1.0,7,8.0,0.0,20.0,2.0,1.0
57.0,4.0,22.0,5.0,0,8.0,0.0,50.0,2.0,1.0
20.0,5.0,16.0,1.0,23,8.0,0.0,40.0,2.0,1.0
36.0,2.0,21.0,1.0,0,8.0,1.0,25.0,2.0,1.0
38.0,1.0,7.0,5.0,13,9.0,0.0,40.0,2.0,8.0
54.0,3.0,16.0,1.0,22,8.0,1.0,40.0,1.0,1.0
62.0,7.0,19.0,3.0,22,6.0,0.0,35.0,1.0,6.0
36.0,3.0,18.0,5.0,14,8.0,2.0,40.0,2.0,8.0
60.0,1.0,15.0,2.0,15,8.0,6.0,16.0,2.0,1.0
34.0,1.0,22.0,1.0,16,8.0,0.0,30.0,1.0,1.0
67.0,1.0,7.0,1.0,10,9.0,1.0,20.0,2.0,9.0
53.0,3.0,18.0,1.0,11,9.0,0.0,40.0,1.0,1.0
54.0,6.0,18.0,1.0,22,8.0,0.0,50.0,1.0,1.0
37.0,1.0,7.0,5.0,18,9.0,12.0,50.0,1.0,8.0
28.0,1.0,19.0,5.0,0,8.0,2.0,40.0,1.0,1.0
40.0,1.0,16.0,1.0,13,9.0,1.0,40.0,2.0,8.0
60.0,3.0,19.0,1.0,16,8.0,1.0,40.0,2.0,1.0
83.0,6.0,21.0,1.0,16,8.0,0.0,20.0,1.0,1.0
38.0,5.0,21.0,1.0,23,8.0,0.0,45.0,1.0,1.0
44.0,1.0,19.0,3.0,13,9.0,13.0,27.0,2.0,1.0
50.0,1.0,16.0,1.0,15,8.0,1.0,40.0,2.0,1.0
67.0,1.0,16.0,3.0,16,8.0,0.0,35.0,2.0,6.0
55.0,2.0,19.0,1.0,0,8.0,1.0,40.0,1.0,1.0
41.0,1.0,20.0,1.0,16,8.0,1.0,12.0,2.0,9.0
35.0,1.0,22.0,3.0,3,7.0,0.0,40.0,1.0,1.0
31.0,1.0,16.0,5.0,11,8.0,2.0,40.0,1.0,8.0
33.0,1.0,21.0,5.0,12,8.0,12.0,35.0,1.0,1.0
32.0,1.0,22.0,5.0,2,8.0,0.0,40.0,1.0,6.0
62.0,1.0,20.0,1.0,11,8.0,0.0,40.0,1.0,9.0
38.0,2.0,21.0,1.0,0,8.0,0.0,45.0,2.0,1.0
58.0,7.0,1.0,1.0,16,9.0,1.0,40.0,2.0,8.0
29.0,1.0,21.0,1.0,9,8.0,1.0,32.0,2.0,6.0
37.0,1.0,6.0,5.0,21,8.0,2.0,40.0,1.0,1.0
73.0,6.0,18.0,1.0,8,8.0,1.0,20.0,2.0,1.0
38.0,1.0,16.0,5.0,11,8.0,0.0,40.0,2.0,9.0
68.0,1.0,16.0,1.0,15,8.0,1.0,40.0,2.0,1.0
22.0,1.0,21.0,5.0,15,8.0,2.0,40.0,1.0,5.0
38.0,1.0,22.0,1.0,7,8.0,0.0,25.0,1.0,1.0
42.0,6.0,15.0,1.0,18,6.0,1.0,48.0,1.0,6.0
24.0,1.0,21.0,5.0,7,8.0,7.0,30.0,2.0,1.0
29.0,1.0,21.0,5.0,21,8.0,2.0,40.0,1.0,6.0
42.0,2.0,22.0,1.0,7,8.0,1.0,40.0,2.0,8.0
48.0,1.0,16.0,1.0,0,5.0,0.0,40.0,1.0,9.0
43.0,1.0,21.0,1.0,15,8.0,1.0,50.0,2.0,1.0
30.0,1.0,19.0,1.0,0,8.0,1.0,40.0,2.0,1.0
47.0,1.0,19.0,1.0,22,8.0,1.0,70.0,1.0,2.0
29.0,1.0,16.0,5.0,15,8.0,0.0,35.0,2.0,1.0
27.0,4.0,21.0,3.0,16,8.0,0.0,40.0,2.0,1.0
33.0,1.0,19.0,5.0,12,6.0,2.0,40.0,2.0,6.0
31.0,1.0,19.0,1.0,7,4.0,0.0,40.0,2.0,6.0
52.0,3.0,21.0,1.0,7,8.0,0.0,40.0,1.0,1.0
57.0,6.0,15.0,1.0,18,9.0,0.0,47.0,1.0,1.0
54.0,1.0,1.0,1.0,21,6.0,1.0,80.0,1.0,6.0
51.0,7.0,21.0,3.0,0,8.0,0.0,45.0,2.0,1.0
52.0,3.0,19.0,1.0,0,8.0,0.0,15.0,2.0,1.0
32.0,7.0,22.0,5.0,7,8.0,0.0,20.0,2.0,1.0
25.0,8.0,14.0,5.0,13,8.0,2.0,10.0,1.0,1.0
45.0,7.0,21.0,1.0,1,8.0,0.0,10.0,2.0,6.0
44.0,1.0,16.0,5.0,12,6.0,10.0,35.0,1.0,6.0
56.0,1.0,9.0,1.0,12,9.0,0.0,40.0,1.0,1.0
26.0,1.0,21.0,5.0,8,9.0,2.0,40.0,2.0,1.0
34.0,1.0,17.0,5.0,9,6.0,2.0,40.0,1.0,6.0
30.0,1.0,22.0,5.0,9,4.0,12.0,50.0,2.0,6.0
59.0,1.0,19.0,1.0,22,8.0,0.0,22.0,1.0,1.0
50.0,1.0,16.0,1.0,20,9.0,0.0,40.0,1.0,1.0
37.0,1.0,16.0,5.0,0,9.0,13.0,40.0,1.0,8.0
53.0,8.0,1.0,5.0,10,9.0,0.0,40.0,2.0,8.0
47.0,1.0,21.0,1.0,4,8.0,1.0,42.0,1.0,1.0
56.0,1.0,20.0,1.0,0,8.0,0.0,45.0,2.0,1.0
28.0,1.0,19.0,1.0,8,8.0,0.0,40.0,2.0,1.0
48.0,2.0,20.0,3.0,9,8.0,0.0,40.0,1.0,1.0
39.0,2.0,21.0,1.0,1,8.0,0.0,40.0,2.0,8.0
37.0,3.0,22.0,5.0,1,8.0,0.0,40.0,1.0,1.0
39.0,1.0,18.0,1.0,15,8.0,1.0,40.0,2.0,1.0
20.0,5.0,16.0,5.0,20,8.0,17.0,40.0,1.0,2.0
39.0,1.0,21.0,1.0,16,7.0,0.0,40.0,2.0,1.0
38.0,1.0,21.0,3.0,1,8.0,0.0,40.0,2.0,1.0
20.0,1.0,19.0,5.0,11,8.0,12.0,16.0,2.0,1.0
33.0,1.0,16.0,5.0,18,8.0,13.0,40.0,1.0,1.0
35.0,1.0,21.0,5.0,1,8.0,2.0,50.0,2.0,2.0
36.0,1.0,3.0,1.0,13,8.0,0.0,40.0,1.0,8.0
24.0,1.0,16.0,5.0,12,8.0,2.0,35.0,2.0,1.0
40.0,3.0,22.0,1.0,7,0.0,0.0,37.0,2.0,9.0
71.0,1.0,21.0,1.0,9,8.0,1.0,32.0,2.0,1.0
29.0,5.0,19.0,5.0,11,8.0,2.0,40.0,2.0,8.0
27.0,1.0,12.0,1.0,21,9.0,9.0,47.0,1.0,8.0
50.0,5.0,18.0,3.0,22,8.0,0.0,40.0,1.0,1.0
49.0,1.0,21.0,1.0,8,8.0,1.0,40.0,2.0,6.0
34.0,1.0,21.0,1.0,0,8.0,0.0,30.0,2.0,1.0
46.0,4.0,18.0,5.0,16,8.0,0.0,40.0,2.0,1.0
53.0,1.0,21.0,2.0,7,8.0,15.0,60.0,2.0,1.0
25.0,1.0,16.0,5.0,16,8.0,12.0,32.0,2.0,1.0
53.0,1.0,19.0,1.0,15,8.0,0.0,50.0,1.0,1.0
32.0,1.0,21.0,5.0,7,8.0,0.0,40.0,2.0,6.0
34.0,7.0,22.0,1.0,22,14.0,1.0,30.0,1.0,2.0
26.0,4.0,21.0,1.0,7,4.0,1.0,40.0,2.0,6.0
38.0,6.0,21.0,3.0,21,8.0,10.0,20.0,1.0,1.0
67.0,3.0,21.0,3.0,13,9.0,0.0,40.0,1.0,8.0
59.0,2.0,24.0,5.0,7,8.0,0.0,30.0,1.0,1.0
31.0,2.0,21.0,1.0,1,8.0,1.0,25.0,2.0,8.0
39.0,1.0,19.0,3.0,15,9.0,0.0,35.0,2.0,8.0
54.0,1.0,21.0,5.0,16,8.0,0.0,35.0,2.0,1.0
62.0,7.0,21.0,1.0,9,9.0,1.0,30.0,2.0,1.0
50.0,1.0,21.0,1.0,21,6.0,0.0,40.0,1.0,6.0
48.0,1.0,16.0,1.0,18,8.0,0.0,40.0,1.0,1.0
47.0,2.0,19.0,3.0,10,8.0,0.0,40.0,2.0,1.0
27.0,1.0,21.0,5.0,12,8.0,13.0,20.0,1.0,9.0
65.0,6.0,21.0,1.0,16,8.0,0.0,20.0,1.0,6.0
18.0,1.0,16.0,5.0,22,8.0,7.0,32.0,1.0,1.0
63.0,1.0,21.0,1.0,0,8.0,1.0,40.0,1.0,2.0
27.0,1.0,21.0,5.0,0,8.0,2.0,60.0,1.0,6.0
24.0,1.0,19.0,5.0,15,8.0,2.0,30.0,1.0,6.0
63.0,1.0,16.0,1.0,1,8.0,1.0,50.0,2.0,1.0
38.0,1.0,16.0,1.0,18,8.0,0.0,45.0,1.0,1.0
22.0,1.0,19.0,5.0,16,5.0,5.0,40.0,1.0,1.0
48.0,1.0,16.0,5.0,21,9.0,10.0,40.0,1.0,1.0
20.0,1.0,18.0,5.0,12,4.0,2.0,28.0,1.0,6.0
20.0,1.0,18.0,5.0,16,9.0,10.0,25.0,1.0,1.0
58.0,1.0,19.0,5.0,22,8.0,0.0,40.0,1.0,1.0
37.0,1.0,21.0,3.0,1,8.0,0.0,45.0,1.0,1.0
36.0,5.0,17.0,1.0,11,8.0,1.0,40.0,1.0,8.0
29.0,1.0,21.0,1.0,1,8.0,1.0,40.0,2.0,6.0
60.0,1.0,18.0,1.0,16,8.0,0.0,40.0,2.0,1.0
55.0,3.0,21.0,1.0,7,8.0,1.0,40.0,2.0,1.0
55.0,1.0,20.0,3.0,18,8.0,0.0,40.0,1.0,1.0
68.0,1.0,19.0,5.0,16,8.0,0.0,40.0,2.0,1.0
39.0,1.0,16.0,5.0,21,4.0,0.0,8.0,2.0,6.0
75.0,7.0,15.0,1.0,15,8.0,1.0,50.0,1.0,1.0
34.0,3.0,22.0,1.0,9,8.0,0.0,40.0,2.0,9.0
36.0,1.0,19.0,3.0,9,8.0,12.0,50.0,1.0,1.0
19.0,1.0,13.0,5.0,15,8.0,2.0,10.0,1.0,9.0
39.0,1.0,17.0,5.0,12,8.0,2.0,32.0,2.0,1.0
51.0,1.0,21.0,1.0,15,8.0,2.0,50.0,1.0,1.0
32.0,2.0,24.0,1.0,0,8.0,0.0,30.0,1.0,1.0
56.0,6.0,20.0,3.0,0,8.0,0.0,40.0,2.0,1.0
31.0,1.0,19.0,3.0,15,8.0,12.0,40.0,1.0,1.0
46.0,1.0,21.0,1.0,15,0.0,0.0,5.0,2.0,1.0
43.0,1.0,19.0,1.0,16,8.0,0.0,40.0,2.0,1.0
43.0,2.0,20.0,3.0,16,8.0,0.0,40.0,2.0,1.0
46.0,6.0,14.0,1.0,21,8.0,1.0,40.0,1.0,1.0
64.0,1.0,1.0,1.0,13,9.0,10.0,40.0,2.0,1.0
21.0,1.0,18.0,5.0,21,8.0,2.0,40.0,1.0,8.0
31.0,1.0,19.0,5.0,15,8.0,0.0,60.0,1.0,1.0
55.0,1.0,19.0,1.0,16,8.0,1.0,22.0,2.0,1.0
50.0,5.0,22.0,1.0,1,8.0,0.0,40.0,2.0,1.0
42.0,3.0,19.0,1.0,15,8.0,1.0,40.0,2.0,1.0
34.0,2.0,21.0,1.0,7,8.0,5.0,40.0,1.0,6.0
40.0,1.0,21.0,5.0,16,8.0,0.0,60.0,1.0,1.0
26.0,1.0,17.0,5.0,22,8.0,2.0,40.0,1.0,8.0
47.0,1.0,9.0,1.0,17,9.0,0.0,40.0,2.0,8.0
43.0,1.0,21.0,1.0,0,8.0,0.0,40.0,1.0,9.0
23.0,1.0,16.0,1.0,15,8.0,10.0,45.0,2.0,1.0
63.0,3.0,16.0,1.0,16,8.0,1.0,40.0,2.0,1.0
60.0,3.0,18.0,1.0,10,8.0,1.0,32.0,2.0,1.0
43.0,1.0,21.0,1.0,15,8.0,1.0,15.0,2.0,1.0
42.0,2.0,16.0,1.0,16,8.0,1.0,45.0,2.0,8.0
27.0,1.0,3.0,5.0,16,8.0,12.0,40.0,1.0,2.0
20.0,5.0,19.0,5.0,23,8.0,17.0,40.0,1.0,1.0
53.0,1.0,8.0,1.0,17,9.0,1.0,40.0,2.0,1.0
77.0,1.0,1.0,5.0,12,9.0,10.0,40.0,2.0,8.0
56.0,1.0,17.0,5.0,0,8.0,13.0,50.0,1.0,1.0
31.0,1.0,21.0,5.0,22,8.0,2.0,20.0,1.0,6.0
26.0,6.0,19.0,1.0,13,8.0,0.0,40.0,1.0,8.0
24.0,1.0,9.0,5.0,17,9.0,5.0,60.0,1.0,1.0
49.0,1.0,17.0,1.0,0,8.0,0.0,43.0,1.0,1.0
48.0,1.0,19.0,5.0,22,8.0,0.0,60.0,1.0,1.0
20.0,4.0,16.0,5.0,10,9.0,5.0,27.0,1.0,8.0
70.0,7.0,23.0,3.0,7,8.0,0.0,50.0,1.0,1.0
56.0,6.0,23.0,4.0,7,8.0,0.0,60.0,1.0,1.0
26.0,1.0,16.0,1.0,12,9.0,5.0,30.0,2.0,1.0
62.0,6.0,23.0,1.0,9,4.0,0.0,36.0,1.0,6.0
21.0,2.0,19.0,5.0,7,8.0,0.0,30.0,1.0,1.0
32.0,1.0,21.0,1.0,3,5.0,1.0,40.0,2.0,6.0
59.0,1.0,18.0,1.0,15,8.0,0.0,40.0,1.0,1.0
45.0,8.0,9.0,5.0,12,9.0,5.0,36.0,2.0,1.0
51.0,1.0,17.0,1.0,10,9.0,1.0,20.0,2.0,1.0
42.0,1.0,20.0,1.0,22,8.0,1.0,30.0,2.0,1.0
52.0,2.0,19.0,1.0,16,8.0,0.0,37.0,2.0,9.0
23.0,1.0,21.0,5.0,12,8.0,2.0,32.0,2.0,1.0
30.0,1.0,16.0,1.0,15,5.0,2.0,40.0,1.0,6.0
42.0,1.0,16.0,1.0,17,9.0,12.0,50.0,1.0,8.0
25.0,6.0,19.0,5.0,22,8.0,2.0,40.0,2.0,2.0
38.0,4.0,22.0,5.0,7,8.0,0.0,40.0,1.0,1.0
23.0,1.0,19.0,5.0,0,8.0,0.0,40.0,1.0,1.0
25.0,1.0,19.0,5.0,15,8.0,2.0,20.0,2.0,6.0
31.0,6.0,16.0,5.0,14,8.0,0.0,20.0,1.0,1.0
42.0,1.0,9.0,5.0,22,9.0,12.0,40.0,1.0,8.0
74.0,6.0,24.0,1.0,7,8.0,0.0,50.0,1.0,1.0
66.0,1.0,18.0,1.0,16,8.0,1.0,40.0,2.0,1.0
40.0,1.0,18.0,1.0,15,8.0,1.0,21.0,2.0,1.0
64.0,1.0,19.0,1.0,11,8.0,0.0,70.0,1.0,1.0
55.0,1.0,19.0,1.0,0,8.0,1.0,40.0,1.0,1.0
41.0,1.0,21.0,1.0,1,8.0,0.0,35.0,2.0,1.0
71.0,1.0,20.0,2.0,0,8.0,0.0,95.0,2.0,1.0
27.0,2.0,21.0,5.0,15,8.0,2.0,40.0,2.0,6.0
20.0,1.0,19.0,5.0,15,8.0,17.0,20.0,2.0,1.0
51.0,3.0,23.0,1.0,7,8.0,0.0,50.0,2.0,1.0
50.0,1.0,19.0,1.0,12,9.0,1.0,40.0,1.0,8.0
31.0,3.0,21.0,5.0,2,7.0,5.0,40.0,2.0,1.0
44.0,1.0,21.0,1.0,3,8.0,0.0,45.0,1.0,1.0
32.0,6.0,18.0,5.0,0,9.0,0.0,8.0,1.0,2.0
54.0,6.0,13.0,3.0,15,4.0,0.0,30.0,2.0,6.0
49.0,1.0,18.0,1.0,17,8.0,1.0,16.0,2.0,9.0
64.0,1.0,1.0,1.0,22,9.0,0.0,40.0,2.0,8.0
50.0,1.0,18.0,1.0,15,8.0,1.0,20.0,2.0,1.0
45.0,6.0,19.0,5.0,4,9.0,0.0,40.0,2.0,1.0
27.0,1.0,16.0,5.0,16,8.0,10.0,38.0,2.0,8.0
40.0,2.0,21.0,1.0,0,15.0,1.0,20.0,1.0,1.0
18.0,1.0,14.0,5.0,13,8.0,16.0,25.0,1.0,1.0
25.0,1.0,18.0,5.0,15,8.0,13.0,25.0,2.0,2.0
32.0,1.0,22.0,1.0,3,5.0,1.0,40.0,1.0,6.0
39.0,1.0,22.0,1.0,8,4.0,0.0,40.0,1.0,6.0
20.0,1.0,18.0,5.0,15,8.0,2.0,20.0,1.0,6.0
40.0,1.0,9.0,1.0,12,9.0,0.0,20.0,2.0,8.0
55.0,3.0,16.0,1.0,18,8.0,1.0,50.0,1.0,1.0
55.0,6.0,16.0,1.0,18,4.0,0.0,60.0,1.0,6.0
29.0,1.0,21.0,5.0,3,8.0,0.0,40.0,1.0,1.0
31.0,1.0,15.0,1.0,14,8.0,2.0,37.0,2.0,1.0
58.0,6.0,21.0,1.0,3,6.0,1.0,2.0,1.0,6.0
26.0,4.0,22.0,5.0,7,8.0,2.0,40.0,2.0,1.0
80.0,6.0,23.0,1.0,7,8.0,0.0,1.0,1.0,1.0
35.0,1.0,24.0,5.0,7,8.0,13.0,40.0,2.0,8.0
38.0,2.0,19.0,1.0,9,8.0,1.0,40.0,2.0,8.0
60.0,1.0,16.0,5.0,22,9.0,0.0,40.0,2.0,1.0
64.0,3.0,23.0,1.0,6,8.0,0.0,32.0,1.0,6.0
41.0,1.0,21.0,1.0,2,8.0,1.0,40.0,2.0,1.0
55.0,3.0,18.0,1.0,16,8.0,1.0,15.0,2.0,1.0
38.0,2.0,22.0,5.0,0,8.0,13.0,40.0,2.0,9.0
63.0,3.0,22.0,1.0,7,8.0,1.0,34.0,2.0,1.0
59.0,5.0,16.0,5.0,12,8.0,5.0,40.0,1.0,1.0
39.0,1.0,18.0,1.0,16,8.0,1.0,40.0,2.0,1.0
24.0,3.0,21.0,1.0,7,8.0,0.0,10.0,2.0,1.0
42.0,1.0,22.0,1.0,0,8.0,0.0,40.0,2.0,1.0
53.0,1.0,22.0,1.0,0,8.0,1.0,50.0,1.0,1.0
54.0,2.0,22.0,1.0,0,6.0,0.0,56.0,1.0,6.0
65.0,1.0,20.0,1.0,0,6.0,5.0,72.0,2.0,6.0
24.0,1.0,14.0,5.0,22,9.0,10.0,40.0,1.0,1.0
49.0,1.0,19.0,5.0,1,8.0,0.0,35.0,1.0,1.0
57.0,1.0,22.0,1.0,3,5.0,0.0,40.0,2.0,6.0
33.0,1.0,22.0,1.0,7,8.0,1.0,45.0,2.0,1.0
45.0,1.0,20.0,1.0,0,9.0,1.0,40.0,2.0,1.0
38.0,1.0,19.0,1.0,7,8.0,1.0,40.0,2.0,1.0
25.0,1.0,18.0,5.0,22,8.0,2.0,40.0,1.0,1.0
45.0,3.0,22.0,1.0,2,8.0,0.0,40.0,2.0,1.0
52.0,1.0,21.0,1.0,9,6.0,1.0,40.0,1.0,6.0
35.0,6.0,21.0,5.0,8,8.0,0.0,35.0,2.0,1.0
31.0,1.0,20.0,1.0,9,8.0,0.0,40.0,2.0,6.0
43.0,6.0,9.0,1.0,18,9.0,1.0,35.0,1.0,1.0
43.0,1.0,18.0,1.0,16,6.0,1.0,40.0,2.0,6.0
42.0,1.0,1.0,1.0,14,6.0,1.0,14.0,2.0,6.0
33.0,1.0,21.0,5.0,7,8.0,2.0,40.0,1.0,1.0
34.0,1.0,17.0,1.0,22,9.0,0.0,38.0,1.0,8.0
52.0,1.0,21.0,4.0,3,0.0,0.0,40.0,1.0,1.0
22.0,1.0,19.0,5.0,15,8.0,2.0,25.0,1.0,1.0
57.0,1.0,21.0,1.0,9,8.0,0.0,40.0,2.0,1.0
24.0,1.0,19.0,5.0,16,8.0,2.0,40.0,1.0,1.0
49.0,1.0,20.0,1.0,16,4.0,0.0,50.0,2.0,6.0
45.0,1.0,19.0,5.0,15,8.0,13.0,30.0,2.0,1.0
25.0,1.0,21.0,1.0,0,8.0,0.0,48.0,1.0,1.0
40.0,1.0,23.0,1.0,7,8.0,0.0,50.0,1.0,1.0
65.0,1.0,1.0,1.0,13,9.0,0.0,26.0,1.0,1.0
50.0,1.0,21.0,3.0,16,8.0,2.0,16.0,1.0,1.0
77.0,4.0,18.0,3.0,16,8.0,0.0,40.0,2.0,1.0
52.0,3.0,21.0,1.0,16,8.0,0.0,20.0,2.0,1.0
42.0,1.0,16.0,1.0,16,8.0,1.0,40.0,2.0,8.0
25.0,1.0,16.0,5.0,8,8.0,12.0,40.0,1.0,1.0
30.0,1.0,19.0,1.0,18,8.0,1.0,50.0,1.0,1.0
37.0,6.0,21.0,5.0,16,7.0,11.0,40.0,1.0,1.0
48.0,3.0,22.0,1.0,7,4.0,0.0,40.0,1.0,6.0
49.0,2.0,16.0,5.0,7,8.0,2.0,40.0,1.0,1.0
50.0,1.0,19.0,5.0,12,8.0,13.0,20.0,2.0,1.0
22.0,1.0,16.0,5.0,12,9.0,12.0,32.0,2.0,8.0
32.0,1.0,21.0,1.0,0,8.0,0.0,50.0,2.0,8.0
28.0,1.0,20.0,1.0,18,8.0,0.0,40.0,1.0,1.0
46.0,7.0,21.0,3.0,0,8.0,0.0,50.0,1.0,1.0
28.0,1.0,16.0,5.0,18,9.0,2.0,45.0,1.0,1.0
68.0,3.0,20.0,1.0,7,8.0,0.0,20.0,2.0,1.0
25.0,1.0,19.0,5.0,22,8.0,2.0,40.0,1.0,1.0
41.0,1.0,20.0,1.0,16,4.0,1.0,5.0,2.0,6.0
46.0,1.0,21.0,2.0,7,8.0,0.0,40.0,2.0,1.0
29.0,1.0,23.0,5.0,16,8.0,13.0,40.0,2.0,6.0
50.0,1.0,21.0,4.0,12,8.0,12.0,33.0,1.0,1.0
62.0,1.0,11.0,1.0,18,9.0,0.0,40.0,1.0,8.0
53.0,1.0,6.0,1.0,22,9.0,0.0,40.0,1.0,8.0
44.0,1.0,5.0,1.0,17,9.0,1.0,24.0,2.0,8.0
59.0,1.0,16.0,1.0,21,8.0,1.0,40.0,1.0,1.0
34.0,1.0,16.0,5.0,18,8.0,2.0,35.0,1.0,8.0
33.0,1.0,19.0,1.0,16,8.0,0.0,40.0,2.0,6.0
28.0,1.0,21.0,5.0,0,8.0,0.0,40.0,1.0,8.0
50.0,4.0,16.0,1.0,11,8.0,0.0,40.0,1.0,1.0
46.0,1.0,22.0,1.0,1,8.0,0.0,50.0,1.0,1.0
40.0,6.0,18.0,1.0,13,9.0,0.0,40.0,2.0,1.0
22.0,1.0,20.0,5.0,16,8.0,10.0,60.0,1.0,1.0
52.0,1.0,20.0,1.0,14,9.0,0.0,15.0,2.0,8.0
52.0,1.0,17.0,1.0,21,7.0,0.0,40.0,1.0,1.0
39.0,1.0,19.0,1.0,15,15.0,0.0,38.0,2.0,7.0
25.0,1.0,22.0,5.0,16,8.0,2.0,40.0,2.0,9.0
43.0,1.0,23.0,1.0,4,9.0,0.0,45.0,2.0,1.0
60.0,1.0,21.0,2.0,0,4.0,6.0,40.0,2.0,1.0
27.0,1.0,17.0,5.0,11,8.0,7.0,8.0,2.0,9.0
30.0,5.0,17.0,1.0,20,8.0,1.0,45.0,1.0,1.0
34.0,1.0,12.0,1.0,12,9.0,0.0,40.0,1.0,1.0
60.0,3.0,21.0,1.0,7,8.0,0.0,8.0,2.0,1.0
49.0,1.0,19.0,5.0,1,2.0,13.0,40.0,1.0,1.0
22.0,2.0,16.0,5.0,16,8.0,12.0,60.0,1.0,8.0
56.0,1.0,21.0,1.0,15,8.0,1.0,30.0,2.0,1.0
31.0,1.0,18.0,5.0,16,8.0,13.0,40.0,2.0,1.0
39.0,1.0,20.0,5.0,11,9.0,0.0,40.0,1.0,8.0
39.0,1.0,21.0,3.0,2,4.0,0.0,40.0,1.0,6.0
56.0,1.0,6.0,1.0,18,9.0,0.0,40.0,1.0,1.0
44.0,1.0,16.0,1.0,14,8.0,1.0,18.0,2.0,1.0
24.0,1.0,21.0,5.0,12,9.0,10.0,40.0,2.0,1.0
30.0,1.0,22.0,1.0,4,5.0,0.0,45.0,1.0,6.0
39.0,1.0,21.0,1.0,0,8.0,1.0,40.0,1.0,1.0
34.0,1.0,16.0,1.0,16,8.0,1.0,40.0,2.0,8.0
27.0,1.0,21.0,1.0,16,9.0,1.0,40.0,2.0,1.0
52.0,6.0,21.0,2.0,8,8.0,2.0,20.0,2.0,1.0
23.0,1.0,16.0,1.0,14,8.0,2.0,20.0,2.0,1.0
25.0,1.0,19.0,5.0,21,8.0,2.0,20.0,1.0,1.0
56.0,1.0,20.0,1.0,7,8.0,1.0,30.0,2.0,1.0
51.0,2.0,22.0,1.0,7,4.0,0.0,30.0,1.0,6.0
55.0,4.0,14.0,3.0,10,8.0,0.0,50.0,1.0,1.0
53.0,1.0,19.0,1.0,0,8.0,1.0,50.0,2.0,1.0
21.0,1.0,16.0,5.0,22,8.0,2.0,40.0,1.0,3.0
28.0,1.0,16.0,5.0,22,8.0,15.0,40.0,1.0,1.0
44.0,7.0,21.0,1.0,2,4.0,0.0,50.0,1.0,6.0
45.0,7.0,20.0,1.0,15,7.0,0.0,50.0,1.0,1.0
60.0,1.0,20.0,1.0,15,0.0,0.0,55.0,2.0,1.0
37.0,3.0,21.0,1.0,16,8.0,2.0,40.0,1.0,6.0
57.0,1.0,21.0,1.0,9,8.0,0.0,36.0,2.0,1.0
72.0,5.0,24.0,1.0,7,5.0,1.0,40.0,2.0,1.0
26.0,1.0,20.0,5.0,16,8.0,15.0,40.0,2.0,1.0
32.0,1.0,19.0,5.0,21,8.0,2.0,40.0,1.0,5.0
74.0,6.0,23.0,1.0,7,8.0,0.0,40.0,1.0,1.0
36.0,1.0,21.0,1.0,1,8.0,1.0,40.0,2.0,1.0
35.0,1.0,20.0,1.0,16,8.0,1.0,40.0,2.0,1.0
42.0,4.0,18.0,1.0,10,8.0,1.0,50.0,2.0,1.0
25.0,1.0,21.0,5.0,3,8.0,2.0,40.0,1.0,6.0
59.0,7.0,21.0,1.0,0,,0.0,50.0,1.0,1.0
30.0,1.0,21.0,5.0,0,8.0,13.0,40.0,1.0,1.0
26.0,1.0,16.0,1.0,9,9.0,10.0,40.0,2.0,1.0
27.0,1.0,20.0,5.0,9,9.0,0.0,36.0,2.0,1.0
31.0,1.0,21.0,3.0,7,8.0,2.0,40.0,2.0,1.0
54.0,7.0,21.0,1.0,2,4.0,0.0,50.0,2.0,6.0
20.0,1.0,19.0,5.0,12,8.0,12.0,40.0,1.0,1.0
63.0,2.0,19.0,5.0,2,8.0,0.0,40.0,2.0,1.0
30.0,1.0,22.0,1.0,0,5.0,1.0,40.0,1.0,6.0
49.0,5.0,19.0,1.0,20,8.0,1.0,40.0,1.0,3.0
57.0,2.0,19.0,1.0,0,8.0,0.0,50.0,1.0,1.0
58.0,1.0,20.0,1.0,15,8.0,1.0,40.0,2.0,1.0
39.0,1.0,1.0,1.0,21,8.0,0.0,40.0,1.0,8.0
62.0,4.0,20.0,1.0,20,8.0,1.0,40.0,1.0,1.0
46.0,7.0,20.0,1.0,0,4.0,0.0,40.0,1.0,6.0
59.0,2.0,22.0,3.0,9,8.0,0.0,38.0,2.0,1.0
24.0,2.0,21.0,5.0,5,9.0,12.0,65.0,1.0,1.0
57.0,2.0,18.0,1.0,16,8.0,0.0,50.0,2.0,1.0
37.0,1.0,15.0,1.0,18,9.0,1.0,40.0,1.0,1.0
57.0,1.0,22.0,1.0,0,8.0,0.0,50.0,1.0,1.0
35.0,3.0,19.0,3.0,16,8.0,13.0,40.0,2.0,1.0
77.0,6.0,19.0,4.0,15,8.0,0.0,35.0,1.0,1.0
25.0,1.0,16.0,5.0,15,8.0,2.0,40.0,1.0,2.0
29.0,6.0,19.0,5.0,18,8.0,13.0,40.0,1.0,1.0
62.0,1.0,22.0,1.0,0,8.0,1.0,50.0,2.0,1.0
27.0,1.0,11.0,5.0,17,9.0,0.0,40.0,1.0,1.0
36.0,1.0,21.0,1.0,4,8.0,0.0,40.0,1.0,6.0
37.0,2.0,21.0,3.0,0,8.0,13.0,40.0,2.0,1.0
26.0,1.0,16.0,5.0,22,6.0,12.0,60.0,1.0,6.0
34.0,3.0,21.0,1.0,11,8.0,0.0,40.0,1.0,1.0
30.0,1.0,15.0,5.0,0,6.0,12.0,40.0,1.0,6.0
54.0,7.0,20.0,1.0,14,8.0,2.0,50.0,2.0,1.0
25.0,1.0,19.0,5.0,22,8.0,5.0,10.0,2.0,8.0
55.0,1.0,19.0,5.0,21,8.0,0.0,60.0,1.0,2.0
30.0,1.0,9.0,5.0,17,9.0,0.0,40.0,2.0,8.0
66.0,1.0,16.0,5.0,13,2.0,5.0,40.0,2.0,1.0
41.0,1.0,21.0,1.0,2,8.0,0.0,50.0,2.0,1.0
29.0,1.0,18.0,1.0,9,8.0,0.0,40.0,2.0,1.0
52.0,2.0,16.0,1.0,15,9.0,15.0,40.0,2.0,8.0
36.0,1.0,19.0,5.0,16,8.0,13.0,90.0,1.0,1.0
33.0,2.0,22.0,1.0,0,8.0,1.0,40.0,2.0,1.0
23.0,1.0,21.0,5.0,4,8.0,0.0,60.0,1.0,1.0
74.0,6.0,20.0,1.0,0,8.0,0.0,35.0,1.0,1.0
45.0,1.0,19.0,1.0,16,8.0,0.0,40.0,2.0,1.0
75.0,6.0,19.0,2.0,15,8.0,0.0,80.0,1.0,1.0
28.0,1.0,16.0,5.0,12,8.0,0.0,38.0,1.0,1.0
36.0,1.0,14.0,5.0,22,9.0,13.0,40.0,1.0,8.0
32.0,3.0,21.0,5.0,0,9.0,10.0,40.0,1.0,1.0
58.0,7.0,1.0,5.0,22,9.0,0.0,70.0,1.0,8.0
52.0,1.0,21.0,3.0,22,8.0,0.0,40.0,1.0,1.0
52.0,1.0,16.0,5.0,15,8.0,0.0,40.0,1.0,1.0
39.0,1.0,22.0,1.0,3,5.0,0.0,40.0,1.0,6.0
67.0,1.0,16.0,1.0,21,8.0,0.0,65.0,1.0,1.0
31.0,2.0,22.0,1.0,7,8.0,0.0,40.0,2.0,1.0
19.0,1.0,16.0,5.0,21,8.0,2.0,40.0,1.0,8.0
23.0,1.0,19.0,5.0,12,8.0,12.0,30.0,2.0,1.0
29.0,1.0,21.0,5.0,2,8.0,15.0,50.0,1.0,1.0
46.0,4.0,23.0,5.0,7,8.0,0.0,40.0,2.0,1.0
39.0,1.0,20.0,1.0,20,9.0,2.0,32.0,1.0,1.0
45.0,1.0,16.0,1.0,15,9.0,1.0,40.0,1.0,8.0
67.0,2.0,21.0,1.0,7,8.0,1.0,22.0,2.0,1.0
67.0,1.0,23.0,1.0,0,8.0,0.0,36.0,1.0,1.0
46.0,1.0,21.0,1.0,1,9.0,0.0,40.0,1.0,8.0
18.0,1.0,16.0,5.0,15,8.0,2.0,20.0,2.0,1.0
53.0,4.0,22.0,1.0,7,8.0,1.0,50.0,1.0,1.0
59.0,7.0,21.0,1.0,2,8.0,1.0,40.0,1.0,1.0
45.0,1.0,19.0,1.0,3,8.0,0.0,60.0,1.0,1.0
46.0,1.0,9.0,5.0,18,9.0,13.0,40.0,1.0,1.0
24.0,1.0,16.0,5.0,12,8.0,2.0,16.0,2.0,6.0
21.0,1.0,16.0,5.0,15,8.0,2.0,20.0,2.0,8.0
42.0,1.0,21.0,3.0,16,8.0,0.0,40.0,2.0,1.0
41.0,1.0,16.0,1.0,18,9.0,1.0,40.0,1.0,1.0
51.0,6.0,21.0,1.0,15,8.0,1.0,30.0,2.0,1.0
29.0,2.0,19.0,5.0,7,8.0,13.0,30.0,2.0,1.0
30.0,2.0,21.0,5.0,7,8.0,0.0,50.0,1.0,1.0
41.0,1.0,17.0,1.0,4,8.0,9.0,40.0,1.0,1.0
61.0,1.0,16.0,1.0,17,8.0,0.0,2.0,2.0,1.0
28.0,1.0,19.0,5.0,15,8.0,0.0,40.0,2.0,6.0
60.0,2.0,18.0,3.0,21,8.0,0.0,40.0,2.0,1.0
63.0,6.0,19.0,1.0,0,8.0,1.0,40.0,1.0,1.0
53.0,1.0,15.0,1.0,13,9.0,0.0,40.0,1.0,8.0
51.0,7.0,21.0,1.0,0,8.0,1.0,45.0,1.0,1.0
47.0,7.0,21.0,1.0,18,8.0,0.0,45.0,1.0,1.0
47.0,1.0,21.0,5.0,15,8.0,0.0,46.0,1.0,6.0
25.0,1.0,21.0,5.0,0,8.0,2.0,40.0,1.0,1.0
54.0,6.0,16.0,1.0,13,9.0,0.0,48.0,1.0,8.0
52.0,1.0,20.0,5.0,0,9.0,5.0,40.0,2.0,8.0
34.0,1.0,16.0,5.0,16,8.0,0.0,40.0,2.0,1.0
43.0,1.0,15.0,5.0,21,8.0,2.0,25.0,1.0,1.0
73.0,1.0,21.0,3.0,2,6.0,0.0,40.0,2.0,6.0
65.0,1.0,21.0,1.0,0,8.0,1.0,40.0,1.0,1.0
26.0,3.0,20.0,5.0,10,8.0,7.0,25.0,1.0,6.0
18.0,1.0,19.0,5.0,16,8.0,17.0,30.0,2.0,1.0
67.0,1.0,19.0,1.0,22,8.0,1.0,40.0,1.0,1.0
45.0,1.0,21.0,3.0,15,4.0,0.0,50.0,1.0,6.0
42.0,1.0,19.0,3.0,18,8.0,2.0,40.0,1.0,1.0
60.0,6.0,21.0,1.0,3,8.0,0.0,1.0,2.0,9.0
57.0,1.0,21.0,1.0,16,0.0,1.0,40.0,2.0,1.0
43.0,1.0,19.0,5.0,0,8.0,0.0,40.0,2.0,1.0
63.0,3.0,19.0,1.0,12,9.0,1.0,15.0,2.0,6.0
22.0,1.0,13.0,5.0,12,8.0,4.0,30.0,2.0,1.0
44.0,3.0,22.0,1.0,0,8.0,0.0,55.0,1.0,8.0
34.0,1.0,13.0,1.0,18,9.0,1.0,40.0,1.0,1.0
33.0,1.0,12.0,1.0,17,9.0,1.0,37.0,1.0,9.0
70.0,1.0,9.0,1.0,20,9.0,0.0,40.0,1.0,1.0
48.0,1.0,15.0,1.0,18,9.0,0.0,40.0,1.0,2.0
20.0,1.0,19.0,5.0,12,5.0,17.0,32.0,1.0,6.0
49.0,1.0,13.0,1.0,12,4.0,1.0,34.0,2.0,6.0
54.0,3.0,18.0,4.0,10,4.0,0.0,37.0,2.0,6.0
61.0,3.0,22.0,1.0,9,8.0,1.0,40.0,2.0,1.0
46.0,1.0,21.0,1.0,10,9.0,1.0,40.0,2.0,8.0
35.0,3.0,20.0,1.0,18,8.0,1.0,40.0,1.0,1.0
65.0,6.0,21.0,1.0,2,8.0,0.0,10.0,2.0,1.0
67.0,3.0,20.0,1.0,16,4.0,1.0,40.0,2.0,6.0
22.0,1.0,16.0,5.0,18,8.0,2.0,40.0,1.0,1.0
58.0,1.0,19.0,1.0,22,8.0,0.0,40.0,1.0,1.0
24.0,1.0,16.0,5.0,16,8.0,0.0,40.0,2.0,8.0
27.0,1.0,21.0,1.0,0,9.0,1.0,40.0,2.0,1.0
36.0,1.0,19.0,1.0,15,8.0,1.0,60.0,1.0,1.0
25.0,1.0,21.0,5.0,12,8.0,11.0,40.0,1.0,1.0
35.0,1.0,21.0,1.0,8,8.0,0.0,50.0,2.0,1.0
30.0,7.0,16.0,1.0,15,8.0,0.0,40.0,1.0,9.0
31.0,1.0,21.0,1.0,21,8.0,0.0,40.0,1.0,1.0
46.0,4.0,21.0,1.0,5,8.0,5.0,40.0,2.0,1.0
58.0,1.0,9.0,1.0,18,9.0,0.0,40.0,1.0,8.0
30.0,1.0,21.0,1.0,15,8.0,0.0,41.0,2.0,1.0
30.0,3.0,16.0,5.0,16,8.0,2.0,40.0,2.0,8.0
40.0,4.0,19.0,3.0,0,8.0,0.0,45.0,2.0,1.0
38.0,7.0,22.0,1.0,0,5.0,0.0,40.0,1.0,6.0
34.0,3.0,17.0,5.0,18,8.0,12.0,40.0,1.0,1.0
31.0,1.0,16.0,1.0,18,9.0,1.0,40.0,1.0,1.0
23.0,3.0,19.0,5.0,7,8.0,12.0,18.0,2.0,8.0
21.0,1.0,19.0,5.0,15,8.0,2.0,40.0,1.0,1.0
41.0,1.0,16.0,4.0,13,9.0,10.0,40.0,2.0,1.0
65.0,7.0,16.0,1.0,13,8.0,0.0,50.0,1.0,1.0
37.0,1.0,23.0,5.0,0,8.0,0.0,50.0,2.0,1.0
32.0,1.0,24.0,1.0,5,4.0,0.0,50.0,1.0,6.0
35.0,6.0,19.0,1.0,0,8.0,0.0,20.0,2.0,1.0
26.0,6.0,14.0,5.0,13,9.0,15.0,30.0,1.0,8.0
60.0,1.0,21.0,1.0,0,8.0,1.0,45.0,1.0,9.0
67.0,6.0,18.0,1.0,13,8.0,0.0,60.0,1.0,1.0
29.0,1.0,16.0,3.0,16,8.0,15.0,40.0,2.0,1.0
51.0,6.0,22.0,3.0,14,4.0,0.0,30.0,2.0,6.0
49.0,1.0,19.0,1.0,0,8.0,0.0,38.0,1.0,1.0
43.0,3.0,23.0,1.0,7,8.0,1.0,40.0,2.0,1.0
46.0,3.0,19.0,1.0,21,8.0,9.0,45.0,1.0,1.0
81.0,6.0,16.0,1.0,0,8.0,1.0,4.0,1.0,1.0
41.0,1.0,20.0,5.0,11,8.0,11.0,40.0,1.0,9.0
48.0,7.0,21.0,1.0,15,5.0,2.0,40.0,2.0,6.0
23.0,3.0,16.0,5.0,12,8.0,2.0,15.0,1.0,1.0
64.0,1.0,16.0,5.0,8,8.0,0.0,3.0,1.0,1.0
31.0,4.0,21.0,1.0,7,8.0,1.0,60.0,1.0,1.0
66.0,2.0,22.0,1.0,6,8.0,0.0,45.0,1.0,1.0
33.0,1.0,21.0,5.0,1,8.0,0.0,40.0,1.0,1.0
47.0,3.0,22.0,1.0,7,8.0,0.0,40.0,2.0,2.0
62.0,6.0,23.0,5.0,7,8.0,0.0,25.0,1.0,8.0
71.0,1.0,21.0,5.0,0,8.0,0.0,20.0,1.0,1.0
40.0,1.0,17.0,5.0,4,8.0,12.0,40.0,1.0,1.0
45.0,4.0,19.0,1.0,18,8.0,0.0,40.0,1.0,8.0
52.0,4.0,22.0,1.0,11,8.0,1.0,48.0,1.0,2.0
47.0,6.0,22.0,1.0,15,5.0,2.0,40.0,2.0,6.0
20.0,1.0,16.0,5.0,21,8.0,2.0,40.0,1.0,1.0
17.0,1.0,14.0,5.0,12,8.0,2.0,20.0,1.0,3.0
28.0,1.0,19.0,1.0,11,9.0,1.0,36.0,1.0,8.0
18.0,1.0,16.0,5.0,7,8.0,17.0,24.0,1.0,1.0
27.0,6.0,21.0,5.0,7,8.0,2.0,30.0,1.0,1.0
51.0,5.0,21.0,1.0,9,6.0,0.0,40.0,1.0,6.0
57.0,3.0,23.0,1.0,7,8.0,1.0,50.0,2.0,1.0
42.0,2.0,23.0,1.0,9,8.0,0.0,20.0,1.0,6.0
51.0,1.0,6.0,1.0,22,9.0,0.0,40.0,1.0,8.0
51.0,7.0,15.0,1.0,0,3.0,0.0,50.0,1.0,1.0
39.0,3.0,16.0,1.0,9,8.0,1.0,40.0,2.0,1.0
43.0,1.0,15.0,1.0,22,9.0,0.0,50.0,1.0,8.0
37.0,1.0,16.0,1.0,8,8.0,0.0,40.0,1.0,1.0
19.0,3.0,16.0,5.0,14,8.0,2.0,35.0,2.0,1.0
43.0,1.0,16.0,1.0,18,9.0,1.0,40.0,1.0,8.0
64.0,7.0,16.0,1.0,0,8.0,0.0,55.0,1.0,1.0
47.0,4.0,21.0,1.0,7,0.0,1.0,40.0,2.0,1.0
40.0,1.0,16.0,1.0,15,4.0,1.0,3.0,2.0,6.0
35.0,1.0,20.0,5.0,4,8.0,0.0,40.0,1.0,2.0
32.0,1.0,22.0,5.0,16,8.0,0.0,45.0,2.0,9.0
41.0,1.0,19.0,1.0,22,6.0,2.0,20.0,1.0,6.0
69.0,6.0,21.0,1.0,15,8.0,0.0,50.0,1.0,1.0
54.0,1.0,20.0,1.0,15,8.0,1.0,40.0,2.0,1.0
40.0,4.0,22.0,3.0,6,8.0,0.0,40.0,2.0,1.0
53.0,1.0,19.0,3.0,16,8.0,0.0,30.0,2.0,1.0
29.0,1.0,22.0,1.0,4,4.0,0.0,40.0,1.0,6.0
35.0,1.0,19.0,1.0,22,8.0,0.0,40.0,1.0,2.0
48.0,1.0,21.0,3.0,0,8.0,0.0,40.0,2.0,1.0
39.0,1.0,22.0,1.0,5,5.0,1.0,40.0,2.0,6.0
71.0,1.0,21.0,1.0,15,8.0,0.0,55.0,1.0,1.0
60.0,7.0,19.0,1.0,15,8.0,0.0,40.0,2.0,1.0
45.0,6.0,15.0,3.0,13,9.0,13.0,30.0,1.0,1.0
26.0,1.0,16.0,5.0,15,9.0,4.0,40.0,1.0,1.0
50.0,1.0,21.0,3.0,15,8.0,0.0,48.0,2.0,1.0
42.0,4.0,21.0,1.0,7,8.0,0.0,8.0,2.0,1.0
33.0,1.0,23.0,1.0,8,8.0,1.0,60.0,1.0,1.0
30.0,2.0,20.0,5.0,10,8.0,2.0,40.0,2.0,6.0
68.0,6.0,19.0,5.0,10,8.0,0.0,5.0,2.0,1.0
34.0,1.0,19.0,1.0,14,8.0,2.0,40.0,2.0,8.0
33.0,3.0,21.0,1.0,7,8.0,1.0,30.0,2.0,1.0
58.0,1.0,16.0,1.0,13,3.0,0.0,40.0,2.0,1.0
21.0,2.0,16.0,5.0,16,8.0,12.0,15.0,1.0,1.0
40.0,2.0,20.0,1.0,10,8.0,0.0,40.0,1.0,8.0
43.0,1.0,21.0,1.0,3,6.0,1.0,40.0,2.0,6.0
59.0,1.0,21.0,1.0,16,8.0,0.0,20.0,2.0,1.0
33.0,5.0,19.0,1.0,23,8.0,17.0,55.0,1.0,2.0
24.0,1.0,19.0,5.0,15,7.0,2.0,40.0,2.0,1.0
69.0,3.0,22.0,5.0,7,8.0,0.0,40.0,2.0,1.0
42.0,1.0,21.0,1.0,0,8.0,0.0,50.0,2.0,6.0
73.0,6.0,19.0,3.0,1,8.0,0.0,20.0,1.0,1.0
64.0,2.0,24.0,1.0,7,8.0,0.0,36.0,1.0,1.0
42.0,1.0,19.0,1.0,9,8.0,1.0,40.0,2.0,1.0
25.0,1.0,15.0,5.0,14,8.0,2.0,12.0,2.0,1.0
59.0,1.0,16.0,3.0,22,8.0,12.0,40.0,1.0,8.0
51.0,1.0,21.0,1.0,9,6.0,0.0,36.0,2.0,6.0
35.0,2.0,21.0,1.0,0,8.0,0.0,45.0,2.0,1.0
65.0,1.0,19.0,3.0,0,8.0,0.0,40.0,2.0,1.0
44.0,6.0,22.0,1.0,1,5.0,0.0,30.0,2.0,6.0
24.0,1.0,16.0,5.0,16,8.0,2.0,30.0,2.0,1.0
58.0,1.0,1.0,1.0,13,9.0,0.0,40.0,1.0,1.0
68.0,6.0,13.0,1.0,15,9.0,1.0,4.0,1.0,1.0
42.0,1.0,20.0,5.0,21,8.0,0.0,15.0,2.0,1.0
18.0,1.0,16.0,5.0,7,8.0,3.0,40.0,1.0,1.0
30.0,1.0,21.0,5.0,0,8.0,0.0,40.0,2.0,6.0
31.0,3.0,21.0,5.0,14,8.0,5.0,25.0,2.0,8.0
55.0,1.0,16.0,1.0,22,9.0,1.0,50.0,1.0,1.0
22.0,1.0,19.0,5.0,15,8.0,12.0,45.0,2.0,1.0
28.0,1.0,16.0,5.0,22,8.0,2.0,40.0,1.0,8.0
42.0,6.0,17.0,1.0,8,8.0,9.0,50.0,1.0,1.0
43.0,7.0,21.0,1.0,15,8.0,0.0,40.0,1.0,1.0
35.0,1.0,21.0,5.0,2,4.0,0.0,40.0,2.0,6.0
19.0,1.0,19.0,5.0,12,8.0,2.0,25.0,1.0,1.0
53.0,1.0,16.0,1.0,15,8.0,1.0,40.0,1.0,1.0
47.0,6.0,8.0,1.0,22,7.0,0.0,10.0,1.0,1.0
49.0,1.0,21.0,1.0,10,6.0,17.0,44.0,1.0,6.0
71.0,6.0,21.0,1.0,0,8.0,0.0,12.0,1.0,1.0
47.0,1.0,23.0,1.0,7,8.0,0.0,40.0,1.0,1.0
22.0,1.0,18.0,5.0,13,8.0,16.0,40.0,2.0,1.0
49.0,1.0,16.0,1.0,21,8.0,9.0,40.0,1.0,1.0
41.0,5.0,20.0,1.0,22,8.0,0.0,40.0,1.0,1.0
53.0,2.0,12.0,5.0,13,9.0,0.0,38.0,1.0,1.0
20.0,1.0,19.0,5.0,16,8.0,17.0,40.0,1.0,1.0
44.0,1.0,1.0,1.0,21,6.0,0.0,40.0,1.0,6.0
65.0,4.0,17.0,1.0,18,8.0,1.0,40.0,1.0,1.0
29.0,2.0,19.0,1.0,21,8.0,0.0,40.0,2.0,1.0
48.0,1.0,20.0,1.0,8,8.0,1.0,40.0,1.0,1.0
56.0,1.0,16.0,1.0,15,8.0,1.0,40.0,1.0,1.0
64.0,1.0,20.0,2.0,15,9.0,0.0,28.0,2.0,1.0
49.0,1.0,18.0,1.0,22,8.0,1.0,40.0,2.0,1.0
34.0,1.0,19.0,1.0,13,9.0,1.0,40.0,2.0,1.0
54.0,7.0,23.0,1.0,7,8.0,1.0,50.0,1.0,1.0
38.0,1.0,16.0,1.0,20,8.0,0.0,55.0,1.0,1.0
56.0,1.0,19.0,3.0,0,8.0,0.0,60.0,2.0,1.0
43.0,1.0,16.0,1.0,16,8.0,0.0,45.0,1.0,1.0
51.0,1.0,12.0,1.0,22,9.0,0.0,50.0,1.0,1.0
33.0,1.0,21.0,1.0,9,8.0,0.0,45.0,2.0,1.0
52.0,1.0,21.0,1.0,0,8.0,0.0,40.0,1.0,1.0
37.0,1.0,20.0,3.0,3,3.0,0.0,50.0,1.0,1.0
43.0,1.0,24.0,1.0,5,0.0,0.0,40.0,1.0,1.0
33.0,5.0,20.0,1.0,16,8.0,0.0,40.0,2.0,6.0
29.0,1.0,18.0,5.0,11,8.0,2.0,40.0,2.0,1.0
28.0,1.0,20.0,1.0,9,8.0,1.0,40.0,1.0,1.0
55.0,1.0,16.0,1.0,22,8.0,0.0,40.0,1.0,1.0
49.0,1.0,24.0,5.0,9,8.0,0.0,40.0,1.0,1.0
34.0,1.0,18.0,3.0,21,8.0,16.0,45.0,1.0,1.0
28.0,1.0,21.0,5.0,2,8.0,2.0,40.0,1.0,1.0
50.0,6.0,21.0,1.0,18,4.0,1.0,20.0,2.0,6.0
29.0,4.0,18.0,5.0,1,8.0,0.0,40.0,2.0,1.0
55.0,1.0,16.0,5.0,15,8.0,0.0,40.0,1.0,1.0
24.0,1.0,19.0,5.0,15,8.0,15.0,40.0,1.0,1.0
57.0,1.0,16.0,1.0,21,8.0,0.0,50.0,1.0,1.0
57.0,1.0,15.0,3.0,1,9.0,0.0,50.0,1.0,1.0
22.0,1.0,16.0,1.0,13,8.0,1.0,30.0,2.0,1.0
21.0,2.0,19.0,5.0,16,8.0,2.0,15.0,2.0,1.0
62.0,1.0,19.0,3.0,10,6.0,0.0,4.0,2.0,6.0
51.0,4.0,21.0,5.0,16,9.0,0.0,40.0,2.0,1.0
31.0,1.0,20.0,5.0,15,8.0,17.0,6.0,2.0,1.0
37.0,3.0,16.0,1.0,7,8.0,1.0,45.0,2.0,8.0
24.0,3.0,21.0,5.0,7,8.0,2.0,40.0,1.0,1.0
22.0,1.0,20.0,1.0,9,6.0,9.0,32.0,2.0,6.0
19.0,1.0,18.0,5.0,22,8.0,2.0,40.0,1.0,8.0
55.0,1.0,22.0,1.0,11,8.0,2.0,10.0,2.0,1.0
56.0,4.0,9.0,1.0,10,6.0,6.0,70.0,2.0,6.0
42.0,1.0,19.0,5.0,13,9.0,0.0,15.0,2.0,8.0
56.0,1.0,21.0,1.0,7,9.0,1.0,40.0,2.0,1.0
19.0,3.0,19.0,5.0,7,8.0,2.0,12.0,2.0,1.0
38.0,1.0,21.0,1.0,15,8.0,1.0,50.0,1.0,1.0
44.0,3.0,19.0,3.0,0,8.0,0.0,40.0,2.0,1.0
61.0,1.0,21.0,1.0,3,4.0,0.0,40.0,1.0,6.0
43.0,1.0,16.0,1.0,15,8.0,1.0,40.0,1.0,9.0
59.0,2.0,21.0,1.0,7,8.0,1.0,35.0,2.0,1.0
21.0,1.0,19.0,5.0,22,8.0,13.0,32.0,2.0,1.0
39.0,1.0,16.0,1.0,16,6.0,1.0,40.0,2.0,6.0
35.0,1.0,20.0,5.0,4,8.0,0.0,50.0,1.0,6.0
65.0,6.0,24.0,1.0,5,8.0,1.0,40.0,2.0,1.0
67.0,1.0,21.0,1.0,15,6.0,1.0,40.0,1.0,6.0
39.0,1.0,16.0,5.0,15,8.0,0.0,40.0,2.0,1.0
46.0,2.0,18.0,1.0,10,14.0,0.0,40.0,2.0,2.0
51.0,1.0,21.0,1.0,0,8.0,1.0,45.0,1.0,6.0
54.0,6.0,1.0,5.0,10,9.0,0.0,99.0,2.0,8.0
38.0,1.0,20.0,3.0,20,8.0,13.0,40.0,1.0,2.0
53.0,1.0,23.0,1.0,5,6.0,1.0,40.0,2.0,6.0
31.0,1.0,16.0,1.0,0,8.0,1.0,40.0,2.0,1.0
50.0,1.0,21.0,3.0,4,7.0,0.0,40.0,1.0,1.0
41.0,2.0,20.0,5.0,6,8.0,0.0,40.0,2.0,2.0
47.0,1.0,9.0,1.0,12,9.0,0.0,20.0,1.0,1.0
61.0,1.0,21.0,1.0,4,8.0,15.0,45.0,2.0,2.0
68.0,6.0,20.0,1.0,0,8.0,0.0,20.0,1.0,1.0
34.0,1.0,21.0,5.0,1,8.0,0.0,50.0,2.0,1.0
25.0,1.0,20.0,5.0,12,8.0,2.0,25.0,2.0,1.0
47.0,6.0,21.0,3.0,2,4.0,0.0,40.0,2.0,6.0
26.0,1.0,12.0,5.0,17,9.0,10.0,40.0,2.0,3.0
36.0,1.0,21.0,1.0,2,6.0,5.0,40.0,2.0,6.0
33.0,1.0,16.0,1.0,13,9.0,0.0,40.0,1.0,1.0
23.0,2.0,21.0,5.0,8,8.0,0.0,45.0,1.0,1.0
36.0,1.0,18.0,1.0,0,8.0,1.0,40.0,1.0,1.0
31.0,2.0,24.0,5.0,9,8.0,0.0,40.0,2.0,1.0
42.0,2.0,20.0,3.0,9,6.0,0.0,36.0,2.0,6.0
24.0,1.0,21.0,5.0,4,8.0,0.0,40.0,2.0,1.0
49.0,1.0,22.0,3.0,0,8.0,13.0,45.0,1.0,8.0
33.0,1.0,21.0,1.0,1,8.0,1.0,40.0,2.0,9.0
32.0,4.0,21.0,5.0,3,8.0,0.0,40.0,1.0,6.0
34.0,1.0,18.0,1.0,15,8.0,0.0,2.0,1.0,1.0
21.0,2.0,19.0,5.0,1,8.0,17.0,12.0,1.0,1.0
48.0,3.0,19.0,3.0,16,8.0,0.0,40.0,2.0,1.0
24.0,1.0,21.0,5.0,16,6.0,2.0,30.0,1.0,6.0
53.0,1.0,19.0,1.0,18,8.0,1.0,70.0,1.0,1.0
52.0,2.0,21.0,5.0,16,8.0,0.0,40.0,2.0,2.0
49.0,1.0,21.0,3.0,8,9.0,0.0,40.0,2.0,9.0
35.0,6.0,22.0,1.0,14,8.0,1.0,20.0,2.0,1.0
61.0,1.0,16.0,1.0,11,8.0,0.0,50.0,1.0,1.0
31.0,1.0,18.0,5.0,18,9.0,4.0,40.0,1.0,8.0
55.0,3.0,21.0,1.0,7,8.0,1.0,48.0,2.0,1.0
46.0,1.0,19.0,1.0,14,8.0,1.0,40.0,1.0,2.0
28.0,2.0,21.0,5.0,16,8.0,0.0,40.0,2.0,8.0
52.0,3.0,21.0,1.0,16,4.0,1.0,40.0,2.0,6.0
32.0,1.0,22.0,5.0,0,8.0,0.0,40.0,1.0,1.0
31.0,1.0,9.0,5.0,21,9.0,0.0,52.0,1.0,8.0
24.0,1.0,18.0,5.0,12,8.0,0.0,25.0,2.0,1.0
71.0,2.0,19.0,2.0,16,8.0,0.0,15.0,2.0,1.0
26.0,1.0,18.0,5.0,15,8.0,0.0,24.0,2.0,1.0
41.0,2.0,21.0,3.0,6,8.0,0.0,40.0,2.0,1.0
64.0,6.0,10.0,1.0,13,9.0,0.0,35.0,1.0,8.0
48.0,4.0,16.0,1.0,21,8.0,1.0,40.0,1.0,6.0
37.0,1.0,23.0,5.0,9,8.0,13.0,40.0,2.0,6.0
33.0,1.0,18.0,5.0,18,8.0,13.0,40.0,1.0,1.0
28.0,1.0,21.0,1.0,16,5.0,9.0,50.0,2.0,6.0
71.0,6.0,24.0,1.0,9,8.0,1.0,20.0,2.0,1.0
56.0,5.0,19.0,1.0,16,4.0,1.0,40.0,2.0,6.0
29.0,1.0,20.0,5.0,16,9.0,2.0,40.0,1.0,1.0
59.0,3.0,16.0,1.0,2,8.0,0.0,40.0,1.0,1.0
49.0,1.0,18.0,3.0,0,8.0,0.0,50.0,2.0,1.0
39.0,6.0,16.0,1.0,15,8.0,0.0,66.0,1.0,1.0
53.0,1.0,19.0,1.0,16,8.0,0.0,40.0,2.0,1.0
60.0,1.0,16.0,1.0,0,8.0,1.0,50.0,1.0,1.0
44.0,1.0,16.0,1.0,21,9.0,1.0,40.0,1.0,1.0
28.0,1.0,17.0,1.0,18,8.0,9.0,40.0,1.0,1.0
34.0,1.0,22.0,1.0,4,4.0,0.0,40.0,2.0,6.0
39.0,1.0,23.0,1.0,13,5.0,1.0,20.0,2.0,1.0
66.0,2.0,21.0,1.0,0,8.0,0.0,34.0,1.0,1.0
36.0,1.0,6.0,1.0,13,9.0,10.0,40.0,1.0,1.0
53.0,2.0,21.0,3.0,21,6.0,13.0,40.0,1.0,6.0
41.0,1.0,16.0,1.0,20,9.0,9.0,40.0,1.0,8.0
29.0,6.0,15.0,5.0,12,8.0,16.0,5.0,2.0,9.0
66.0,6.0,22.0,1.0,2,8.0,0.0,32.0,2.0,6.0
42.0,3.0,21.0,5.0,7,8.0,0.0,40.0,1.0,8.0
71.0,1.0,8.0,1.0,22,9.0,0.0,40.0,1.0,1.0
23.0,1.0,21.0,5.0,0,8.0,2.0,40.0,2.0,2.0
50.0,1.0,17.0,1.0,18,8.0,1.0,40.0,1.0,8.0
60.0,1.0,21.0,1.0,2,8.0,1.0,40.0,2.0,1.0
80.0,6.0,20.0,1.0,22,8.0,0.0,35.0,1.0,1.0
50.0,1.0,21.0,1.0,8,8.0,0.0,50.0,1.0,1.0
24.0,1.0,16.0,5.0,12,8.0,10.0,10.0,1.0,2.0
56.0,2.0,20.0,1.0,9,8.0,1.0,36.0,2.0,1.0
71.0,6.0,24.0,1.0,8,8.0,1.0,40.0,2.0,1.0
49.0,1.0,16.0,1.0,12,9.0,6.0,70.0,1.0,8.0
68.0,1.0,14.0,2.0,22,9.0,0.0,40.0,1.0,1.0
35.0,6.0,22.0,1.0,8,9.0,1.0,55.0,2.0,8.0
39.0,1.0,18.0,3.0,20,8.0,13.0,48.0,1.0,1.0
23.0,3.0,20.0,5.0,11,8.0,2.0,30.0,2.0,1.0
43.0,1.0,9.0,1.0,12,9.0,1.0,30.0,1.0,1.0
46.0,1.0,12.0,1.0,17,9.0,0.0,60.0,1.0,1.0
26.0,1.0,21.0,1.0,15,8.0,0.0,40.0,1.0,1.0
36.0,1.0,16.0,5.0,20,8.0,10.0,40.0,1.0,2.0
35.0,5.0,21.0,3.0,23,8.0,0.0,60.0,2.0,1.0
57.0,1.0,22.0,5.0,0,8.0,13.0,50.0,1.0,1.0
52.0,1.0,19.0,1.0,20,8.0,1.0,55.0,1.0,1.0
41.0,3.0,24.0,5.0,7,8.0,0.0,40.0,2.0,2.0
47.0,1.0,23.0,1.0,9,8.0,0.0,40.0,1.0,1.0
36.0,4.0,22.0,1.0,7,8.0,0.0,40.0,2.0,1.0
33.0,4.0,21.0,1.0,7,8.0,1.0,24.0,2.0,1.0
54.0,1.0,16.0,1.0,10,6.0,17.0,40.0,1.0,6.0
59.0,3.0,21.0,3.0,7,8.0,0.0,40.0,2.0,1.0
37.0,5.0,16.0,1.0,11,8.0,1.0,40.0,1.0,1.0
60.0,6.0,16.0,1.0,15,8.0,1.0,50.0,2.0,1.0
55.0,1.0,21.0,3.0,9,8.0,11.0,40.0,2.0,1.0
56.0,1.0,15.0,1.0,15,8.0,0.0,40.0,2.0,1.0
52.0,1.0,23.0,1.0,15,8.0,0.0,40.0,2.0,9.0
39.0,7.0,21.0,1.0,3,8.0,0.0,40.0,1.0,1.0
39.0,1.0,22.0,1.0,7,15.0,2.0,40.0,1.0,7.0
51.0,1.0,19.0,3.0,10,9.0,12.0,36.0,1.0,8.0
63.0,7.0,24.0,1.0,7,8.0,1.0,12.0,1.0,1.0
36.0,3.0,20.0,1.0,11,8.0,1.0,40.0,1.0,1.0
60.0,1.0,1.0,1.0,18,9.0,1.0,40.0,1.0,8.0
31.0,1.0,16.0,1.0,15,8.0,9.0,40.0,1.0,1.0
17.0,1.0,18.0,1.0,16,9.0,1.0,15.0,2.0,1.0
29.0,1.0,19.0,5.0,21,8.0,0.0,40.0,2.0,1.0
33.0,6.0,21.0,5.0,13,8.0,0.0,30.0,1.0,8.0
53.0,7.0,16.0,1.0,22,4.0,1.0,40.0,1.0,6.0
19.0,3.0,15.0,5.0,16,8.0,2.0,2.0,1.0,1.0
61.0,2.0,22.0,1.0,10,8.0,1.0,30.0,2.0,1.0
59.0,1.0,9.0,1.0,21,9.0,1.0,60.0,2.0,1.0
57.0,3.0,21.0,1.0,16,8.0,0.0,40.0,1.0,1.0
53.0,3.0,21.0,1.0,4,8.0,1.0,40.0,1.0,1.0
33.0,1.0,23.0,1.0,7,8.0,1.0,25.0,2.0,1.0
70.0,6.0,21.0,1.0,8,8.0,0.0,1.0,2.0,1.0
55.0,5.0,16.0,1.0,13,8.0,0.0,40.0,1.0,2.0
23.0,1.0,16.0,5.0,22,8.0,2.0,40.0,1.0,1.0
55.0,3.0,19.0,3.0,18,8.0,13.0,25.0,1.0,2.0
56.0,3.0,20.0,1.0,16,8.0,0.0,40.0,2.0,2.0
29.0,1.0,16.0,1.0,0,8.0,1.0,40.0,2.0,1.0
51.0,1.0,16.0,1.0,12,9.0,1.0,36.0,2.0,9.0
18.0,1.0,14.0,5.0,18,8.0,2.0,40.0,1.0,8.0
30.0,1.0,21.0,1.0,10,7.0,0.0,25.0,2.0,1.0
59.0,6.0,19.0,1.0,8,8.0,0.0,5.0,2.0,1.0
29.0,1.0,21.0,5.0,14,8.0,0.0,20.0,2.0,8.0
66.0,1.0,18.0,1.0,15,8.0,1.0,16.0,2.0,1.0
46.0,1.0,19.0,1.0,15,9.0,1.0,45.0,2.0,8.0
39.0,1.0,16.0,1.0,22,9.0,1.0,30.0,2.0,8.0
63.0,1.0,20.0,1.0,4,8.0,1.0,4.0,2.0,1.0
48.0,1.0,16.0,1.0,21,6.0,0.0,40.0,1.0,6.0
20.0,1.0,19.0,5.0,12,8.0,2.0,15.0,2.0,6.0
50.0,3.0,21.0,1.0,7,8.0,1.0,60.0,2.0,1.0
34.0,4.0,22.0,1.0,7,8.0,9.0,20.0,1.0,6.0
43.0,1.0,17.0,1.0,12,8.0,1.0,42.0,1.0,1.0
30.0,1.0,21.0,5.0,1,8.0,12.0,40.0,1.0,6.0
46.0,6.0,16.0,3.0,18,8.0,0.0,30.0,1.0,1.0
40.0,1.0,19.0,1.0,21,4.0,0.0,40.0,1.0,6.0
58.0,2.0,19.0,3.0,22,8.0,0.0,40.0,2.0,1.0
60.0,6.0,9.0,1.0,22,9.0,0.0,40.0,1.0,8.0
42.0,6.0,19.0,5.0,14,8.0,15.0,10.0,2.0,1.0
18.0,2.0,19.0,5.0,14,8.0,17.0,40.0,2.0,1.0
46.0,1.0,21.0,1.0,3,0.0,0.0,40.0,1.0,1.0
28.0,1.0,19.0,5.0,16,8.0,12.0,40.0,1.0,1.0
28.0,3.0,21.0,5.0,7,8.0,12.0,35.0,2.0,1.0
41.0,1.0,19.0,1.0,0,8.0,0.0,40.0,2.0,1.0
17.0,1.0,15.0,5.0,12,8.0,2.0,10.0,2.0,1.0
54.0,1.0,21.0,5.0,0,8.0,0.0,50.0,1.0,1.0
44.0,2.0,23.0,3.0,0,8.0,0.0,40.0,2.0,2.0
27.0,1.0,15.0,5.0,22,8.0,2.0,40.0,1.0,8.0
47.0,1.0,21.0,5.0,20,8.0,2.0,40.0,1.0,1.0
52.0,1.0,19.0,5.0,16,8.0,0.0,45.0,2.0,1.0
56.0,1.0,19.0,3.0,11,8.0,2.0,30.0,1.0,1.0
33.0,1.0,21.0,1.0,18,7.0,1.0,60.0,1.0,1.0
66.0,6.0,24.0,5.0,5,8.0,0.0,70.0,1.0,1.0
26.0,1.0,21.0,5.0,1,8.0,0.0,50.0,2.0,2.0
29.0,1.0,16.0,5.0,22,8.0,2.0,40.0,1.0,9.0
60.0,1.0,21.0,5.0,15,8.0,0.0,40.0,1.0,1.0
22.0,1.0,21.0,5.0,22,8.0,2.0,20.0,1.0,1.0
23.0,1.0,21.0,5.0,13,9.0,0.0,40.0,1.0,8.0
51.0,1.0,22.0,4.0,16,8.0,0.0,40.0,1.0,2.0
26.0,1.0,16.0,5.0,14,8.0,2.0,30.0,2.0,1.0
65.0,6.0,21.0,1.0,20,8.0,1.0,60.0,1.0,1.0
36.0,5.0,21.0,1.0,23,8.0,1.0,50.0,1.0,9.0
41.0,4.0,19.0,3.0,1,8.0,0.0,40.0,2.0,9.0
23.0,1.0,21.0,5.0,7,8.0,12.0,40.0,1.0,9.0
41.0,1.0,21.0,1.0,1,8.0,1.0,40.0,2.0,1.0
49.0,1.0,20.0,1.0,0,9.0,0.0,40.0,1.0,8.0
28.0,1.0,21.0,5.0,4,8.0,0.0,52.0,1.0,1.0
49.0,1.0,16.0,1.0,16,6.0,1.0,50.0,2.0,6.0
34.0,1.0,21.0,1.0,15,8.0,0.0,50.0,1.0,6.0
30.0,3.0,22.0,5.0,7,8.0,13.0,40.0,2.0,1.0
36.0,1.0,20.0,5.0,17,8.0,0.0,50.0,1.0,9.0
52.0,3.0,22.0,2.0,9,6.0,0.0,40.0,2.0,6.0
52.0,4.0,21.0,1.0,7,8.0,0.0,50.0,2.0,1.0
39.0,1.0,19.0,1.0,7,8.0,0.0,40.0,1.0,1.0
17.0,8.0,18.0,5.0,18,8.0,2.0,12.0,1.0,1.0
40.0,1.0,1.0,4.0,16,8.0,2.0,40.0,1.0,1.0
39.0,1.0,18.0,1.0,1,8.0,0.0,40.0,2.0,1.0
67.0,1.0,19.0,1.0,1,6.0,6.0,40.0,1.0,6.0
43.0,6.0,18.0,1.0,18,9.0,0.0,30.0,1.0,8.0
55.0,6.0,21.0,1.0,15,8.0,0.0,40.0,1.0,1.0
24.0,1.0,21.0,5.0,1,3.0,2.0,40.0,2.0,1.0
29.0,1.0,18.0,5.0,21,8.0,4.0,40.0,2.0,1.0
47.0,1.0,21.0,1.0,4,8.0,1.0,55.0,1.0,1.0
67.0,7.0,21.0,1.0,15,5.0,1.0,30.0,2.0,1.0
76.0,1.0,19.0,1.0,1,8.0,1.0,75.0,2.0,1.0
44.0,3.0,22.0,1.0,0,8.0,1.0,40.0,1.0,1.0
60.0,7.0,22.0,3.0,1,8.0,0.0,20.0,2.0,9.0
57.0,6.0,18.0,3.0,8,8.0,0.0,8.0,2.0,1.0
23.0,1.0,19.0,5.0,15,8.0,15.0,40.0,1.0,1.0
32.0,1.0,22.0,5.0,3,10.0,0.0,40.0,1.0,2.0
21.0,1.0,18.0,5.0,16,8.0,15.0,30.0,2.0,1.0
26.0,2.0,21.0,5.0,5,8.0,13.0,30.0,2.0,1.0
61.0,3.0,20.0,3.0,8,8.0,0.0,40.0,2.0,1.0
24.0,1.0,21.0,5.0,9,8.0,12.0,30.0,1.0,1.0
43.0,1.0,12.0,1.0,18,9.0,0.0,40.0,1.0,8.0
20.0,1.0,15.0,5.0,15,9.0,2.0,30.0,2.0,8.0
22.0,1.0,16.0,5.0,0,8.0,0.0,40.0,2.0,9.0
37.0,1.0,12.0,5.0,20,9.0,5.0,40.0,1.0,8.0
26.0,2.0,18.0,5.0,0,8.0,0.0,40.0,2.0,1.0
22.0,5.0,16.0,1.0,20,8.0,17.0,50.0,1.0,2.0
49.0,1.0,11.0,3.0,13,9.0,0.0,56.0,1.0,1.0
23.0,1.0,19.0,5.0,16,8.0,2.0,40.0,2.0,1.0
45.0,1.0,20.0,1.0,20,8.0,1.0,42.0,1.0,1.0
34.0,1.0,15.0,5.0,12,9.0,13.0,25.0,1.0,1.0
54.0,1.0,19.0,5.0,14,4.0,0.0,40.0,2.0,6.0
28.0,6.0,16.0,3.0,8,9.0,0.0,4.0,1.0,1.0
26.0,1.0,7.0,5.0,17,9.0,12.0,40.0,1.0,3.0
55.0,3.0,12.0,3.0,10,9.0,6.0,40.0,2.0,8.0
47.0,1.0,22.0,1.0,4,5.0,0.0,40.0,1.0,6.0
55.0,6.0,21.0,1.0,15,8.0,1.0,50.0,1.0,1.0
27.0,1.0,16.0,1.0,15,8.0,9.0,36.0,2.0,8.0
45.0,1.0,20.0,1.0,14,3.0,1.0,30.0,2.0,1.0
41.0,1.0,16.0,1.0,21,9.0,0.0,40.0,2.0,1.0
32.0,1.0,22.0,1.0,15,5.0,1.0,16.0,2.0,6.0
27.0,1.0,16.0,5.0,22,8.0,13.0,45.0,1.0,8.0
68.0,1.0,21.0,1.0,22,8.0,1.0,40.0,1.0,1.0
35.0,4.0,22.0,1.0,7,8.0,0.0,45.0,2.0,1.0
59.0,1.0,8.0,1.0,17,9.0,1.0,50.0,2.0,8.0
45.0,1.0,16.0,5.0,12,6.0,5.0,28.0,1.0,6.0
66.0,1.0,9.0,1.0,18,9.0,6.0,40.0,1.0,8.0
50.0,7.0,21.0,1.0,3,8.0,1.0,40.0,1.0,1.0
33.0,7.0,22.0,1.0,6,8.0,1.0,16.0,1.0,1.0
78.0,6.0,23.0,1.0,0,6.0,0.0,99.0,2.0,6.0
21.0,1.0,19.0,5.0,12,8.0,2.0,30.0,2.0,6.0
35.0,1.0,22.0,5.0,1,8.0,0.0,40.0,2.0,1.0
25.0,3.0,21.0,5.0,0,6.0,5.0,7.0,2.0,6.0
50.0,1.0,19.0,1.0,9,6.0,1.0,40.0,2.0,6.0
60.0,5.0,22.0,1.0,16,6.0,1.0,30.0,2.0,6.0
51.0,1.0,16.0,1.0,12,4.0,1.0,8.0,2.0,6.0
60.0,1.0,20.0,2.0,16,4.0,6.0,50.0,2.0,6.0
55.0,1.0,22.0,3.0,4,8.0,0.0,40.0,1.0,1.0
61.0,7.0,20.0,1.0,0,8.0,0.0,65.0,1.0,9.0
32.0,1.0,17.0,5.0,12,8.0,2.0,30.0,1.0,8.0
63.0,1.0,16.0,1.0,21,6.0,1.0,40.0,2.0,6.0
25.0,1.0,14.0,1.0,10,8.0,0.0,40.0,2.0,1.0
57.0,1.0,16.0,1.0,16,8.0,1.0,40.0,2.0,1.0
28.0,1.0,21.0,5.0,16,9.0,0.0,45.0,2.0,1.0
67.0,3.0,19.0,1.0,13,8.0,11.0,40.0,1.0,1.0
23.0,3.0,19.0,5.0,14,8.0,2.0,21.0,2.0,6.0
36.0,1.0,6.0,1.0,21,9.0,1.0,20.0,2.0,8.0
55.0,3.0,16.0,4.0,10,4.0,2.0,42.0,2.0,6.0
25.0,4.0,22.0,5.0,7,8.0,2.0,15.0,2.0,1.0
56.0,2.0,18.0,5.0,10,9.0,0.0,40.0,2.0,1.0
17.0,1.0,14.0,5.0,7,8.0,2.0,4.0,2.0,1.0
38.0,1.0,19.0,5.0,18,8.0,0.0,40.0,1.0,1.0
43.0,2.0,22.0,1.0,7,8.0,0.0,40.0,1.0,1.0
29.0,1.0,19.0,1.0,16,8.0,9.0,30.0,2.0,9.0
28.0,1.0,18.0,1.0,16,1.0,1.0,40.0,2.0,1.0
66.0,6.0,13.0,1.0,16,8.0,1.0,40.0,1.0,1.0
34.0,1.0,21.0,1.0,9,6.0,0.0,40.0,2.0,6.0
61.0,1.0,15.0,1.0,14,6.0,1.0,30.0,2.0,6.0
44.0,5.0,22.0,1.0,4,8.0,0.0,50.0,1.0,1.0
29.0,1.0,21.0,5.0,16,8.0,0.0,60.0,2.0,8.0
29.0,1.0,16.0,5.0,0,9.0,0.0,40.0,1.0,1.0
26.0,1.0,19.0,1.0,16,9.0,1.0,40.0,2.0,1.0
28.0,1.0,16.0,5.0,13,8.0,2.0,30.0,2.0,1.0
61.0,6.0,23.0,1.0,7,7.0,0.0,50.0,1.0,1.0
19.0,4.0,19.0,5.0,14,8.0,17.0,15.0,2.0,1.0
38.0,1.0,21.0,1.0,0,8.0,0.0,60.0,1.0,1.0
59.0,1.0,19.0,3.0,15,8.0,6.0,30.0,2.0,2.0
56.0,1.0,20.0,1.0,2,8.0,0.0,20.0,2.0,1.0
56.0,1.0,16.0,5.0,22,8.0,0.0,32.0,2.0,2.0
37.0,1.0,16.0,1.0,1,8.0,0.0,45.0,1.0,1.0
48.0,1.0,16.0,3.0,22,8.0,0.0,28.0,2.0,1.0
23.0,1.0,21.0,5.0,1,8.0,12.0,40.0,2.0,6.0
27.0,1.0,19.0,5.0,22,9.0,10.0,40.0,1.0,8.0
68.0,1.0,19.0,3.0,10,8.0,0.0,40.0,2.0,1.0
43.0,1.0,19.0,3.0,14,8.0,0.0,40.0,2.0,9.0
34.0,1.0,22.0,4.0,4,8.0,0.0,40.0,1.0,1.0
25.0,1.0,17.0,5.0,18,8.0,0.0,40.0,1.0,8.0
23.0,1.0,18.0,1.0,16,8.0,1.0,35.0,2.0,1.0
57.0,1.0,22.0,1.0,1,6.0,1.0,40.0,2.0,6.0
27.0,1.0,20.0,5.0,15,8.0,2.0,40.0,2.0,8.0
47.0,5.0,21.0,1.0,4,6.0,1.0,40.0,1.0,6.0
44.0,1.0,18.0,1.0,16,8.0,15.0,32.0,2.0,1.0
65.0,1.0,19.0,5.0,16,8.0,0.0,40.0,2.0,1.0
31.0,1.0,21.0,5.0,5,8.0,0.0,46.0,2.0,1.0
50.0,1.0,19.0,1.0,0,8.0,1.0,40.0,2.0,8.0
50.0,1.0,1.0,1.0,17,9.0,0.0,48.0,1.0,8.0
33.0,6.0,19.0,1.0,7,8.0,1.0,30.0,2.0,1.0
68.0,5.0,24.0,1.0,0,8.0,1.0,40.0,1.0,2.0
29.0,1.0,16.0,5.0,15,8.0,11.0,40.0,1.0,2.0
55.0,1.0,18.0,1.0,7,8.0,0.0,40.0,2.0,9.0
65.0,1.0,22.0,5.0,15,8.0,0.0,40.0,1.0,1.0
20.0,2.0,16.0,5.0,20,8.0,2.0,40.0,1.0,1.0
21.0,1.0,19.0,5.0,16,7.0,2.0,12.0,2.0,1.0
48.0,1.0,13.0,4.0,16,9.0,0.0,40.0,2.0,1.0
59.0,1.0,22.0,1.0,3,4.0,0.0,40.0,1.0,6.0
31.0,1.0,20.0,5.0,16,8.0,2.0,50.0,2.0,9.0
26.0,1.0,16.0,5.0,16,8.0,2.0,40.0,2.0,1.0
19.0,3.0,16.0,5.0,15,8.0,2.0,16.0,2.0,1.0
48.0,6.0,18.0,5.0,18,9.0,12.0,50.0,1.0,1.0
36.0,4.0,18.0,5.0,11,9.0,0.0,40.0,1.0,9.0
20.0,1.0,19.0,5.0,11,8.0,2.0,12.0,1.0,1.0
21.0,5.0,16.0,5.0,20,8.0,17.0,58.0,1.0,1.0
41.0,1.0,21.0,5.0,1,4.0,5.0,40.0,1.0,6.0
40.0,4.0,23.0,1.0,9,8.0,1.0,75.0,1.0,6.0
65.0,2.0,22.0,1.0,9,8.0,1.0,40.0,1.0,1.0
19.0,1.0,14.0,5.0,14,8.0,4.0,35.0,2.0,1.0
31.0,1.0,21.0,5.0,0,8.0,0.0,40.0,1.0,1.0
28.0,1.0,19.0,5.0,12,8.0,5.0,20.0,1.0,6.0
42.0,5.0,20.0,1.0,23,8.0,0.0,50.0,1.0,1.0
46.0,1.0,9.0,4.0,21,9.0,5.0,40.0,1.0,8.0
61.0,1.0,11.0,1.0,18,9.0,0.0,38.0,1.0,1.0
49.0,6.0,21.0,3.0,2,8.0,2.0,50.0,2.0,1.0
66.0,1.0,19.0,1.0,16,8.0,0.0,43.0,2.0,1.0
25.0,5.0,19.0,5.0,16,8.0,2.0,40.0,1.0,1.0
20.0,1.0,16.0,5.0,14,8.0,2.0,8.0,1.0,1.0
26.0,1.0,21.0,5.0,15,8.0,2.0,40.0,1.0,1.0
24.0,1.0,21.0,5.0,12,8.0,12.0,30.0,2.0,8.0
19.0,2.0,16.0,5.0,14,8.0,2.0,40.0,2.0,1.0
55.0,2.0,22.0,5.0,0,8.0,0.0,40.0,2.0,1.0
49.0,2.0,21.0,1.0,9,6.0,0.0,40.0,1.0,6.0
61.0,1.0,9.0,1.0,20,9.0,1.0,50.0,1.0,1.0
59.0,1.0,21.0,1.0,2,4.0,1.0,50.0,2.0,6.0
19.0,1.0,16.0,5.0,7,8.0,17.0,10.0,2.0,6.0
34.0,1.0,1.0,1.0,16,8.0,0.0,40.0,2.0,1.0
31.0,1.0,22.0,5.0,7,8.0,0.0,35.0,1.0,1.0
23.0,1.0,21.0,5.0,3,8.0,7.0,40.0,1.0,1.0
43.0,2.0,23.0,1.0,9,8.0,0.0,50.0,2.0,9.0
19.0,1.0,16.0,5.0,21,8.0,15.0,30.0,2.0,1.0
40.0,1.0,14.0,5.0,0,8.0,0.0,35.0,2.0,8.0
43.0,1.0,16.0,1.0,9,9.0,0.0,40.0,2.0,1.0
20.0,5.0,18.0,5.0,15,8.0,2.0,28.0,1.0,1.0
37.0,1.0,21.0,1.0,15,8.0,1.0,50.0,2.0,1.0
19.0,1.0,19.0,5.0,15,8.0,2.0,30.0,1.0,1.0
50.0,2.0,16.0,2.0,15,8.0,0.0,40.0,2.0,8.0
23.0,2.0,16.0,5.0,16,8.0,0.0,40.0,2.0,1.0
57.0,1.0,12.0,3.0,8,8.0,0.0,40.0,2.0,8.0
45.0,4.0,22.0,1.0,0,8.0,0.0,40.0,1.0,1.0
42.0,1.0,16.0,1.0,7,8.0,0.0,3.0,2.0,1.0
22.0,1.0,22.0,5.0,1,4.0,13.0,6.0,2.0,6.0
41.0,1.0,19.0,1.0,0,8.0,1.0,40.0,1.0,1.0
62.0,4.0,22.0,1.0,7,8.0,1.0,40.0,1.0,1.0
43.0,2.0,21.0,1.0,16,9.0,0.0,40.0,2.0,9.0
30.0,3.0,21.0,1.0,16,4.0,0.0,40.0,2.0,6.0
33.0,1.0,21.0,3.0,6,8.0,2.0,40.0,2.0,6.0
32.0,1.0,21.0,1.0,12,8.0,0.0,60.0,1.0,1.0
41.0,3.0,21.0,1.0,7,8.0,0.0,30.0,1.0,2.0
18.0,1.0,14.0,5.0,12,9.0,4.0,30.0,1.0,8.0
24.0,1.0,22.0,5.0,3,5.0,0.0,25.0,2.0,6.0
42.0,1.0,20.0,1.0,15,4.0,1.0,40.0,2.0,6.0
55.0,2.0,22.0,1.0,1,9.0,0.0,50.0,1.0,1.0
35.0,5.0,22.0,1.0,23,8.0,1.0,60.0,1.0,1.0
28.0,5.0,21.0,1.0,22,8.0,1.0,40.0,1.0,1.0
37.0,1.0,14.0,1.0,10,8.0,15.0,40.0,2.0,8.0
40.0,3.0,22.0,1.0,6,8.0,1.0,40.0,2.0,2.0
61.0,6.0,22.0,1.0,21,8.0,0.0,20.0,1.0,1.0
40.0,1.0,14.0,5.0,17,8.0,16.0,40.0,1.0,1.0
40.0,2.0,19.0,1.0,9,8.0,0.0,80.0,2.0,2.0
55.0,3.0,20.0,1.0,16,4.0,0.0,35.0,2.0,6.0
58.0,4.0,22.0,1.0,7,8.0,1.0,40.0,2.0,1.0
39.0,1.0,16.0,5.0,0,8.0,2.0,45.0,1.0,1.0
68.0,2.0,22.0,1.0,7,8.0,0.0,3.0,1.0,1.0
34.0,1.0,19.0,1.0,1,9.0,9.0,40.0,2.0,9.0
59.0,1.0,19.0,1.0,18,8.0,0.0,40.0,1.0,1.0
19.0,2.0,16.0,5.0,1,4.0,17.0,28.0,2.0,6.0
25.0,1.0,16.0,5.0,15,8.0,4.0,30.0,2.0,1.0
49.0,1.0,20.0,1.0,0,4.0,1.0,40.0,1.0,6.0
52.0,3.0,20.0,1.0,6,9.0,0.0,40.0,2.0,9.0
48.0,1.0,1.0,1.0,21,9.0,0.0,40.0,2.0,1.0
24.0,1.0,16.0,5.0,5,8.0,2.0,36.0,2.0,1.0
32.0,7.0,21.0,5.0,0,4.0,0.0,40.0,2.0,6.0
21.0,1.0,19.0,5.0,12,8.0,5.0,20.0,2.0,8.0
35.0,1.0,14.0,1.0,15,8.0,1.0,35.0,2.0,1.0
52.0,6.0,14.0,1.0,14,8.0,0.0,50.0,1.0,1.0
32.0,1.0,16.0,5.0,16,8.0,5.0,40.0,2.0,1.0
23.0,3.0,16.0,5.0,14,8.0,0.0,35.0,1.0,2.0
20.0,3.0,20.0,5.0,9,9.0,2.0,40.0,1.0,1.0
56.0,1.0,16.0,1.0,0,8.0,0.0,40.0,2.0,1.0
28.0,1.0,20.0,5.0,16,8.0,2.0,35.0,2.0,8.0
33.0,2.0,16.0,1.0,7,9.0,2.0,50.0,1.0,2.0
54.0,1.0,19.0,1.0,18,8.0,0.0,40.0,2.0,1.0
33.0,1.0,16.0,1.0,15,5.0,12.0,40.0,1.0,6.0
58.0,1.0,21.0,1.0,15,8.0,0.0,40.0,2.0,1.0
48.0,6.0,21.0,1.0,15,5.0,0.0,40.0,1.0,6.0
46.0,1.0,19.0,1.0,21,6.0,1.0,40.0,1.0,6.0
60.0,5.0,18.0,1.0,16,8.0,1.0,40.0,2.0,7.0
38.0,1.0,22.0,5.0,3,8.0,0.0,40.0,1.0,6.0
45.0,1.0,21.0,1.0,12,5.0,0.0,40.0,1.0,6.0
20.0,1.0,19.0,5.0,14,8.0,2.0,20.0,2.0,1.0
41.0,1.0,21.0,1.0,3,8.0,1.0,40.0,1.0,6.0
48.0,4.0,12.0,4.0,8,8.0,16.0,32.0,1.0,8.0
58.0,4.0,19.0,3.0,20,8.0,0.0,40.0,1.0,1.0
18.0,1.0,18.0,5.0,12,8.0,2.0,20.0,1.0,9.0
24.0,1.0,19.0,5.0,12,8.0,4.0,40.0,1.0,1.0
43.0,4.0,22.0,3.0,7,8.0,0.0,40.0,2.0,1.0
25.0,2.0,21.0,5.0,6,8.0,0.0,38.0,2.0,1.0
25.0,1.0,10.0,5.0,15,9.0,5.0,40.0,2.0,1.0
63.0,1.0,20.0,2.0,9,8.0,0.0,44.0,2.0,1.0
46.0,1.0,18.0,1.0,15,8.0,0.0,70.0,1.0,8.0
33.0,4.0,22.0,1.0,7,8.0,1.0,40.0,1.0,1.0
46.0,1.0,21.0,1.0,2,6.0,1.0,40.0,2.0,6.0
40.0,5.0,20.0,1.0,23,8.0,0.0,60.0,1.0,1.0
42.0,1.0,17.0,1.0,0,9.0,9.0,40.0,1.0,8.0
39.0,1.0,19.0,5.0,22,8.0,0.0,50.0,1.0,2.0
33.0,1.0,24.0,5.0,4,8.0,0.0,40.0,1.0,6.0
29.0,2.0,22.0,5.0,1,8.0,0.0,40.0,1.0,1.0
63.0,1.0,15.0,1.0,21,9.0,0.0,40.0,1.0,8.0
43.0,2.0,19.0,3.0,16,8.0,13.0,45.0,2.0,1.0
66.0,1.0,9.0,3.0,17,9.0,0.0,54.0,2.0,1.0
40.0,1.0,22.0,1.0,1,5.0,1.0,40.0,1.0,6.0
31.0,1.0,19.0,1.0,9,6.0,1.0,24.0,2.0,6.0
43.0,1.0,16.0,5.0,4,8.0,2.0,60.0,1.0,1.0
36.0,1.0,19.0,1.0,15,4.0,5.0,40.0,1.0,6.0
24.0,7.0,21.0,5.0,5,8.0,12.0,30.0,2.0,6.0
83.0,1.0,21.0,1.0,4,8.0,0.0,2.0,1.0,3.0
38.0,1.0,15.0,1.0,6,9.0,1.0,35.0,2.0,8.0
46.0,1.0,8.0,3.0,21,9.0,6.0,40.0,2.0,1.0
62.0,1.0,18.0,1.0,16,8.0,1.0,25.0,2.0,2.0
61.0,1.0,21.0,1.0,15,8.0,0.0,40.0,2.0,1.0
46.0,1.0,17.0,1.0,16,8.0,1.0,40.0,1.0,1.0
54.0,1.0,19.0,3.0,16,8.0,0.0,40.0,2.0,1.0
36.0,5.0,21.0,1.0,23,8.0,0.0,40.0,1.0,9.0
18.0,1.0,16.0,5.0,12,8.0,17.0,30.0,1.0,2.0
58.0,7.0,21.0,1.0,15,8.0,0.0,40.0,2.0,1.0
24.0,1.0,20.0,5.0,20,8.0,0.0,25.0,1.0,8.0
25.0,1.0,18.0,5.0,18,8.0,13.0,40.0,1.0,9.0
42.0,1.0,12.0,1.0,17,9.0,1.0,40.0,1.0,8.0
71.0,6.0,19.0,3.0,15,8.0,0.0,20.0,2.0,1.0
44.0,1.0,9.0,5.0,13,9.0,13.0,40.0,1.0,1.0
23.0,8.0,21.0,5.0,13,8.0,2.0,32.0,1.0,1.0
17.0,1.0,14.0,5.0,15,8.0,2.0,30.0,2.0,1.0
24.0,1.0,16.0,5.0,16,8.0,2.0,40.0,1.0,1.0
39.0,1.0,21.0,1.0,2,8.0,0.0,45.0,2.0,1.0
24.0,1.0,16.0,5.0,15,8.0,0.0,40.0,2.0,1.0
55.0,1.0,18.0,1.0,21,8.0,1.0,24.0,2.0,1.0
28.0,1.0,18.0,1.0,3,8.0,1.0,40.0,1.0,1.0
27.0,1.0,18.0,5.0,18,8.0,2.0,50.0,1.0,1.0
63.0,2.0,24.0,3.0,9,8.0,0.0,60.0,2.0,1.0
43.0,1.0,18.0,1.0,3,8.0,0.0,43.0,1.0,8.0
18.0,1.0,16.0,5.0,15,9.0,2.0,40.0,2.0,1.0
33.0,6.0,22.0,5.0,8,9.0,0.0,40.0,1.0,1.0
74.0,6.0,19.0,1.0,16,1.0,0.0,10.0,2.0,1.0
26.0,1.0,19.0,5.0,12,8.0,2.0,40.0,1.0,1.0
30.0,1.0,22.0,1.0,3,5.0,1.0,40.0,2.0,6.0
74.0,7.0,19.0,1.0,4,15.0,0.0,50.0,1.0,6.0
50.0,1.0,21.0,1.0,4,8.0,1.0,50.0,1.0,1.0
68.0,6.0,23.0,1.0,0,8.0,0.0,10.0,1.0,1.0
21.0,1.0,19.0,5.0,15,9.0,10.0,20.0,2.0,8.0
68.0,7.0,16.0,1.0,1,9.0,1.0,15.0,2.0,1.0
22.0,1.0,19.0,5.0,15,8.0,2.0,15.0,2.0,2.0
44.0,1.0,23.0,1.0,15,9.0,0.0,35.0,2.0,1.0
56.0,1.0,19.0,1.0,12,9.0,0.0,45.0,2.0,8.0
40.0,1.0,16.0,5.0,17,9.0,5.0,40.0,1.0,8.0
47.0,3.0,17.0,3.0,20,8.0,0.0,45.0,1.0,1.0
59.0,4.0,22.0,1.0,7,8.0,1.0,40.0,2.0,1.0
24.0,1.0,16.0,1.0,15,8.0,2.0,30.0,2.0,8.0
66.0,1.0,20.0,3.0,16,9.0,0.0,15.0,2.0,1.0
24.0,1.0,16.0,5.0,16,8.0,0.0,40.0,2.0,9.0
54.0,1.0,21.0,1.0,8,8.0,1.0,45.0,2.0,1.0
27.0,1.0,15.0,1.0,21,8.0,9.0,38.0,1.0,6.0
61.0,2.0,18.0,1.0,0,8.0,0.0,72.0,1.0,1.0
23.0,5.0,21.0,5.0,11,8.0,3.0,40.0,1.0,1.0
28.0,1.0,20.0,5.0,18,8.0,13.0,40.0,1.0,1.0
59.0,1.0,22.0,1.0,0,8.0,1.0,45.0,2.0,1.0
40.0,1.0,21.0,3.0,1,5.0,0.0,40.0,2.0,1.0
35.0,1.0,22.0,1.0,1,4.0,1.0,40.0,1.0,6.0
33.0,1.0,16.0,1.0,18,9.0,1.0,40.0,1.0,1.0
50.0,1.0,16.0,1.0,16,8.0,1.0,40.0,1.0,1.0
55.0,1.0,18.0,1.0,15,8.0,1.0,20.0,2.0,1.0
50.0,2.0,24.0,1.0,7,7.0,0.0,40.0,1.0,1.0
38.0,2.0,15.0,5.0,6,8.0,0.0,5.0,1.0,1.0
61.0,3.0,21.0,1.0,7,8.0,0.0,40.0,2.0,1.0
34.0,6.0,21.0,1.0,14,8.0,1.0,50.0,2.0,1.0
56.0,1.0,15.0,1.0,17,9.0,0.0,60.0,1.0,1.0
40.0,4.0,22.0,3.0,6,8.0,13.0,50.0,1.0,8.0
38.0,6.0,19.0,1.0,10,9.0,0.0,6.0,2.0,9.0
52.0,1.0,21.0,1.0,15,8.0,1.0,28.0,2.0,6.0
63.0,6.0,20.0,5.0,8,8.0,5.0,40.0,2.0,1.0
35.0,1.0,20.0,5.0,16,4.0,0.0,40.0,1.0,6.0
21.0,1.0,19.0,5.0,10,6.0,5.0,7.0,1.0,6.0
53.0,3.0,22.0,1.0,6,8.0,0.0,36.0,2.0,1.0
64.0,6.0,22.0,1.0,0,8.0,1.0,60.0,1.0,1.0
50.0,5.0,22.0,1.0,1,8.0,1.0,40.0,1.0,1.0
60.0,3.0,19.0,3.0,11,8.0,13.0,40.0,1.0,2.0
33.0,7.0,22.0,5.0,0,7.0,10.0,10.0,2.0,1.0
30.0,1.0,16.0,1.0,21,9.0,0.0,60.0,1.0,1.0
46.0,1.0,21.0,1.0,8,4.0,1.0,10.0,2.0,6.0
37.0,3.0,22.0,1.0,7,8.0,0.0,40.0,2.0,9.0
29.0,4.0,21.0,5.0,16,9.0,10.0,40.0,2.0,1.0
37.0,4.0,21.0,1.0,7,8.0,1.0,10.0,1.0,1.0
32.0,1.0,16.0,5.0,12,9.0,0.0,40.0,1.0,8.0
46.0,1.0,23.0,3.0,7,8.0,0.0,36.0,1.0,1.0
21.0,1.0,19.0,5.0,16,8.0,12.0,32.0,1.0,1.0
66.0,2.0,24.0,1.0,0,8.0,0.0,50.0,1.0,1.0
54.0,1.0,20.0,2.0,16,8.0,6.0,40.0,1.0,1.0
30.0,1.0,21.0,5.0,9,8.0,0.0,31.0,2.0,8.0
27.0,5.0,21.0,5.0,5,8.0,2.0,40.0,2.0,6.0
59.0,2.0,24.0,1.0,16,7.0,0.0,40.0,2.0,1.0
35.0,1.0,22.0,1.0,16,3.0,1.0,40.0,2.0,1.0
41.0,1.0,15.0,1.0,21,9.0,0.0,36.0,2.0,1.0
48.0,2.0,21.0,1.0,3,8.0,1.0,38.0,1.0,2.0
18.0,1.0,18.0,5.0,22,8.0,7.0,25.0,1.0,2.0
21.0,1.0,19.0,5.0,12,8.0,2.0,25.0,2.0,1.0
71.0,2.0,24.0,1.0,5,8.0,1.0,25.0,1.0,1.0
45.0,1.0,17.0,5.0,10,8.0,12.0,40.0,2.0,1.0
36.0,6.0,19.0,4.0,8,8.0,0.0,30.0,1.0,1.0
35.0,1.0,20.0,1.0,0,6.0,0.0,32.0,1.0,6.0
35.0,1.0,24.0,1.0,3,0.0,0.0,50.0,1.0,1.0
59.0,1.0,23.0,3.0,9,5.0,0.0,32.0,2.0,1.0
54.0,1.0,21.0,3.0,0,8.0,0.0,45.0,2.0,1.0
43.0,1.0,16.0,1.0,12,6.0,1.0,40.0,2.0,6.0
51.0,6.0,22.0,1.0,15,8.0,0.0,70.0,1.0,1.0
25.0,1.0,21.0,5.0,0,8.0,12.0,56.0,1.0,1.0
52.0,1.0,16.0,1.0,11,8.0,1.0,40.0,1.0,2.0
63.0,1.0,22.0,1.0,15,7.0,1.0,40.0,2.0,1.0
31.0,1.0,19.0,1.0,0,15.0,0.0,45.0,1.0,1.0
36.0,4.0,19.0,1.0,13,8.0,0.0,40.0,1.0,1.0
26.0,1.0,19.0,5.0,15,8.0,2.0,20.0,1.0,1.0
52.0,1.0,22.0,2.0,10,3.0,0.0,40.0,2.0,1.0
59.0,1.0,16.0,4.0,18,9.0,10.0,40.0,1.0,1.0
59.0,1.0,16.0,1.0,16,8.0,1.0,40.0,2.0,1.0
23.0,1.0,16.0,5.0,20,8.0,0.0,40.0,1.0,1.0
41.0,5.0,19.0,1.0,16,9.0,0.0,50.0,1.0,8.0
75.0,7.0,21.0,1.0,16,8.0,0.0,40.0,2.0,1.0
58.0,2.0,21.0,3.0,9,8.0,0.0,72.0,2.0,1.0
50.0,6.0,21.0,1.0,15,8.0,1.0,40.0,1.0,8.0
47.0,1.0,16.0,5.0,10,8.0,0.0,25.0,2.0,2.0
60.0,6.0,21.0,1.0,8,8.0,0.0,2.0,2.0,1.0
53.0,1.0,9.0,1.0,0,9.0,0.0,40.0,1.0,1.0
47.0,1.0,16.0,1.0,14,8.0,1.0,60.0,1.0,1.0
55.0,1.0,22.0,1.0,4,8.0,1.0,40.0,1.0,1.0
36.0,1.0,22.0,5.0,4,4.0,0.0,40.0,2.0,6.0
45.0,1.0,21.0,1.0,15,8.0,1.0,40.0,1.0,1.0
33.0,3.0,18.0,5.0,10,8.0,5.0,40.0,2.0,6.0
49.0,1.0,22.0,3.0,1,8.0,0.0,45.0,2.0,1.0
57.0,1.0,5.0,2.0,22,9.0,0.0,40.0,1.0,1.0
65.0,1.0,19.0,1.0,8,8.0,0.0,5.0,2.0,1.0
18.0,6.0,15.0,5.0,13,8.0,4.0,40.0,1.0,1.0
43.0,3.0,19.0,1.0,16,8.0,1.0,50.0,1.0,1.0
44.0,1.0,20.0,1.0,21,8.0,0.0,45.0,1.0,1.0
62.0,1.0,19.0,1.0,22,8.0,1.0,60.0,1.0,1.0
28.0,1.0,21.0,5.0,15,8.0,0.0,45.0,1.0,1.0
77.0,6.0,15.0,1.0,20,8.0,1.0,40.0,1.0,1.0
19.0,1.0,19.0,5.0,15,8.0,17.0,8.0,1.0,1.0
60.0,1.0,16.0,1.0,14,8.0,1.0,30.0,2.0,1.0
42.0,1.0,17.0,3.0,0,8.0,0.0,40.0,2.0,8.0
56.0,1.0,18.0,1.0,2,6.0,1.0,40.0,2.0,6.0
52.0,1.0,19.0,1.0,15,8.0,0.0,40.0,2.0,1.0
28.0,7.0,22.0,1.0,0,8.0,0.0,40.0,1.0,6.0
58.0,6.0,16.0,3.0,0,8.0,15.0,50.0,2.0,1.0
58.0,2.0,20.0,1.0,16,8.0,0.0,23.0,2.0,1.0
58.0,3.0,18.0,4.0,20,8.0,0.0,21.0,1.0,1.0
70.0,1.0,16.0,1.0,14,6.0,1.0,25.0,2.0,6.0
34.0,1.0,21.0,5.0,10,6.0,12.0,40.0,1.0,6.0
42.0,1.0,7.0,5.0,17,9.0,0.0,60.0,1.0,8.0
34.0,1.0,21.0,1.0,2,8.0,0.0,40.0,2.0,1.0
25.0,1.0,21.0,5.0,8,8.0,12.0,40.0,2.0,6.0
29.0,6.0,21.0,5.0,15,8.0,0.0,45.0,2.0,1.0
55.0,1.0,13.0,4.0,15,8.0,0.0,38.0,2.0,1.0
59.0,5.0,1.0,1.0,16,6.0,0.0,55.0,1.0,6.0
30.0,1.0,19.0,5.0,0,8.0,0.0,50.0,1.0,8.0
27.0,6.0,16.0,5.0,13,8.0,2.0,4.0,2.0,1.0
17.0,1.0,16.0,5.0,16,8.0,2.0,22.0,2.0,1.0
84.0,1.0,1.0,2.0,15,3.0,0.0,30.0,2.0,1.0
45.0,1.0,13.0,3.0,18,8.0,13.0,7.0,1.0,1.0
48.0,1.0,16.0,1.0,22,9.0,1.0,40.0,2.0,8.0
62.0,3.0,21.0,1.0,11,8.0,0.0,20.0,1.0,1.0
70.0,1.0,21.0,1.0,18,8.0,1.0,20.0,1.0,1.0
34.0,1.0,22.0,4.0,9,8.0,2.0,40.0,2.0,1.0
48.0,6.0,22.0,3.0,1,8.0,0.0,35.0,2.0,1.0
50.0,1.0,23.0,1.0,9,6.0,1.0,32.0,1.0,6.0
26.0,5.0,19.0,5.0,20,8.0,17.0,80.0,1.0,2.0
62.0,2.0,21.0,1.0,15,8.0,0.0,71.0,1.0,1.0
51.0,1.0,21.0,1.0,0,8.0,0.0,50.0,1.0,1.0
40.0,1.0,20.0,1.0,2,8.0,1.0,36.0,2.0,6.0
30.0,1.0,20.0,5.0,1,8.0,12.0,40.0,2.0,9.0
51.0,6.0,17.0,1.0,1,9.0,1.0,20.0,1.0,1.0
34.0,1.0,16.0,1.0,15,9.0,1.0,40.0,2.0,1.0
54.0,1.0,19.0,1.0,16,8.0,1.0,60.0,1.0,9.0
39.0,6.0,1.0,1.0,15,8.0,1.0,40.0,2.0,3.0
25.0,1.0,22.0,5.0,3,4.0,12.0,40.0,2.0,6.0
34.0,4.0,22.0,5.0,7,8.0,0.0,50.0,2.0,1.0
76.0,1.0,21.0,1.0,15,5.0,6.0,10.0,1.0,6.0
49.0,1.0,21.0,1.0,22,8.0,1.0,50.0,1.0,1.0
32.0,1.0,22.0,1.0,16,8.0,0.0,40.0,1.0,8.0
62.0,6.0,14.0,1.0,16,8.0,0.0,40.0,2.0,1.0
56.0,1.0,16.0,1.0,15,8.0,0.0,40.0,2.0,1.0
35.0,1.0,22.0,5.0,8,8.0,0.0,45.0,1.0,1.0
26.0,2.0,20.0,5.0,9,8.0,2.0,38.0,1.0,1.0
34.0,6.0,21.0,1.0,8,8.0,1.0,20.0,2.0,9.0
49.0,1.0,20.0,1.0,14,6.0,0.0,25.0,1.0,6.0
29.0,1.0,21.0,5.0,0,8.0,0.0,60.0,1.0,1.0
40.0,6.0,16.0,5.0,13,3.0,13.0,20.0,2.0,1.0
24.0,3.0,21.0,5.0,7,8.0,2.0,30.0,1.0,8.0
53.0,1.0,19.0,1.0,14,8.0,1.0,6.0,2.0,1.0
22.0,1.0,21.0,5.0,12,8.0,2.0,40.0,1.0,1.0
44.0,1.0,19.0,1.0,1,15.0,1.0,40.0,2.0,7.0
19.0,1.0,17.0,5.0,21,8.0,0.0,40.0,1.0,9.0
66.0,1.0,16.0,1.0,12,9.0,0.0,35.0,1.0,9.0
22.0,1.0,21.0,5.0,15,8.0,2.0,30.0,2.0,1.0
48.0,1.0,21.0,1.0,10,6.0,1.0,36.0,2.0,6.0
38.0,7.0,21.0,1.0,0,8.0,0.0,50.0,1.0,1.0
64.0,1.0,24.0,3.0,0,8.0,0.0,40.0,1.0,1.0
36.0,1.0,21.0,5.0,16,8.0,11.0,25.0,1.0,1.0
62.0,1.0,21.0,1.0,15,8.0,1.0,55.0,1.0,1.0
53.0,4.0,18.0,1.0,7,8.0,0.0,30.0,2.0,1.0
26.0,1.0,16.0,1.0,15,8.0,2.0,35.0,2.0,1.0
65.0,1.0,1.0,1.0,21,9.0,0.0,40.0,1.0,1.0
60.0,3.0,19.0,1.0,13,8.0,1.0,48.0,2.0,1.0
35.0,7.0,22.0,5.0,0,8.0,0.0,60.0,1.0,1.0
22.0,1.0,19.0,5.0,9,8.0,0.0,25.0,2.0,1.0
28.0,1.0,17.0,5.0,1,8.0,12.0,40.0,1.0,1.0
58.0,1.0,21.0,1.0,13,6.0,1.0,40.0,2.0,6.0
48.0,1.0,16.0,1.0,21,8.0,0.0,40.0,1.0,1.0
62.0,1.0,17.0,1.0,13,8.0,1.0,40.0,1.0,9.0
42.0,1.0,15.0,1.0,12,4.0,1.0,50.0,2.0,6.0
65.0,1.0,21.0,1.0,1,8.0,0.0,40.0,1.0,1.0
35.0,1.0,19.0,1.0,0,8.0,1.0,55.0,1.0,1.0
46.0,1.0,17.0,1.0,16,9.0,1.0,40.0,2.0,1.0
24.0,2.0,21.0,5.0,7,4.0,17.0,20.0,2.0,6.0
20.0,1.0,19.0,5.0,15,8.0,12.0,16.0,2.0,1.0
39.0,1.0,20.0,5.0,21,8.0,0.0,45.0,1.0,2.0
38.0,1.0,22.0,1.0,9,8.0,1.0,32.0,2.0,1.0
58.0,4.0,22.0,1.0,7,8.0,0.0,40.0,2.0,1.0
58.0,1.0,16.0,1.0,21,9.0,0.0,55.0,1.0,1.0
66.0,8.0,24.0,2.0,3,8.0,0.0,5.0,1.0,1.0
34.0,6.0,17.0,5.0,0,9.0,0.0,55.0,2.0,1.0
62.0,1.0,21.0,3.0,15,8.0,0.0,50.0,1.0,1.0
57.0,1.0,19.0,1.0,18,8.0,1.0,60.0,1.0,9.0
48.0,1.0,21.0,5.0,16,7.0,12.0,65.0,2.0,9.0
40.0,1.0,9.0,1.0,12,9.0,1.0,40.0,1.0,1.0
60.0,1.0,21.0,1.0,15,8.0,0.0,40.0,2.0,1.0
47.0,1.0,21.0,1.0,14,9.0,1.0,3.0,2.0,1.0
59.0,6.0,22.0,5.0,0,8.0,0.0,12.0,1.0,1.0
46.0,1.0,19.0,3.0,20,8.0,13.0,24.0,1.0,1.0
54.0,1.0,18.0,3.0,22,8.0,0.0,40.0,1.0,1.0
35.0,1.0,15.0,5.0,12,9.0,12.0,48.0,1.0,8.0
44.0,1.0,19.0,1.0,0,8.0,1.0,40.0,1.0,1.0
30.0,1.0,22.0,5.0,16,8.0,2.0,50.0,1.0,6.0
56.0,1.0,16.0,1.0,22,9.0,1.0,40.0,1.0,8.0
73.0,6.0,18.0,1.0,20,7.0,0.0,10.0,1.0,1.0
21.0,1.0,19.0,5.0,16,8.0,17.0,38.0,2.0,8.0
34.0,1.0,16.0,5.0,15,9.0,0.0,40.0,1.0,8.0
59.0,1.0,16.0,1.0,22,8.0,1.0,40.0,1.0,1.0
34.0,1.0,21.0,5.0,7,8.0,0.0,30.0,1.0,1.0
54.0,2.0,21.0,1.0,6,8.0,0.0,50.0,1.0,1.0
36.0,1.0,22.0,5.0,3,8.0,0.0,40.0,1.0,1.0
37.0,1.0,21.0,2.0,7,8.0,0.0,40.0,2.0,1.0
54.0,1.0,17.0,1.0,0,8.0,0.0,50.0,1.0,1.0
57.0,1.0,18.0,1.0,0,8.0,0.0,60.0,1.0,1.0
26.0,2.0,16.0,1.0,18,9.0,0.0,35.0,1.0,1.0
40.0,1.0,19.0,1.0,12,8.0,0.0,40.0,1.0,1.0
52.0,1.0,21.0,1.0,22,9.0,1.0,32.0,2.0,1.0
47.0,1.0,16.0,1.0,15,5.0,0.0,20.0,2.0,1.0
35.0,3.0,21.0,1.0,7,8.0,1.0,40.0,1.0,9.0
71.0,1.0,21.0,1.0,22,4.0,0.0,30.0,2.0,6.0
38.0,5.0,21.0,1.0,16,8.0,0.0,42.0,1.0,1.0
20.0,1.0,8.0,5.0,12,9.0,0.0,38.0,1.0,8.0
53.0,6.0,16.0,1.0,0,8.0,0.0,40.0,1.0,1.0
22.0,1.0,17.0,5.0,22,8.0,17.0,40.0,1.0,1.0
47.0,3.0,17.0,5.0,18,10.0,0.0,40.0,1.0,2.0
19.0,1.0,16.0,5.0,12,8.0,2.0,20.0,1.0,1.0
49.0,1.0,12.0,1.0,21,9.0,0.0,50.0,1.0,1.0
71.0,6.0,23.0,1.0,9,8.0,0.0,30.0,1.0,1.0
24.0,1.0,21.0,5.0,2,8.0,12.0,45.0,1.0,1.0
49.0,1.0,1.0,1.0,13,9.0,1.0,30.0,1.0,8.0
47.0,6.0,16.0,1.0,21,9.0,0.0,40.0,1.0,8.0
36.0,1.0,18.0,1.0,9,8.0,0.0,38.0,2.0,8.0
60.0,1.0,16.0,3.0,15,8.0,13.0,40.0,1.0,1.0
46.0,1.0,19.0,4.0,15,8.0,2.0,40.0,2.0,1.0
27.0,1.0,19.0,5.0,10,8.0,0.0,40.0,2.0,6.0
22.0,5.0,21.0,5.0,16,8.0,17.0,40.0,2.0,1.0
26.0,1.0,21.0,5.0,12,8.0,0.0,38.0,2.0,1.0
34.0,1.0,21.0,1.0,7,8.0,0.0,25.0,1.0,1.0
26.0,1.0,19.0,1.0,0,8.0,1.0,32.0,2.0,1.0
40.0,3.0,16.0,5.0,20,6.0,13.0,40.0,1.0,6.0
45.0,1.0,16.0,1.0,16,6.0,1.0,40.0,2.0,6.0
18.0,2.0,16.0,5.0,15,8.0,2.0,28.0,2.0,1.0
65.0,1.0,16.0,5.0,20,9.0,0.0,40.0,1.0,8.0
28.0,6.0,12.0,5.0,18,9.0,12.0,35.0,1.0,8.0
39.0,1.0,21.0,1.0,0,8.0,0.0,50.0,1.0,6.0
68.0,1.0,21.0,1.0,4,8.0,0.0,50.0,1.0,1.0
22.0,1.0,13.0,5.0,22,8.0,4.0,30.0,1.0,1.0
29.0,1.0,20.0,1.0,15,8.0,0.0,44.0,1.0,1.0
36.0,3.0,21.0,5.0,16,8.0,0.0,40.0,2.0,2.0
54.0,1.0,21.0,1.0,7,6.0,1.0,32.0,2.0,6.0
32.0,1.0,22.0,5.0,1,8.0,0.0,40.0,1.0,1.0
26.0,1.0,21.0,1.0,2,8.0,2.0,40.0,2.0,3.0
60.0,1.0,6.0,1.0,19,8.0,0.0,40.0,1.0,1.0
27.0,5.0,16.0,5.0,20,8.0,17.0,68.0,1.0,1.0
58.0,1.0,21.0,1.0,0,4.0,1.0,40.0,2.0,6.0
58.0,1.0,20.0,1.0,9,8.0,0.0,30.0,2.0,1.0
37.0,1.0,22.0,1.0,3,5.0,1.0,40.0,1.0,6.0
47.0,4.0,16.0,1.0,17,9.0,1.0,40.0,1.0,1.0
29.0,3.0,22.0,1.0,6,8.0,0.0,50.0,2.0,1.0
19.0,1.0,16.0,5.0,16,8.0,2.0,40.0,2.0,8.0
37.0,1.0,22.0,1.0,0,4.0,0.0,40.0,1.0,6.0
48.0,1.0,1.0,3.0,21,6.0,0.0,25.0,2.0,6.0
25.0,1.0,16.0,1.0,22,8.0,2.0,40.0,1.0,8.0
48.0,1.0,17.0,1.0,21,6.0,1.0,40.0,2.0,6.0
57.0,2.0,16.0,1.0,7,8.0,1.0,40.0,2.0,1.0
53.0,1.0,16.0,5.0,8,4.0,0.0,40.0,2.0,6.0
54.0,1.0,16.0,5.0,6,8.0,12.0,50.0,2.0,8.0
30.0,1.0,16.0,5.0,2,8.0,0.0,40.0,2.0,8.0
25.0,1.0,21.0,5.0,10,8.0,5.0,40.0,1.0,1.0
49.0,7.0,19.0,1.0,8,8.0,1.0,32.0,2.0,2.0
39.0,1.0,21.0,1.0,0,8.0,1.0,50.0,1.0,1.0
35.0,1.0,24.0,5.0,3,4.0,0.0,40.0,1.0,6.0
53.0,3.0,21.0,1.0,7,8.0,0.0,50.0,2.0,1.0
33.0,1.0,21.0,5.0,15,8.0,0.0,40.0,2.0,8.0
35.0,1.0,16.0,1.0,22,8.0,2.0,40.0,1.0,1.0
44.0,1.0,16.0,3.0,16,8.0,0.0,50.0,1.0,1.0
46.0,1.0,21.0,3.0,15,8.0,0.0,50.0,2.0,1.0
49.0,6.0,21.0,3.0,21,8.0,13.0,20.0,2.0,1.0
38.0,6.0,16.0,4.0,14,9.0,0.0,50.0,2.0,1.0
43.0,1.0,19.0,5.0,17,9.0,15.0,40.0,1.0,1.0
21.0,6.0,20.0,5.0,14,8.0,2.0,50.0,1.0,1.0
65.0,1.0,12.0,1.0,13,9.0,10.0,40.0,1.0,1.0
28.0,3.0,21.0,1.0,7,8.0,9.0,35.0,2.0,1.0
23.0,1.0,16.0,5.0,16,9.0,5.0,38.0,1.0,1.0
44.0,6.0,10.0,1.0,13,9.0,1.0,6.0,2.0,8.0
63.0,1.0,19.0,3.0,21,8.0,0.0,50.0,1.0,1.0
22.0,7.0,16.0,5.0,13,8.0,5.0,20.0,1.0,1.0
69.0,1.0,21.0,3.0,5,6.0,0.0,40.0,2.0,6.0
60.0,1.0,19.0,1.0,21,9.0,0.0,40.0,1.0,8.0
57.0,1.0,20.0,5.0,9,8.0,0.0,36.0,2.0,2.0
33.0,1.0,21.0,5.0,1,8.0,0.0,45.0,2.0,6.0
44.0,4.0,21.0,5.0,7,8.0,0.0,50.0,1.0,8.0
27.0,2.0,22.0,1.0,6,9.0,1.0,30.0,1.0,1.0
45.0,1.0,16.0,1.0,15,6.0,1.0,35.0,2.0,9.0
32.0,1.0,21.0,1.0,18,8.0,0.0,40.0,1.0,6.0
41.0,1.0,16.0,1.0,20,8.0,0.0,40.0,1.0,3.0
42.0,1.0,16.0,4.0,16,8.0,2.0,45.0,2.0,8.0
49.0,1.0,16.0,3.0,18,9.0,0.0,60.0,1.0,1.0
49.0,1.0,21.0,1.0,0,8.0,0.0,40.0,1.0,1.0
47.0,6.0,7.0,1.0,14,9.0,0.0,15.0,2.0,8.0
61.0,6.0,16.0,3.0,8,8.0,0.0,40.0,2.0,1.0
70.0,6.0,21.0,1.0,8,8.0,0.0,3.0,1.0,1.0
62.0,1.0,9.0,4.0,13,9.0,0.0,40.0,2.0,1.0
26.0,1.0,19.0,5.0,13,8.0,2.0,20.0,1.0,1.0
43.0,3.0,18.0,1.0,10,8.0,1.0,30.0,2.0,1.0
42.0,6.0,6.0,1.0,18,9.0,0.0,32.0,1.0,1.0
30.0,1.0,21.0,5.0,15,8.0,0.0,40.0,1.0,6.0
40.0,1.0,22.0,1.0,16,8.0,0.0,40.0,1.0,6.0
55.0,3.0,19.0,1.0,1,8.0,1.0,40.0,2.0,1.0
61.0,1.0,19.0,1.0,1,6.0,1.0,40.0,1.0,6.0
50.0,3.0,18.0,3.0,7,8.0,0.0,30.0,2.0,1.0
39.0,1.0,9.0,5.0,17,9.0,0.0,35.0,2.0,1.0
30.0,1.0,21.0,5.0,15,8.0,0.0,40.0,2.0,6.0
46.0,7.0,21.0,5.0,8,8.0,0.0,50.0,2.0,1.0
39.0,1.0,20.0,5.0,0,8.0,15.0,49.0,2.0,1.0
44.0,1.0,16.0,1.0,21,8.0,1.0,50.0,1.0,8.0
29.0,1.0,23.0,5.0,7,8.0,0.0,45.0,2.0,1.0
36.0,1.0,19.0,1.0,0,9.0,1.0,40.0,1.0,1.0
34.0,4.0,21.0,5.0,6,8.0,0.0,40.0,2.0,1.0
25.0,1.0,19.0,5.0,16,8.0,2.0,35.0,2.0,1.0
54.0,4.0,20.0,3.0,11,8.0,0.0,50.0,1.0,1.0
47.0,7.0,17.0,1.0,0,1.0,0.0,60.0,1.0,1.0
44.0,1.0,18.0,1.0,0,4.0,0.0,30.0,1.0,6.0
45.0,1.0,22.0,5.0,10,8.0,0.0,40.0,1.0,1.0
55.0,1.0,16.0,1.0,16,8.0,0.0,40.0,2.0,1.0
41.0,3.0,20.0,1.0,18,8.0,0.0,40.0,1.0,8.0
64.0,4.0,22.0,1.0,7,5.0,1.0,16.0,2.0,6.0
25.0,1.0,22.0,5.0,7,8.0,0.0,40.0,2.0,1.0
41.0,1.0,20.0,5.0,0,8.0,17.0,40.0,2.0,1.0
54.0,1.0,22.0,1.0,0,8.0,1.0,50.0,2.0,1.0
69.0,1.0,16.0,1.0,12,8.0,1.0,40.0,2.0,8.0
19.0,1.0,18.0,5.0,22,8.0,15.0,30.0,1.0,1.0
56.0,3.0,16.0,1.0,13,9.0,0.0,40.0,1.0,8.0
26.0,1.0,16.0,5.0,16,8.0,2.0,40.0,1.0,9.0
32.0,2.0,24.0,5.0,5,8.0,11.0,60.0,2.0,6.0
56.0,1.0,17.0,5.0,13,8.0,17.0,40.0,1.0,1.0
49.0,6.0,16.0,1.0,18,8.0,1.0,60.0,1.0,1.0
68.0,6.0,22.0,1.0,2,8.0,0.0,20.0,1.0,1.0
32.0,1.0,21.0,5.0,5,8.0,0.0,45.0,1.0,1.0
18.0,1.0,19.0,5.0,12,8.0,2.0,40.0,1.0,9.0
39.0,2.0,21.0,1.0,8,8.0,1.0,40.0,2.0,1.0
62.0,1.0,9.0,1.0,8,9.0,1.0,30.0,2.0,8.0
53.0,3.0,20.0,1.0,16,8.0,1.0,40.0,2.0,1.0
61.0,3.0,9.0,1.0,12,9.0,1.0,15.0,2.0,8.0
25.0,1.0,21.0,5.0,12,8.0,0.0,25.0,2.0,9.0
22.0,1.0,17.0,5.0,7,8.0,4.0,40.0,2.0,9.0
18.0,1.0,18.0,5.0,16,8.0,17.0,13.0,2.0,1.0
30.0,1.0,21.0,1.0,0,8.0,0.0,42.0,2.0,9.0
65.0,1.0,20.0,1.0,0,12.0,0.0,20.0,1.0,1.0
37.0,1.0,21.0,1.0,15,5.0,0.0,99.0,1.0,8.0
40.0,1.0,22.0,1.0,5,4.0,1.0,40.0,2.0,6.0
26.0,1.0,18.0,4.0,11,8.0,16.0,40.0,2.0,2.0
56.0,1.0,22.0,3.0,15,8.0,0.0,50.0,2.0,1.0
44.0,1.0,24.0,1.0,0,0.0,15.0,60.0,1.0,1.0
38.0,1.0,21.0,1.0,1,8.0,0.0,40.0,1.0,1.0
58.0,5.0,16.0,1.0,16,5.0,0.0,40.0,1.0,6.0
27.0,1.0,14.0,5.0,16,8.0,7.0,40.0,2.0,1.0
44.0,1.0,20.0,2.0,15,8.0,11.0,50.0,1.0,1.0
70.0,1.0,19.0,1.0,13,9.0,0.0,99.0,1.0,1.0
37.0,1.0,9.0,5.0,17,9.0,5.0,40.0,1.0,1.0
23.0,1.0,17.0,5.0,12,8.0,2.0,35.0,2.0,1.0
30.0,1.0,22.0,5.0,7,8.0,2.0,70.0,1.0,1.0
35.0,1.0,19.0,5.0,18,8.0,0.0,40.0,1.0,1.0
48.0,1.0,21.0,1.0,15,8.0,0.0,50.0,1.0,1.0
45.0,6.0,18.0,5.0,14,1.0,0.0,40.0,2.0,1.0
52.0,7.0,20.0,1.0,0,8.0,1.0,50.0,1.0,9.0
30.0,1.0,21.0,1.0,8,8.0,1.0,40.0,1.0,1.0
42.0,3.0,22.0,5.0,6,8.0,0.0,40.0,2.0,6.0
51.0,5.0,19.0,3.0,4,8.0,0.0,40.0,1.0,1.0
39.0,1.0,22.0,1.0,21,12.0,0.0,40.0,1.0,2.0
24.0,1.0,21.0,5.0,0,8.0,0.0,48.0,1.0,1.0
55.0,1.0,16.0,3.0,20,8.0,12.0,40.0,1.0,1.0
20.0,3.0,14.0,5.0,7,8.0,2.0,20.0,2.0,1.0
54.0,2.0,21.0,5.0,0,8.0,0.0,40.0,1.0,2.0
49.0,3.0,21.0,5.0,7,9.0,0.0,20.0,2.0,8.0
18.0,1.0,17.0,5.0,15,8.0,2.0,40.0,2.0,8.0
29.0,1.0,21.0,5.0,2,8.0,2.0,40.0,2.0,2.0
60.0,3.0,21.0,5.0,3,8.0,0.0,40.0,1.0,1.0
37.0,2.0,18.0,4.0,16,8.0,2.0,40.0,2.0,1.0
18.0,1.0,16.0,5.0,15,8.0,3.0,4.0,2.0,1.0
36.0,6.0,19.0,5.0,17,8.0,0.0,60.0,1.0,1.0
44.0,1.0,19.0,5.0,16,4.0,2.0,40.0,2.0,6.0
43.0,1.0,16.0,1.0,3,8.0,0.0,40.0,1.0,1.0
29.0,1.0,1.0,5.0,18,8.0,13.0,99.0,1.0,1.0
57.0,7.0,18.0,1.0,16,8.0,1.0,40.0,2.0,1.0
60.0,5.0,19.0,1.0,18,9.0,0.0,40.0,1.0,8.0
56.0,1.0,16.0,1.0,16,8.0,1.0,40.0,2.0,1.0
29.0,1.0,18.0,1.0,0,8.0,1.0,10.0,2.0,1.0
34.0,1.0,16.0,1.0,0,8.0,9.0,40.0,1.0,1.0
65.0,1.0,17.0,3.0,0,8.0,15.0,7.0,2.0,1.0
26.0,5.0,21.0,5.0,2,8.0,2.0,40.0,1.0,2.0
22.0,1.0,12.0,5.0,12,8.0,5.0,30.0,2.0,1.0
46.0,1.0,20.0,1.0,0,9.0,1.0,10.0,2.0,1.0
65.0,4.0,19.0,1.0,16,8.0,0.0,30.0,2.0,1.0
52.0,1.0,21.0,1.0,16,8.0,0.0,45.0,2.0,1.0
23.0,1.0,16.0,5.0,17,9.0,2.0,40.0,2.0,1.0
46.0,1.0,10.0,1.0,12,9.0,0.0,55.0,1.0,8.0
52.0,1.0,15.0,2.0,10,8.0,2.0,35.0,2.0,8.0
26.0,1.0,21.0,5.0,16,8.0,0.0,40.0,2.0,2.0
39.0,7.0,21.0,5.0,0,8.0,5.0,35.0,1.0,1.0
81.0,3.0,20.0,2.0,18,4.0,0.0,45.0,2.0,6.0
28.0,1.0,21.0,3.0,3,8.0,0.0,40.0,1.0,9.0
26.0,1.0,21.0,1.0,16,8.0,0.0,50.0,2.0,1.0
24.0,1.0,16.0,5.0,10,8.0,2.0,40.0,2.0,8.0
21.0,1.0,16.0,5.0,18,8.0,2.0,40.0,1.0,1.0
52.0,1.0,5.0,4.0,16,9.0,13.0,40.0,1.0,8.0
32.0,1.0,16.0,5.0,21,8.0,7.0,40.0,1.0,1.0
55.0,1.0,24.0,5.0,0,8.0,0.0,45.0,2.0,1.0
94.0,6.0,18.0,1.0,1,8.0,0.0,50.0,1.0,1.0
46.0,7.0,21.0,1.0,15,8.0,1.0,40.0,1.0,6.0
60.0,1.0,21.0,1.0,15,8.0,1.0,50.0,2.0,1.0
53.0,1.0,16.0,5.0,2,8.0,0.0,40.0,2.0,1.0
31.0,1.0,19.0,1.0,15,8.0,1.0,33.0,1.0,8.0
20.0,5.0,20.0,5.0,23,8.0,17.0,40.0,1.0,1.0
52.0,6.0,13.0,1.0,15,9.0,1.0,15.0,2.0,1.0
72.0,1.0,20.0,1.0,16,8.0,1.0,40.0,1.0,1.0
45.0,7.0,24.0,1.0,9,8.0,0.0,45.0,1.0,1.0
58.0,2.0,21.0,1.0,10,6.0,0.0,56.0,1.0,6.0
23.0,1.0,16.0,1.0,20,8.0,1.0,44.0,1.0,1.0
48.0,1.0,22.0,1.0,0,9.0,0.0,40.0,1.0,1.0
57.0,7.0,19.0,1.0,16,8.0,1.0,40.0,2.0,1.0
21.0,1.0,19.0,5.0,12,8.0,7.0,32.0,1.0,9.0
41.0,1.0,23.0,1.0,9,9.0,1.0,40.0,1.0,8.0
28.0,1.0,17.0,5.0,22,9.0,0.0,50.0,1.0,1.0
63.0,1.0,16.0,1.0,15,4.0,1.0,43.0,2.0,6.0
59.0,1.0,15.0,1.0,16,9.0,0.0,40.0,1.0,8.0
62.0,3.0,1.0,2.0,14,9.0,6.0,4.0,2.0,8.0
19.0,1.0,19.0,5.0,15,4.0,17.0,30.0,2.0,6.0
24.0,1.0,16.0,5.0,16,9.0,10.0,35.0,2.0,1.0
22.0,3.0,19.0,5.0,12,8.0,2.0,40.0,2.0,1.0
24.0,1.0,19.0,5.0,0,9.0,10.0,40.0,2.0,8.0
37.0,1.0,19.0,1.0,16,9.0,0.0,40.0,2.0,8.0
49.0,4.0,18.0,5.0,10,2.0,0.0,23.0,1.0,1.0
23.0,1.0,16.0,5.0,15,8.0,2.0,20.0,2.0,2.0
36.0,3.0,21.0,1.0,16,6.0,0.0,40.0,2.0,6.0
55.0,7.0,16.0,4.0,13,9.0,15.0,30.0,2.0,1.0
38.0,1.0,16.0,1.0,21,9.0,1.0,38.0,2.0,8.0
55.0,5.0,18.0,1.0,16,8.0,1.0,62.0,2.0,1.0
20.0,1.0,16.0,5.0,12,8.0,2.0,20.0,1.0,6.0
51.0,1.0,21.0,1.0,15,6.0,0.0,50.0,1.0,6.0
59.0,1.0,15.0,1.0,12,6.0,5.0,24.0,1.0,6.0
25.0,1.0,18.0,1.0,12,8.0,1.0,28.0,2.0,1.0
58.0,1.0,1.0,1.0,13,9.0,0.0,40.0,1.0,1.0
26.0,3.0,22.0,1.0,5,8.0,1.0,40.0,2.0,9.0
38.0,1.0,19.0,1.0,9,8.0,1.0,32.0,2.0,1.0
32.0,1.0,19.0,5.0,16,8.0,13.0,24.0,1.0,1.0
36.0,6.0,16.0,1.0,13,8.0,1.0,72.0,1.0,1.0
61.0,3.0,21.0,1.0,7,8.0,0.0,40.0,1.0,1.0
40.0,1.0,20.0,1.0,16,8.0,1.0,40.0,2.0,8.0
48.0,7.0,20.0,1.0,0,4.0,1.0,48.0,1.0,6.0
63.0,1.0,9.0,2.0,17,9.0,0.0,40.0,1.0,1.0
57.0,1.0,15.0,1.0,16,4.0,2.0,45.0,1.0,6.0
17.0,1.0,14.0,5.0,16,8.0,2.0,10.0,1.0,9.0
53.0,3.0,18.0,1.0,7,8.0,0.0,40.0,2.0,1.0
34.0,1.0,19.0,1.0,0,8.0,0.0,40.0,2.0,1.0
60.0,1.0,19.0,1.0,15,8.0,0.0,60.0,1.0,1.0
21.0,1.0,19.0,5.0,12,6.0,15.0,40.0,1.0,6.0
26.0,2.0,21.0,5.0,7,8.0,0.0,40.0,1.0,1.0
47.0,2.0,18.0,1.0,16,8.0,0.0,40.0,2.0,1.0
57.0,1.0,1.0,4.0,13,9.0,6.0,45.0,2.0,1.0
61.0,1.0,8.0,1.0,21,9.0,6.0,40.0,1.0,1.0
61.0,1.0,21.0,1.0,15,8.0,0.0,40.0,1.0,1.0
57.0,1.0,19.0,1.0,16,8.0,1.0,50.0,2.0,1.0
46.0,1.0,22.0,1.0,0,4.0,1.0,40.0,2.0,6.0
21.0,2.0,19.0,5.0,10,8.0,12.0,28.0,2.0,6.0
47.0,1.0,9.0,1.0,15,9.0,1.0,40.0,2.0,1.0
19.0,1.0,19.0,5.0,21,8.0,17.0,40.0,1.0,8.0
37.0,1.0,20.0,1.0,15,8.0,0.0,20.0,2.0,1.0
58.0,1.0,21.0,1.0,16,8.0,0.0,55.0,1.0,1.0
37.0,1.0,16.0,1.0,15,9.0,0.0,40.0,1.0,1.0
33.0,1.0,19.0,5.0,15,8.0,15.0,40.0,1.0,8.0
22.0,1.0,19.0,1.0,10,8.0,1.0,40.0,2.0,1.0
38.0,1.0,19.0,3.0,16,8.0,2.0,40.0,2.0,1.0
62.0,6.0,21.0,1.0,18,8.0,1.0,40.0,1.0,1.0
30.0,6.0,19.0,5.0,8,8.0,2.0,20.0,1.0,6.0
33.0,1.0,21.0,1.0,3,8.0,0.0,40.0,1.0,9.0
63.0,1.0,13.0,2.0,18,8.0,0.0,40.0,1.0,1.0
40.0,1.0,16.0,1.0,0,8.0,1.0,40.0,1.0,1.0
22.0,1.0,20.0,5.0,11,8.0,2.0,32.0,1.0,1.0
57.0,4.0,21.0,1.0,2,8.0,0.0,20.0,2.0,1.0
24.0,2.0,21.0,1.0,7,8.0,0.0,40.0,2.0,1.0
29.0,1.0,21.0,1.0,8,8.0,1.0,60.0,1.0,1.0
49.0,7.0,15.0,5.0,14,6.0,0.0,20.0,2.0,6.0
33.0,1.0,23.0,1.0,3,8.0,1.0,40.0,2.0,6.0
51.0,1.0,16.0,1.0,18,8.0,0.0,40.0,1.0,1.0
32.0,1.0,22.0,1.0,20,8.0,0.0,70.0,1.0,9.0
22.0,1.0,19.0,5.0,0,8.0,2.0,40.0,2.0,8.0
75.0,1.0,20.0,1.0,15,8.0,0.0,14.0,1.0,1.0
26.0,1.0,16.0,5.0,22,8.0,2.0,40.0,1.0,1.0
40.0,1.0,20.0,5.0,22,8.0,0.0,55.0,2.0,8.0
37.0,2.0,24.0,1.0,0,8.0,2.0,40.0,2.0,8.0
31.0,1.0,21.0,1.0,1,8.0,0.0,40.0,1.0,1.0
43.0,1.0,1.0,3.0,12,9.0,12.0,30.0,1.0,8.0
47.0,1.0,9.0,1.0,13,9.0,0.0,15.0,2.0,1.0
28.0,1.0,19.0,5.0,0,8.0,2.0,43.0,1.0,1.0
30.0,1.0,19.0,1.0,16,6.0,0.0,40.0,1.0,6.0
18.0,1.0,18.0,5.0,0,8.0,17.0,25.0,1.0,9.0
36.0,1.0,22.0,5.0,3,6.0,2.0,40.0,1.0,6.0
28.0,1.0,19.0,4.0,10,8.0,2.0,20.0,2.0,9.0
54.0,1.0,23.0,1.0,9,9.0,0.0,28.0,1.0,5.0
46.0,7.0,23.0,1.0,9,5.0,1.0,60.0,1.0,1.0
19.0,1.0,18.0,5.0,12,8.0,15.0,20.0,1.0,6.0
33.0,1.0,21.0,1.0,15,8.0,0.0,40.0,1.0,1.0
49.0,1.0,18.0,3.0,9,8.0,0.0,40.0,1.0,2.0
40.0,6.0,22.0,1.0,8,3.0,1.0,10.0,2.0,1.0
30.0,1.0,20.0,1.0,16,8.0,1.0,40.0,2.0,6.0
26.0,1.0,22.0,5.0,2,8.0,2.0,50.0,1.0,6.0
70.0,1.0,15.0,2.0,12,6.0,17.0,84.0,2.0,6.0
62.0,6.0,16.0,1.0,16,4.0,0.0,40.0,2.0,6.0
27.0,1.0,13.0,5.0,18,8.0,15.0,40.0,1.0,8.0
33.0,1.0,16.0,1.0,22,8.0,1.0,60.0,1.0,1.0
66.0,6.0,22.0,3.0,15,8.0,0.0,60.0,1.0,1.0
36.0,3.0,21.0,5.0,7,6.0,2.0,40.0,2.0,6.0
55.0,7.0,16.0,1.0,15,8.0,1.0,50.0,1.0,2.0
47.0,1.0,18.0,3.0,16,6.0,10.0,40.0,2.0,1.0
34.0,1.0,21.0,3.0,2,8.0,12.0,40.0,1.0,1.0
28.0,1.0,16.0,5.0,13,8.0,12.0,40.0,1.0,8.0
32.0,7.0,23.0,1.0,9,8.0,1.0,40.0,1.0,1.0
45.0,1.0,22.0,1.0,3,5.0,0.0,40.0,1.0,6.0
40.0,1.0,21.0,1.0,9,8.0,0.0,30.0,2.0,1.0
61.0,7.0,21.0,1.0,2,8.0,0.0,40.0,1.0,1.0
36.0,1.0,18.0,5.0,22,8.0,0.0,40.0,2.0,9.0
54.0,2.0,22.0,1.0,0,9.0,1.0,40.0,2.0,1.0
17.0,1.0,16.0,5.0,12,8.0,2.0,5.0,1.0,6.0
31.0,1.0,21.0,1.0,16,8.0,2.0,35.0,2.0,1.0
61.0,4.0,22.0,1.0,7,8.0,1.0,30.0,2.0,1.0
59.0,1.0,21.0,1.0,15,8.0,1.0,40.0,2.0,1.0
21.0,1.0,16.0,5.0,22,5.0,0.0,35.0,1.0,6.0
55.0,1.0,21.0,1.0,14,8.0,0.0,45.0,2.0,1.0
38.0,1.0,20.0,5.0,15,9.0,13.0,55.0,1.0,1.0
43.0,1.0,24.0,1.0,7,8.0,0.0,40.0,2.0,1.0
44.0,1.0,20.0,1.0,2,8.0,0.0,55.0,1.0,8.0
20.0,1.0,16.0,5.0,12,8.0,4.0,35.0,2.0,1.0
58.0,1.0,9.0,1.0,21,9.0,1.0,40.0,2.0,8.0
50.0,3.0,17.0,3.0,16,8.0,0.0,45.0,2.0,3.0
66.0,6.0,21.0,1.0,1,8.0,1.0,40.0,1.0,1.0
22.0,1.0,16.0,5.0,16,8.0,5.0,25.0,2.0,8.0
56.0,1.0,20.0,1.0,9,8.0,1.0,40.0,2.0,1.0
58.0,1.0,19.0,1.0,7,5.0,1.0,40.0,2.0,1.0
27.0,1.0,16.0,5.0,16,8.0,0.0,40.0,2.0,1.0
39.0,1.0,16.0,3.0,22,8.0,13.0,46.0,1.0,2.0
25.0,1.0,18.0,5.0,15,8.0,5.0,40.0,2.0,6.0
37.0,1.0,22.0,1.0,1,5.0,1.0,50.0,1.0,1.0
56.0,6.0,19.0,1.0,0,8.0,1.0,75.0,1.0,1.0
27.0,5.0,18.0,5.0,13,8.0,0.0,40.0,2.0,9.0
23.0,1.0,21.0,5.0,16,8.0,2.0,50.0,2.0,1.0
77.0,2.0,24.0,1.0,7,1.0,0.0,2.0,1.0,1.0
41.0,1.0,16.0,5.0,8,8.0,0.0,50.0,1.0,1.0
42.0,1.0,16.0,5.0,22,8.0,2.0,25.0,1.0,1.0
32.0,1.0,19.0,5.0,16,8.0,0.0,45.0,2.0,9.0
23.0,1.0,18.0,5.0,16,8.0,2.0,40.0,2.0,8.0
22.0,1.0,19.0,5.0,20,8.0,12.0,40.0,1.0,1.0
35.0,1.0,18.0,1.0,3,9.0,9.0,40.0,1.0,1.0
56.0,7.0,21.0,5.0,8,9.0,0.0,40.0,2.0,9.0
39.0,2.0,21.0,1.0,0,8.0,0.0,40.0,1.0,1.0
25.0,5.0,20.0,5.0,4,8.0,0.0,50.0,1.0,1.0
69.0,6.0,22.0,1.0,8,8.0,1.0,40.0,2.0,1.0
41.0,1.0,21.0,5.0,0,1.0,0.0,40.0,2.0,1.0
72.0,3.0,21.0,4.0,16,8.0,17.0,14.0,1.0,9.0
68.0,2.0,22.0,1.0,0,8.0,0.0,45.0,2.0,2.0
38.0,1.0,16.0,1.0,15,9.0,0.0,40.0,2.0,8.0
26.0,1.0,21.0,2.0,8,8.0,2.0,40.0,1.0,1.0
23.0,1.0,16.0,5.0,16,8.0,2.0,40.0,2.0,8.0
45.0,4.0,19.0,5.0,21,8.0,16.0,30.0,1.0,1.0
27.0,1.0,21.0,5.0,16,8.0,2.0,40.0,1.0,6.0
20.0,2.0,19.0,5.0,14,8.0,17.0,20.0,2.0,1.0
28.0,1.0,21.0,5.0,16,8.0,2.0,40.0,1.0,9.0
47.0,1.0,21.0,1.0,1,5.0,1.0,55.0,1.0,6.0
38.0,1.0,12.0,1.0,18,9.0,2.0,40.0,1.0,1.0
26.0,1.0,18.0,5.0,21,8.0,2.0,40.0,1.0,1.0
25.0,3.0,21.0,5.0,1,5.0,2.0,8.0,2.0,6.0
34.0,2.0,15.0,5.0,13,8.0,17.0,2.0,2.0,6.0
27.0,1.0,16.0,5.0,22,8.0,2.0,40.0,1.0,1.0
30.0,1.0,18.0,5.0,15,8.0,0.0,24.0,1.0,1.0
49.0,2.0,24.0,1.0,7,8.0,0.0,50.0,1.0,1.0
21.0,1.0,19.0,5.0,22,2.0,4.0,24.0,1.0,1.0
30.0,1.0,21.0,5.0,9,6.0,0.0,36.0,2.0,6.0
35.0,1.0,24.0,5.0,5,8.0,0.0,40.0,1.0,1.0
63.0,1.0,16.0,4.0,16,8.0,0.0,40.0,1.0,2.0
58.0,6.0,21.0,1.0,21,8.0,0.0,6.0,2.0,2.0
50.0,1.0,19.0,3.0,16,8.0,13.0,40.0,2.0,1.0
49.0,3.0,16.0,1.0,1,8.0,1.0,40.0,2.0,1.0
37.0,1.0,12.0,5.0,18,9.0,0.0,36.0,1.0,1.0
32.0,3.0,22.0,1.0,7,8.0,1.0,60.0,2.0,9.0
40.0,4.0,20.0,3.0,9,8.0,0.0,40.0,2.0,1.0
24.0,3.0,19.0,5.0,7,9.0,0.0,14.0,2.0,1.0
56.0,1.0,16.0,5.0,21,8.0,0.0,40.0,1.0,1.0
22.0,2.0,21.0,5.0,7,8.0,12.0,18.0,1.0,2.0
52.0,1.0,22.0,1.0,0,0.0,0.0,50.0,2.0,1.0
58.0,1.0,13.0,1.0,22,8.0,0.0,37.0,2.0,8.0
46.0,1.0,21.0,1.0,18,9.0,1.0,40.0,1.0,8.0
30.0,1.0,19.0,5.0,16,8.0,0.0,40.0,2.0,8.0
19.0,1.0,16.0,5.0,12,8.0,2.0,20.0,2.0,1.0
17.0,1.0,14.0,5.0,22,8.0,7.0,10.0,2.0,2.0
51.0,1.0,17.0,1.0,21,8.0,1.0,40.0,2.0,1.0
56.0,1.0,20.0,1.0,3,8.0,0.0,40.0,1.0,1.0
41.0,1.0,14.0,1.0,15,9.0,0.0,35.0,2.0,1.0
47.0,6.0,19.0,1.0,14,8.0,1.0,25.0,2.0,1.0
63.0,1.0,20.0,1.0,12,8.0,1.0,4.0,2.0,1.0
26.0,1.0,18.0,5.0,12,9.0,10.0,40.0,1.0,1.0
61.0,1.0,20.0,1.0,0,8.0,0.0,50.0,1.0,1.0
40.0,1.0,20.0,1.0,11,8.0,0.0,50.0,1.0,2.0
68.0,4.0,8.0,5.0,10,8.0,0.0,27.0,1.0,1.0
25.0,3.0,22.0,5.0,1,8.0,2.0,40.0,2.0,1.0
63.0,4.0,22.0,5.0,7,8.0,0.0,50.0,2.0,1.0
59.0,1.0,22.0,3.0,3,8.0,0.0,40.0,1.0,1.0
25.0,1.0,16.0,5.0,12,8.0,2.0,24.0,1.0,1.0
53.0,1.0,16.0,1.0,16,8.0,1.0,50.0,2.0,1.0
52.0,7.0,21.0,1.0,0,0.0,1.0,50.0,1.0,1.0
47.0,1.0,21.0,1.0,11,6.0,0.0,40.0,1.0,6.0
29.0,1.0,16.0,5.0,15,8.0,2.0,40.0,1.0,1.0
21.0,1.0,19.0,5.0,16,8.0,2.0,24.0,2.0,1.0
41.0,1.0,18.0,1.0,18,8.0,1.0,40.0,1.0,1.0
59.0,4.0,22.0,1.0,7,8.0,1.0,70.0,2.0,1.0
40.0,1.0,21.0,1.0,15,8.0,0.0,50.0,1.0,1.0
34.0,7.0,19.0,1.0,20,9.0,1.0,50.0,1.0,1.0
55.0,5.0,19.0,1.0,16,5.0,0.0,40.0,1.0,1.0
31.0,1.0,16.0,1.0,12,9.0,1.0,40.0,1.0,1.0
31.0,1.0,20.0,1.0,22,9.0,1.0,40.0,1.0,1.0
22.0,1.0,21.0,5.0,12,8.0,2.0,20.0,1.0,1.0
47.0,1.0,16.0,1.0,14,6.0,1.0,40.0,2.0,6.0
28.0,1.0,19.0,5.0,22,9.0,2.0,40.0,1.0,1.0
31.0,1.0,18.0,1.0,1,8.0,0.0,40.0,2.0,1.0
32.0,1.0,17.0,1.0,18,8.0,1.0,30.0,1.0,1.0
59.0,1.0,20.0,1.0,21,5.0,1.0,40.0,1.0,6.0
50.0,1.0,20.0,1.0,12,6.0,1.0,40.0,1.0,6.0
48.0,6.0,1.0,1.0,10,4.0,0.0,50.0,1.0,6.0
26.0,1.0,21.0,5.0,3,8.0,2.0,40.0,1.0,1.0
35.0,3.0,21.0,1.0,0,8.0,0.0,40.0,2.0,9.0
33.0,1.0,19.0,5.0,12,8.0,11.0,40.0,2.0,5.0
33.0,1.0,13.0,1.0,13,9.0,0.0,10.0,2.0,1.0
35.0,1.0,11.0,5.0,18,8.0,13.0,40.0,1.0,1.0
36.0,1.0,11.0,1.0,16,9.0,1.0,40.0,2.0,1.0
30.0,4.0,19.0,5.0,10,8.0,2.0,42.0,2.0,1.0
57.0,6.0,15.0,1.0,18,6.0,10.0,40.0,1.0,6.0
26.0,1.0,20.0,5.0,12,8.0,2.0,20.0,1.0,1.0
32.0,2.0,16.0,5.0,6,8.0,0.0,35.0,2.0,3.0
30.0,1.0,16.0,1.0,18,8.0,1.0,50.0,1.0,1.0
40.0,1.0,19.0,5.0,15,8.0,0.0,50.0,1.0,6.0
20.0,1.0,16.0,5.0,22,6.0,10.0,20.0,1.0,6.0
52.0,1.0,21.0,1.0,0,8.0,1.0,40.0,1.0,1.0
32.0,2.0,21.0,1.0,9,8.0,0.0,24.0,2.0,1.0
26.0,1.0,19.0,5.0,22,8.0,2.0,55.0,1.0,1.0
60.0,1.0,15.0,1.0,22,9.0,1.0,40.0,2.0,8.0
56.0,2.0,22.0,1.0,9,8.0,0.0,40.0,2.0,1.0
24.0,1.0,16.0,1.0,13,8.0,5.0,40.0,2.0,8.0
49.0,7.0,23.0,1.0,9,8.0,0.0,50.0,1.0,6.0
54.0,1.0,21.0,3.0,8,8.0,0.0,40.0,1.0,1.0
34.0,6.0,16.0,5.0,8,8.0,0.0,3.0,1.0,1.0
41.0,7.0,23.0,1.0,7,6.0,0.0,35.0,1.0,6.0
55.0,6.0,21.0,3.0,18,8.0,13.0,30.0,1.0,1.0
53.0,1.0,16.0,1.0,21,6.0,1.0,40.0,2.0,6.0
37.0,1.0,16.0,5.0,21,9.0,10.0,40.0,1.0,1.0
64.0,7.0,19.0,5.0,15,8.0,0.0,12.0,2.0,2.0
66.0,7.0,19.0,2.0,18,4.0,0.0,35.0,1.0,6.0
38.0,1.0,21.0,1.0,15,8.0,1.0,5.0,2.0,6.0
29.0,6.0,21.0,5.0,7,6.0,2.0,1.0,2.0,6.0
44.0,1.0,21.0,1.0,1,8.0,0.0,50.0,1.0,1.0
64.0,1.0,16.0,2.0,16,8.0,0.0,40.0,2.0,1.0
47.0,1.0,19.0,3.0,22,8.0,0.0,44.0,1.0,1.0
32.0,7.0,21.0,1.0,1,7.0,0.0,60.0,1.0,1.0
65.0,6.0,14.0,3.0,13,8.0,0.0,40.0,2.0,1.0
55.0,1.0,19.0,1.0,18,8.0,12.0,45.0,1.0,1.0
24.0,1.0,19.0,5.0,22,5.0,2.0,40.0,1.0,6.0
25.0,1.0,17.0,5.0,15,8.0,5.0,40.0,1.0,6.0
59.0,5.0,21.0,1.0,5,8.0,0.0,40.0,1.0,1.0
47.0,1.0,16.0,1.0,21,8.0,1.0,40.0,1.0,1.0
36.0,1.0,21.0,5.0,3,8.0,13.0,50.0,1.0,1.0
26.0,1.0,16.0,5.0,12,8.0,2.0,45.0,1.0,6.0
43.0,1.0,12.0,1.0,18,9.0,1.0,40.0,1.0,1.0
68.0,5.0,22.0,5.0,9,8.0,12.0,40.0,2.0,2.0
43.0,2.0,22.0,1.0,0,8.0,0.0,60.0,2.0,1.0
69.0,1.0,20.0,1.0,14,8.0,0.0,50.0,1.0,1.0
43.0,7.0,19.0,1.0,18,8.0,0.0,60.0,1.0,1.0
57.0,1.0,16.0,3.0,16,8.0,0.0,48.0,2.0,1.0
59.0,1.0,19.0,1.0,15,8.0,1.0,40.0,2.0,1.0
40.0,1.0,19.0,1.0,16,8.0,5.0,30.0,1.0,7.0
58.0,3.0,21.0,1.0,6,9.0,0.0,40.0,1.0,1.0
56.0,1.0,17.0,1.0,9,8.0,0.0,40.0,2.0,1.0
28.0,1.0,21.0,5.0,15,8.0,11.0,60.0,2.0,1.0
34.0,1.0,16.0,5.0,16,8.0,2.0,40.0,2.0,1.0
37.0,4.0,18.0,1.0,9,9.0,3.0,40.0,2.0,8.0
30.0,1.0,21.0,5.0,8,8.0,2.0,40.0,2.0,6.0
27.0,1.0,16.0,5.0,22,4.0,12.0,40.0,1.0,6.0
32.0,1.0,20.0,1.0,15,8.0,0.0,42.0,1.0,6.0
61.0,2.0,1.0,1.0,14,6.0,0.0,30.0,2.0,9.0
66.0,3.0,21.0,3.0,7,8.0,0.0,50.0,1.0,1.0
55.0,3.0,18.0,1.0,10,8.0,1.0,70.0,2.0,1.0
42.0,1.0,19.0,5.0,20,4.0,2.0,48.0,1.0,6.0
60.0,1.0,18.0,3.0,10,8.0,0.0,50.0,2.0,1.0
67.0,6.0,24.0,1.0,5,8.0,0.0,35.0,1.0,1.0
35.0,1.0,1.0,5.0,18,8.0,15.0,40.0,1.0,8.0
43.0,1.0,21.0,1.0,0,8.0,0.0,45.0,1.0,1.0
28.0,1.0,19.0,1.0,9,8.0,0.0,40.0,1.0,9.0
53.0,1.0,21.0,5.0,22,6.0,15.0,40.0,1.0,6.0
40.0,1.0,19.0,5.0,4,8.0,0.0,50.0,1.0,8.0
21.0,1.0,19.0,5.0,14,8.0,2.0,35.0,1.0,1.0
54.0,6.0,21.0,1.0,15,8.0,1.0,60.0,1.0,1.0
73.0,1.0,20.0,1.0,0,8.0,0.0,50.0,1.0,1.0
56.0,1.0,17.0,5.0,22,9.0,0.0,40.0,2.0,1.0
43.0,1.0,19.0,3.0,1,1.0,0.0,40.0,1.0,1.0
26.0,1.0,16.0,5.0,12,8.0,2.0,30.0,2.0,2.0
32.0,1.0,22.0,5.0,0,8.0,0.0,45.0,2.0,6.0
19.0,1.0,16.0,5.0,12,8.0,2.0,30.0,1.0,1.0
21.0,1.0,14.0,5.0,12,8.0,5.0,24.0,2.0,9.0
72.0,2.0,18.0,5.0,0,8.0,17.0,56.0,2.0,1.0
68.0,1.0,20.0,3.0,0,8.0,0.0,40.0,1.0,1.0
59.0,2.0,21.0,1.0,2,8.0,0.0,48.0,1.0,1.0
60.0,1.0,1.0,5.0,13,6.0,8.0,40.0,2.0,6.0
41.0,1.0,21.0,5.0,15,4.0,2.0,40.0,2.0,6.0
23.0,1.0,19.0,5.0,14,8.0,10.0,40.0,1.0,1.0
45.0,1.0,21.0,1.0,0,8.0,1.0,40.0,2.0,1.0
59.0,2.0,21.0,4.0,6,8.0,0.0,40.0,2.0,1.0
34.0,1.0,19.0,1.0,0,0.0,1.0,40.0,1.0,1.0
35.0,1.0,21.0,5.0,0,8.0,0.0,80.0,2.0,1.0
40.0,2.0,16.0,3.0,0,8.0,0.0,50.0,2.0,1.0
63.0,1.0,21.0,1.0,1,8.0,0.0,10.0,2.0,1.0
54.0,1.0,20.0,3.0,12,8.0,0.0,40.0,1.0,1.0
31.0,1.0,20.0,5.0,9,8.0,13.0,50.0,1.0,1.0
54.0,1.0,22.0,1.0,1,1.0,0.0,50.0,1.0,9.0
28.0,1.0,19.0,5.0,21,6.0,0.0,65.0,1.0,6.0
44.0,1.0,21.0,1.0,0,8.0,1.0,40.0,1.0,1.0
65.0,8.0,15.0,3.0,14,9.0,6.0,3.0,2.0,1.0
55.0,6.0,20.0,1.0,3,8.0,1.0,2.0,2.0,1.0
46.0,3.0,22.0,1.0,7,8.0,1.0,40.0,2.0,1.0
33.0,1.0,18.0,5.0,20,8.0,5.0,45.0,1.0,1.0
30.0,1.0,21.0,1.0,5,8.0,0.0,55.0,1.0,6.0
39.0,4.0,24.0,1.0,7,4.0,1.0,40.0,2.0,6.0
34.0,1.0,18.0,1.0,18,8.0,1.0,40.0,1.0,1.0
50.0,1.0,16.0,4.0,22,8.0,0.0,60.0,1.0,1.0
29.0,1.0,21.0,1.0,3,5.0,0.0,35.0,1.0,6.0
28.0,1.0,16.0,5.0,21,8.0,0.0,40.0,1.0,1.0
23.0,1.0,16.0,5.0,20,9.0,2.0,40.0,1.0,1.0
49.0,4.0,21.0,1.0,7,9.0,0.0,43.0,2.0,1.0
27.0,1.0,21.0,5.0,12,8.0,4.0,20.0,1.0,6.0
20.0,1.0,19.0,5.0,22,8.0,5.0,16.0,1.0,8.0
48.0,7.0,21.0,1.0,0,8.0,0.0,48.0,1.0,1.0
56.0,1.0,20.0,1.0,21,6.0,0.0,40.0,1.0,6.0
26.0,1.0,20.0,5.0,10,6.0,2.0,32.0,2.0,6.0
66.0,1.0,19.0,5.0,10,8.0,0.0,40.0,2.0,1.0
60.0,8.0,19.0,5.0,10,8.0,0.0,40.0,2.0,2.0
57.0,3.0,22.0,3.0,6,8.0,0.0,38.0,2.0,1.0
37.0,1.0,16.0,3.0,18,8.0,13.0,40.0,1.0,8.0
61.0,1.0,19.0,3.0,9,8.0,0.0,30.0,2.0,8.0
23.0,1.0,16.0,5.0,20,8.0,0.0,40.0,1.0,8.0
59.0,1.0,16.0,1.0,20,8.0,0.0,40.0,1.0,1.0
52.0,1.0,21.0,1.0,10,5.0,0.0,32.0,2.0,6.0
59.0,1.0,19.0,1.0,4,8.0,1.0,30.0,1.0,1.0
44.0,2.0,21.0,1.0,7,8.0,1.0,50.0,2.0,1.0
32.0,1.0,16.0,5.0,22,9.0,2.0,45.0,1.0,8.0
33.0,1.0,16.0,1.0,17,9.0,1.0,40.0,1.0,1.0
45.0,1.0,16.0,1.0,22,9.0,6.0,40.0,1.0,1.0
45.0,1.0,21.0,1.0,3,9.0,0.0,40.0,1.0,8.0
54.0,4.0,16.0,1.0,20,8.0,1.0,40.0,1.0,1.0
28.0,1.0,18.0,4.0,15,8.0,0.0,30.0,2.0,8.0
43.0,7.0,19.0,5.0,18,8.0,0.0,40.0,1.0,8.0
40.0,1.0,20.0,5.0,3,8.0,2.0,40.0,1.0,1.0
43.0,1.0,21.0,1.0,15,8.0,0.0,53.0,1.0,1.0
40.0,3.0,21.0,1.0,7,8.0,0.0,45.0,1.0,1.0
65.0,3.0,20.0,2.0,7,8.0,0.0,50.0,2.0,9.0
40.0,1.0,21.0,1.0,9,6.0,2.0,40.0,2.0,6.0
47.0,6.0,19.0,5.0,0,8.0,13.0,50.0,1.0,8.0
63.0,2.0,24.0,3.0,6,8.0,0.0,40.0,2.0,2.0
35.0,3.0,16.0,5.0,12,8.0,13.0,17.0,2.0,1.0
26.0,5.0,16.0,1.0,7,8.0,0.0,70.0,1.0,1.0
66.0,7.0,20.0,1.0,0,4.0,0.0,40.0,1.0,6.0
20.0,1.0,15.0,5.0,12,8.0,2.0,25.0,2.0,1.0
71.0,6.0,19.0,1.0,15,8.0,0.0,50.0,1.0,1.0
22.0,1.0,19.0,5.0,7,8.0,7.0,5.0,1.0,1.0
62.0,6.0,21.0,1.0,2,8.0,0.0,5.0,1.0,1.0
59.0,1.0,21.0,2.0,15,8.0,0.0,90.0,1.0,2.0
58.0,1.0,1.0,3.0,13,9.0,0.0,16.0,2.0,1.0
25.0,1.0,21.0,5.0,21,8.0,2.0,40.0,2.0,1.0
49.0,2.0,21.0,1.0,9,8.0,0.0,56.0,1.0,1.0
67.0,1.0,20.0,4.0,2,8.0,0.0,40.0,2.0,6.0
52.0,3.0,19.0,1.0,11,8.0,0.0,56.0,1.0,1.0
47.0,1.0,11.0,5.0,22,8.0,17.0,40.0,1.0,8.0
41.0,1.0,19.0,1.0,15,8.0,0.0,40.0,2.0,1.0
70.0,3.0,22.0,1.0,0,8.0,0.0,40.0,1.0,1.0
24.0,1.0,21.0,5.0,15,8.0,12.0,4.0,1.0,1.0
28.0,1.0,23.0,5.0,2,8.0,12.0,40.0,2.0,1.0
78.0,3.0,23.0,1.0,0,8.0,0.0,40.0,1.0,1.0
45.0,6.0,1.0,5.0,18,9.0,13.0,40.0,1.0,8.0
52.0,2.0,16.0,1.0,21,8.0,1.0,40.0,2.0,7.0
40.0,1.0,15.0,5.0,12,6.0,5.0,40.0,1.0,6.0
47.0,6.0,17.0,1.0,20,8.0,1.0,20.0,1.0,1.0
37.0,6.0,15.0,1.0,13,9.0,1.0,30.0,1.0,8.0
19.0,1.0,19.0,5.0,16,8.0,2.0,40.0,1.0,8.0
43.0,1.0,21.0,1.0,1,1.0,1.0,40.0,1.0,1.0
32.0,1.0,21.0,5.0,0,8.0,0.0,40.0,2.0,8.0
34.0,1.0,16.0,5.0,20,6.0,10.0,40.0,1.0,6.0
28.0,2.0,21.0,5.0,7,6.0,0.0,70.0,1.0,6.0
28.0,3.0,21.0,5.0,1,8.0,12.0,40.0,2.0,6.0
71.0,1.0,21.0,1.0,10,6.0,6.0,99.0,1.0,6.0
30.0,1.0,19.0,5.0,18,8.0,0.0,40.0,1.0,1.0
52.0,3.0,21.0,1.0,1,15.0,0.0,55.0,1.0,6.0
64.0,1.0,18.0,5.0,13,8.0,0.0,40.0,1.0,1.0
66.0,1.0,8.0,1.0,17,9.0,0.0,56.0,1.0,9.0
26.0,1.0,21.0,5.0,1,9.0,0.0,40.0,1.0,8.0
65.0,2.0,23.0,1.0,7,8.0,1.0,1.0,1.0,1.0
23.0,1.0,19.0,5.0,11,8.0,0.0,40.0,1.0,1.0
36.0,3.0,21.0,1.0,7,8.0,1.0,74.0,2.0,1.0
50.0,6.0,21.0,1.0,13,8.0,1.0,30.0,2.0,1.0
27.0,1.0,21.0,5.0,3,8.0,0.0,40.0,1.0,1.0
44.0,1.0,20.0,1.0,3,9.0,0.0,40.0,1.0,8.0
35.0,1.0,21.0,1.0,14,8.0,1.0,5.0,2.0,1.0
36.0,1.0,22.0,5.0,3,5.0,0.0,40.0,2.0,6.0
55.0,1.0,24.0,1.0,9,4.0,0.0,80.0,1.0,6.0
40.0,1.0,20.0,1.0,3,8.0,0.0,55.0,1.0,1.0
25.0,1.0,21.0,1.0,8,8.0,1.0,32.0,1.0,1.0
28.0,1.0,22.0,5.0,3,8.0,0.0,40.0,1.0,6.0
20.0,1.0,19.0,5.0,21,8.0,17.0,9.0,1.0,1.0
42.0,1.0,19.0,5.0,21,8.0,10.0,60.0,1.0,1.0
36.0,1.0,21.0,1.0,1,8.0,1.0,65.0,1.0,1.0
37.0,2.0,23.0,1.0,7,8.0,0.0,40.0,2.0,1.0
36.0,1.0,16.0,5.0,13,8.0,2.0,40.0,2.0,1.0
41.0,1.0,21.0,1.0,5,8.0,0.0,30.0,2.0,1.0
20.0,4.0,19.0,5.0,16,8.0,17.0,15.0,2.0,9.0
33.0,1.0,18.0,1.0,16,8.0,1.0,36.0,1.0,8.0
27.0,3.0,21.0,5.0,0,8.0,2.0,32.0,2.0,1.0
58.0,7.0,16.0,3.0,1,6.0,0.0,40.0,2.0,6.0
37.0,1.0,16.0,1.0,21,9.0,0.0,60.0,1.0,8.0
21.0,1.0,19.0,5.0,12,8.0,2.0,24.0,1.0,6.0
30.0,1.0,15.0,1.0,4,8.0,1.0,45.0,1.0,1.0
35.0,5.0,21.0,1.0,16,6.0,0.0,50.0,2.0,6.0
35.0,1.0,19.0,5.0,18,8.0,0.0,40.0,1.0,1.0
47.0,1.0,1.0,5.0,13,9.0,10.0,20.0,1.0,1.0
44.0,7.0,16.0,1.0,15,8.0,0.0,40.0,1.0,1.0
35.0,1.0,16.0,5.0,4,9.0,2.0,40.0,1.0,1.0
58.0,1.0,16.0,3.0,21,8.0,13.0,40.0,1.0,1.0
51.0,4.0,19.0,1.0,8,8.0,1.0,15.0,2.0,8.0
29.0,1.0,20.0,5.0,16,8.0,2.0,40.0,2.0,6.0
22.0,1.0,19.0,5.0,22,8.0,2.0,20.0,1.0,1.0
31.0,2.0,16.0,1.0,10,8.0,1.0,42.0,2.0,1.0
61.0,1.0,24.0,1.0,5,8.0,1.0,60.0,1.0,1.0
21.0,1.0,19.0,5.0,12,8.0,12.0,40.0,1.0,8.0
20.0,1.0,14.0,5.0,0,8.0,2.0,40.0,1.0,8.0
42.0,6.0,16.0,1.0,1,8.0,2.0,20.0,2.0,1.0
21.0,1.0,21.0,5.0,22,8.0,2.0,20.0,1.0,1.0
24.0,1.0,19.0,5.0,22,8.0,2.0,30.0,1.0,6.0
35.0,1.0,22.0,5.0,8,0.0,0.0,60.0,1.0,1.0
29.0,1.0,20.0,1.0,22,8.0,0.0,50.0,1.0,8.0
51.0,1.0,19.0,1.0,18,8.0,1.0,40.0,1.0,1.0
40.0,7.0,24.0,1.0,9,8.0,1.0,60.0,1.0,1.0
51.0,1.0,19.0,3.0,18,8.0,0.0,40.0,1.0,1.0
62.0,1.0,8.0,4.0,17,9.0,0.0,54.0,1.0,8.0
35.0,1.0,19.0,1.0,18,9.0,0.0,40.0,1.0,1.0
45.0,6.0,21.0,5.0,8,8.0,13.0,70.0,1.0,1.0
54.0,3.0,20.0,4.0,7,9.0,0.0,36.0,2.0,8.0
74.0,6.0,23.0,1.0,7,8.0,1.0,70.0,1.0,1.0
43.0,1.0,19.0,1.0,16,8.0,2.0,15.0,2.0,1.0
59.0,1.0,21.0,5.0,5,8.0,0.0,40.0,1.0,1.0
38.0,4.0,22.0,1.0,7,8.0,1.0,30.0,2.0,1.0
49.0,1.0,21.0,1.0,16,8.0,1.0,44.0,2.0,1.0
59.0,1.0,13.0,1.0,21,4.0,5.0,24.0,1.0,6.0
37.0,2.0,20.0,1.0,7,8.0,1.0,24.0,2.0,1.0
29.0,1.0,19.0,5.0,15,9.0,0.0,30.0,2.0,1.0
35.0,1.0,22.0,1.0,0,8.0,0.0,40.0,1.0,1.0
19.0,1.0,19.0,5.0,12,8.0,2.0,25.0,1.0,1.0
30.0,2.0,22.0,5.0,16,8.0,13.0,40.0,2.0,1.0
63.0,1.0,1.0,1.0,21,9.0,1.0,48.0,2.0,1.0
19.0,1.0,16.0,5.0,15,8.0,2.0,25.0,2.0,1.0
65.0,7.0,20.0,3.0,0,8.0,0.0,60.0,1.0,1.0
55.0,1.0,1.0,1.0,22,9.0,6.0,40.0,2.0,1.0
34.0,1.0,19.0,5.0,16,9.0,0.0,40.0,2.0,1.0
26.0,1.0,21.0,5.0,7,0.0,17.0,28.0,1.0,1.0
25.0,1.0,19.0,5.0,12,8.0,0.0,30.0,1.0,1.0
44.0,2.0,21.0,1.0,3,8.0,1.0,40.0,2.0,1.0
32.0,1.0,16.0,5.0,15,8.0,13.0,25.0,2.0,1.0
50.0,4.0,16.0,1.0,16,8.0,0.0,45.0,2.0,1.0
19.0,1.0,16.0,5.0,16,8.0,2.0,10.0,2.0,8.0
48.0,1.0,16.0,3.0,22,9.0,6.0,40.0,2.0,1.0
46.0,3.0,16.0,5.0,10,9.0,2.0,23.0,1.0,8.0
49.0,1.0,22.0,1.0,0,0.0,0.0,40.0,1.0,1.0
44.0,1.0,19.0,1.0,7,8.0,0.0,40.0,2.0,1.0
51.0,1.0,20.0,1.0,8,8.0,0.0,40.0,2.0,1.0
50.0,1.0,19.0,1.0,15,8.0,1.0,40.0,1.0,1.0
32.0,1.0,16.0,1.0,22,8.0,2.0,45.0,1.0,8.0
37.0,3.0,22.0,5.0,9,8.0,0.0,41.0,2.0,1.0
59.0,1.0,16.0,4.0,8,8.0,0.0,24.0,2.0,1.0
43.0,1.0,20.0,1.0,14,8.0,1.0,50.0,2.0,1.0
61.0,3.0,20.0,5.0,6,9.0,10.0,40.0,1.0,1.0
44.0,1.0,9.0,3.0,21,9.0,12.0,35.0,2.0,8.0
43.0,1.0,21.0,1.0,3,10.0,0.0,40.0,1.0,6.0
18.0,2.0,18.0,5.0,18,8.0,17.0,4.0,1.0,1.0
66.0,1.0,19.0,1.0,22,8.0,1.0,40.0,1.0,1.0
17.0,1.0,14.0,5.0,15,8.0,2.0,10.0,1.0,1.0
66.0,1.0,21.0,1.0,5,8.0,0.0,50.0,1.0,1.0
56.0,1.0,18.0,1.0,22,8.0,6.0,40.0,1.0,1.0
28.0,1.0,16.0,1.0,10,8.0,0.0,40.0,2.0,1.0
57.0,6.0,19.0,5.0,8,8.0,0.0,9.0,1.0,1.0
54.0,6.0,16.0,1.0,10,8.0,1.0,60.0,2.0,1.0
23.0,4.0,22.0,5.0,16,8.0,0.0,10.0,1.0,1.0
22.0,7.0,20.0,5.0,22,11.0,12.0,24.0,1.0,2.0
40.0,1.0,16.0,5.0,13,9.0,10.0,20.0,2.0,1.0
66.0,3.0,19.0,5.0,16,8.0,13.0,40.0,1.0,8.0
45.0,1.0,21.0,1.0,8,8.0,0.0,50.0,1.0,1.0
34.0,1.0,13.0,1.0,18,9.0,1.0,40.0,1.0,8.0
54.0,2.0,19.0,1.0,0,8.0,0.0,60.0,2.0,1.0
43.0,1.0,21.0,1.0,15,8.0,0.0,40.0,1.0,6.0
19.0,1.0,16.0,5.0,15,8.0,17.0,25.0,2.0,6.0
58.0,5.0,17.0,1.0,16,9.0,0.0,48.0,1.0,1.0
59.0,2.0,21.0,1.0,16,8.0,0.0,32.0,1.0,9.0
38.0,1.0,16.0,1.0,16,8.0,1.0,27.0,2.0,1.0
29.0,1.0,16.0,5.0,15,8.0,2.0,30.0,2.0,1.0
64.0,1.0,19.0,1.0,3,8.0,0.0,43.0,2.0,1.0
53.0,6.0,21.0,1.0,3,9.0,0.0,40.0,2.0,1.0
46.0,3.0,20.0,3.0,16,8.0,0.0,40.0,2.0,6.0
62.0,6.0,18.0,1.0,7,8.0,0.0,15.0,1.0,6.0
58.0,1.0,17.0,1.0,16,9.0,0.0,30.0,2.0,8.0
38.0,5.0,21.0,1.0,0,8.0,1.0,45.0,2.0,1.0
22.0,1.0,16.0,1.0,15,8.0,9.0,15.0,2.0,1.0
52.0,1.0,22.0,1.0,7,4.0,1.0,20.0,2.0,6.0
38.0,1.0,21.0,1.0,4,4.0,0.0,40.0,1.0,6.0
40.0,1.0,21.0,5.0,21,6.0,2.0,48.0,2.0,6.0
79.0,6.0,16.0,3.0,18,8.0,0.0,12.0,1.0,1.0
74.0,1.0,18.0,1.0,15,8.0,0.0,40.0,1.0,1.0
67.0,4.0,16.0,3.0,10,8.0,0.0,12.0,2.0,2.0
55.0,2.0,16.0,1.0,16,9.0,0.0,25.0,2.0,8.0
61.0,1.0,16.0,3.0,16,8.0,15.0,40.0,2.0,1.0
55.0,3.0,8.0,1.0,6,8.0,1.0,40.0,2.0,5.0
49.0,1.0,19.0,1.0,12,8.0,1.0,40.0,1.0,1.0
32.0,1.0,17.0,5.0,16,8.0,3.0,40.0,2.0,1.0
48.0,6.0,16.0,1.0,18,9.0,1.0,8.0,1.0,2.0
65.0,6.0,19.0,1.0,15,8.0,1.0,20.0,2.0,1.0
58.0,3.0,16.0,1.0,13,8.0,1.0,40.0,1.0,9.0
61.0,1.0,20.0,1.0,15,8.0,1.0,70.0,1.0,1.0
68.0,1.0,21.0,1.0,4,8.0,1.0,40.0,1.0,1.0
42.0,1.0,19.0,5.0,15,8.0,0.0,40.0,2.0,9.0
50.0,1.0,19.0,1.0,16,8.0,1.0,40.0,2.0,1.0
31.0,4.0,19.0,5.0,1,9.0,5.0,40.0,1.0,1.0
37.0,1.0,22.0,1.0,3,8.0,1.0,45.0,2.0,6.0
65.0,1.0,19.0,1.0,16,8.0,0.0,45.0,2.0,1.0
43.0,1.0,22.0,1.0,0,5.0,0.0,60.0,1.0,6.0
46.0,1.0,18.0,1.0,16,9.0,1.0,45.0,1.0,8.0
56.0,2.0,19.0,1.0,16,8.0,0.0,40.0,2.0,1.0
42.0,3.0,22.0,1.0,3,5.0,0.0,40.0,1.0,6.0
27.0,1.0,21.0,5.0,0,8.0,2.0,40.0,2.0,1.0
27.0,1.0,21.0,5.0,17,8.0,13.0,30.0,1.0,9.0
31.0,1.0,16.0,1.0,21,4.0,1.0,40.0,2.0,6.0
32.0,1.0,21.0,5.0,3,8.0,11.0,45.0,1.0,6.0
42.0,3.0,21.0,1.0,7,8.0,1.0,40.0,2.0,1.0
54.0,4.0,21.0,5.0,11,8.0,13.0,50.0,2.0,1.0
45.0,1.0,17.0,3.0,10,8.0,0.0,40.0,2.0,1.0
20.0,5.0,16.0,1.0,20,8.0,1.0,63.0,1.0,8.0
24.0,1.0,16.0,1.0,13,8.0,1.0,40.0,2.0,1.0
27.0,3.0,21.0,1.0,16,8.0,0.0,25.0,2.0,1.0
33.0,1.0,23.0,1.0,2,5.0,1.0,60.0,1.0,6.0
63.0,1.0,1.0,4.0,15,6.0,8.0,48.0,2.0,6.0
54.0,2.0,20.0,1.0,1,0.0,1.0,30.0,2.0,1.0
25.0,1.0,6.0,5.0,15,8.0,2.0,45.0,1.0,6.0
31.0,1.0,22.0,1.0,9,8.0,0.0,40.0,2.0,8.0
30.0,7.0,21.0,1.0,0,8.0,1.0,80.0,2.0,1.0
36.0,6.0,19.0,5.0,1,9.0,0.0,40.0,1.0,1.0
55.0,1.0,17.0,1.0,10,8.0,1.0,32.0,2.0,8.0
24.0,1.0,19.0,1.0,15,8.0,0.0,40.0,1.0,1.0
65.0,6.0,21.0,1.0,16,8.0,0.0,15.0,2.0,1.0
53.0,1.0,20.0,1.0,20,8.0,4.0,50.0,1.0,1.0
66.0,6.0,1.0,1.0,0,9.0,0.0,40.0,1.0,1.0
50.0,1.0,20.0,5.0,18,8.0,4.0,40.0,1.0,2.0
62.0,1.0,16.0,1.0,12,15.0,1.0,32.0,2.0,6.0
68.0,1.0,14.0,3.0,16,8.0,0.0,40.0,2.0,1.0
39.0,1.0,20.0,1.0,18,8.0,0.0,55.0,1.0,1.0
40.0,1.0,21.0,1.0,15,4.0,1.0,40.0,1.0,6.0
54.0,1.0,21.0,3.0,7,8.0,2.0,20.0,2.0,1.0
19.0,1.0,19.0,5.0,22,8.0,2.0,20.0,1.0,8.0
37.0,1.0,17.0,5.0,12,8.0,0.0,40.0,1.0,1.0
34.0,6.0,21.0,3.0,21,5.0,2.0,40.0,1.0,1.0
38.0,1.0,16.0,5.0,16,6.0,13.0,40.0,2.0,6.0
26.0,1.0,21.0,5.0,9,8.0,2.0,40.0,2.0,1.0
55.0,3.0,19.0,3.0,9,8.0,6.0,40.0,2.0,1.0
39.0,1.0,16.0,5.0,0,8.0,12.0,40.0,1.0,9.0
52.0,2.0,22.0,1.0,9,8.0,0.0,55.0,2.0,1.0
20.0,1.0,19.0,5.0,16,8.0,0.0,40.0,1.0,6.0
25.0,1.0,21.0,1.0,12,8.0,2.0,40.0,2.0,6.0
40.0,1.0,19.0,1.0,5,8.0,1.0,50.0,1.0,1.0
28.0,1.0,21.0,1.0,4,8.0,0.0,40.0,1.0,6.0
61.0,6.0,21.0,1.0,15,5.0,0.0,40.0,1.0,9.0
42.0,1.0,10.0,1.0,16,9.0,0.0,50.0,2.0,8.0
50.0,1.0,21.0,1.0,2,9.0,0.0,40.0,2.0,8.0
49.0,1.0,16.0,2.0,13,9.0,6.0,35.0,2.0,1.0
29.0,1.0,22.0,1.0,15,8.0,0.0,50.0,1.0,1.0
47.0,1.0,21.0,1.0,0,8.0,0.0,40.0,2.0,1.0
52.0,1.0,21.0,1.0,10,6.0,17.0,56.0,1.0,6.0
55.0,1.0,21.0,1.0,15,8.0,1.0,23.0,2.0,1.0
55.0,3.0,19.0,1.0,7,4.0,1.0,30.0,2.0,6.0
57.0,1.0,18.0,1.0,20,8.0,1.0,42.0,1.0,1.0
53.0,1.0,18.0,1.0,18,8.0,0.0,40.0,1.0,1.0
39.0,6.0,14.0,1.0,15,9.0,1.0,40.0,1.0,8.0
45.0,1.0,17.0,1.0,15,9.0,1.0,40.0,2.0,1.0
54.0,3.0,20.0,1.0,16,8.0,1.0,50.0,2.0,1.0
31.0,1.0,24.0,5.0,0,5.0,0.0,40.0,1.0,1.0
29.0,1.0,19.0,1.0,15,8.0,1.0,36.0,1.0,1.0
47.0,3.0,18.0,5.0,11,8.0,0.0,56.0,1.0,1.0
57.0,1.0,22.0,3.0,15,4.0,0.0,40.0,2.0,6.0
29.0,1.0,16.0,5.0,20,8.0,2.0,50.0,1.0,1.0
41.0,1.0,16.0,5.0,18,8.0,11.0,35.0,1.0,2.0
72.0,2.0,21.0,3.0,14,1.0,0.0,1.0,2.0,1.0
48.0,1.0,16.0,3.0,22,6.0,0.0,40.0,1.0,6.0
28.0,3.0,21.0,5.0,7,8.0,0.0,35.0,2.0,1.0
58.0,1.0,10.0,3.0,0,8.0,0.0,50.0,1.0,1.0
18.0,1.0,16.0,5.0,21,8.0,7.0,15.0,1.0,2.0
50.0,1.0,21.0,3.0,9,4.0,0.0,48.0,2.0,6.0
27.0,1.0,21.0,1.0,16,8.0,2.0,42.0,2.0,1.0
48.0,2.0,18.0,1.0,13,9.0,1.0,55.0,1.0,3.0
33.0,1.0,21.0,1.0,9,8.0,1.0,16.0,2.0,1.0
32.0,1.0,20.0,5.0,22,8.0,0.0,40.0,1.0,8.0
45.0,1.0,15.0,1.0,12,9.0,1.0,50.0,1.0,1.0
30.0,1.0,21.0,5.0,9,7.0,0.0,40.0,1.0,1.0
43.0,2.0,20.0,3.0,9,,0.0,40.0,2.0,1.0
65.0,7.0,24.0,1.0,7,8.0,1.0,40.0,1.0,1.0
50.0,1.0,16.0,5.0,20,8.0,10.0,40.0,1.0,2.0
48.0,7.0,22.0,1.0,15,8.0,0.0,60.0,1.0,1.0
64.0,1.0,19.0,1.0,15,8.0,1.0,40.0,2.0,1.0
49.0,1.0,19.0,3.0,16,7.0,5.0,40.0,1.0,1.0
18.0,1.0,16.0,5.0,15,6.0,2.0,30.0,1.0,6.0
35.0,4.0,22.0,1.0,7,8.0,0.0,10.0,1.0,1.0
25.0,1.0,19.0,5.0,15,8.0,0.0,40.0,2.0,9.0
61.0,1.0,21.0,5.0,16,8.0,0.0,50.0,2.0,1.0
39.0,1.0,10.0,1.0,22,9.0,1.0,40.0,1.0,8.0
45.0,1.0,19.0,1.0,10,8.0,1.0,44.0,2.0,2.0
50.0,1.0,22.0,1.0,2,8.0,0.0,40.0,2.0,1.0
42.0,1.0,21.0,1.0,3,8.0,9.0,40.0,1.0,1.0
53.0,3.0,16.0,3.0,21,9.0,0.0,40.0,2.0,1.0
55.0,1.0,13.0,1.0,8,8.0,0.0,40.0,1.0,1.0
37.0,1.0,16.0,3.0,15,3.0,0.0,37.0,2.0,1.0
38.0,2.0,20.0,1.0,1,8.0,1.0,40.0,2.0,1.0
32.0,2.0,20.0,1.0,16,8.0,1.0,20.0,2.0,1.0
23.0,1.0,16.0,5.0,15,8.0,7.0,20.0,2.0,9.0
49.0,1.0,21.0,5.0,3,8.0,0.0,40.0,2.0,1.0
26.0,1.0,19.0,5.0,20,8.0,2.0,40.0,1.0,1.0
59.0,6.0,20.0,5.0,1,8.0,0.0,40.0,2.0,6.0
56.0,3.0,19.0,1.0,16,8.0,1.0,40.0,2.0,1.0
67.0,1.0,16.0,3.0,22,8.0,0.0,40.0,1.0,1.0
49.0,1.0,16.0,5.0,16,9.0,13.0,20.0,1.0,8.0
22.0,1.0,20.0,5.0,12,8.0,2.0,15.0,1.0,6.0
31.0,1.0,16.0,2.0,16,8.0,2.0,40.0,1.0,8.0
54.0,1.0,21.0,1.0,14,3.0,1.0,20.0,2.0,1.0
51.0,6.0,22.0,1.0,0,4.0,0.0,30.0,1.0,6.0
21.0,1.0,19.0,5.0,15,8.0,2.0,16.0,1.0,1.0
45.0,1.0,19.0,1.0,22,6.0,1.0,40.0,1.0,6.0
66.0,7.0,18.0,1.0,21,7.0,1.0,55.0,1.0,1.0
49.0,1.0,20.0,1.0,10,8.0,0.0,50.0,2.0,1.0
73.0,1.0,21.0,3.0,0,8.0,0.0,4.0,2.0,1.0
59.0,1.0,14.0,3.0,15,8.0,2.0,40.0,2.0,1.0
40.0,6.0,14.0,1.0,13,9.0,0.0,40.0,2.0,8.0
60.0,1.0,20.0,1.0,21,6.0,1.0,40.0,2.0,6.0
58.0,1.0,19.0,1.0,13,8.0,1.0,40.0,1.0,1.0
26.0,1.0,21.0,1.0,0,8.0,0.0,40.0,1.0,1.0
42.0,1.0,20.0,1.0,16,8.0,0.0,40.0,2.0,1.0
56.0,6.0,19.0,3.0,10,8.0,13.0,15.0,2.0,1.0
45.0,1.0,21.0,1.0,16,8.0,0.0,40.0,2.0,2.0
19.0,1.0,19.0,5.0,15,8.0,2.0,24.0,1.0,8.0
50.0,3.0,21.0,3.0,7,8.0,0.0,40.0,2.0,1.0
29.0,1.0,19.0,5.0,20,8.0,0.0,45.0,1.0,8.0
57.0,1.0,19.0,1.0,21,9.0,10.0,80.0,1.0,8.0
58.0,5.0,21.0,5.0,4,8.0,0.0,40.0,2.0,1.0
24.0,1.0,21.0,5.0,3,0.0,0.0,45.0,1.0,1.0
45.0,2.0,21.0,3.0,6,8.0,0.0,42.0,2.0,5.0
59.0,2.0,20.0,1.0,9,8.0,0.0,40.0,1.0,1.0
72.0,6.0,16.0,3.0,22,8.0,0.0,25.0,2.0,1.0
58.0,3.0,16.0,5.0,11,8.0,13.0,40.0,2.0,2.0
24.0,1.0,20.0,5.0,9,8.0,2.0,60.0,1.0,8.0
62.0,1.0,23.0,1.0,4,8.0,0.0,32.0,1.0,1.0
27.0,1.0,21.0,5.0,8,4.0,2.0,40.0,2.0,6.0
39.0,1.0,16.0,1.0,12,9.0,0.0,30.0,2.0,1.0
34.0,3.0,24.0,1.0,5,8.0,1.0,40.0,1.0,2.0
40.0,3.0,20.0,1.0,11,8.0,1.0,60.0,1.0,6.0
31.0,1.0,21.0,5.0,12,8.0,0.0,30.0,1.0,1.0
58.0,1.0,19.0,1.0,7,8.0,1.0,40.0,1.0,1.0
21.0,2.0,16.0,5.0,16,8.0,2.0,20.0,2.0,6.0
26.0,1.0,16.0,5.0,22,5.0,5.0,40.0,1.0,6.0
26.0,1.0,16.0,5.0,13,8.0,2.0,40.0,1.0,8.0
59.0,5.0,17.0,1.0,16,9.0,0.0,40.0,1.0,1.0
51.0,1.0,18.0,1.0,10,4.0,0.0,37.0,2.0,6.0
50.0,1.0,21.0,3.0,6,,0.0,40.0,1.0,2.0
51.0,3.0,18.0,1.0,7,8.0,1.0,30.0,2.0,9.0
28.0,1.0,20.0,5.0,11,8.0,0.0,40.0,1.0,1.0
27.0,1.0,16.0,5.0,16,8.0,2.0,24.0,1.0,6.0
49.0,1.0,21.0,1.0,20,8.0,1.0,40.0,1.0,1.0
28.0,1.0,21.0,1.0,3,5.0,1.0,40.0,2.0,6.0
33.0,4.0,20.0,5.0,16,8.0,0.0,32.0,2.0,2.0
49.0,1.0,21.0,3.0,15,8.0,0.0,40.0,2.0,1.0
30.0,1.0,16.0,1.0,15,8.0,15.0,15.0,2.0,8.0
23.0,7.0,21.0,5.0,8,8.0,2.0,50.0,1.0,1.0
63.0,1.0,21.0,1.0,9,8.0,1.0,37.0,2.0,1.0
19.0,3.0,18.0,5.0,7,8.0,2.0,25.0,2.0,1.0
63.0,3.0,19.0,3.0,2,8.0,0.0,40.0,1.0,2.0
39.0,6.0,19.0,1.0,15,8.0,0.0,50.0,2.0,1.0
22.0,4.0,19.0,5.0,16,8.0,17.0,10.0,2.0,8.0
49.0,1.0,17.0,1.0,22,9.0,2.0,40.0,1.0,8.0
67.0,1.0,13.0,1.0,22,15.0,6.0,20.0,1.0,6.0
30.0,6.0,14.0,1.0,18,9.0,0.0,40.0,1.0,8.0
43.0,1.0,18.0,1.0,0,8.0,0.0,40.0,2.0,1.0
29.0,1.0,9.0,5.0,18,9.0,0.0,40.0,1.0,1.0
31.0,1.0,20.0,1.0,9,6.0,0.0,30.0,2.0,6.0
53.0,1.0,14.0,3.0,21,8.0,2.0,40.0,1.0,9.0
33.0,1.0,16.0,5.0,16,8.0,0.0,40.0,2.0,8.0
38.0,1.0,19.0,5.0,15,8.0,0.0,40.0,1.0,1.0
36.0,1.0,17.0,1.0,7,8.0,0.0,40.0,2.0,1.0
49.0,1.0,7.0,1.0,17,9.0,0.0,60.0,1.0,1.0
50.0,1.0,24.0,1.0,5,4.0,1.0,45.0,2.0,6.0
40.0,1.0,22.0,1.0,0,8.0,1.0,40.0,1.0,1.0
47.0,1.0,20.0,3.0,16,8.0,0.0,40.0,2.0,1.0
49.0,7.0,21.0,1.0,0,8.0,0.0,40.0,1.0,1.0
17.0,1.0,14.0,5.0,12,8.0,2.0,20.0,2.0,9.0
29.0,3.0,22.0,5.0,11,8.0,2.0,44.0,1.0,1.0
32.0,1.0,15.0,1.0,13,9.0,1.0,40.0,1.0,1.0
55.0,1.0,20.0,3.0,16,8.0,0.0,40.0,2.0,1.0
30.0,1.0,16.0,1.0,22,9.0,9.0,40.0,1.0,1.0
26.0,2.0,21.0,1.0,9,8.0,0.0,36.0,1.0,9.0
55.0,1.0,20.0,1.0,22,8.0,1.0,55.0,1.0,1.0
27.0,1.0,16.0,1.0,18,9.0,9.0,40.0,1.0,5.0
41.0,1.0,16.0,1.0,9,6.0,2.0,40.0,1.0,6.0
59.0,4.0,18.0,3.0,9,8.0,0.0,40.0,2.0,1.0
58.0,6.0,16.0,1.0,14,6.0,1.0,25.0,2.0,6.0
24.0,5.0,19.0,5.0,23,8.0,17.0,60.0,1.0,8.0
51.0,1.0,22.0,1.0,4,8.0,1.0,40.0,1.0,1.0
23.0,1.0,19.0,5.0,21,8.0,5.0,40.0,1.0,8.0
66.0,1.0,12.0,1.0,15,8.0,1.0,40.0,2.0,1.0
32.0,2.0,21.0,5.0,9,8.0,11.0,32.0,2.0,1.0
25.0,1.0,21.0,5.0,1,8.0,2.0,30.0,2.0,1.0
44.0,6.0,23.0,3.0,5,8.0,0.0,40.0,1.0,1.0
40.0,1.0,22.0,5.0,9,8.0,2.0,40.0,2.0,6.0
54.0,1.0,15.0,1.0,19,9.0,0.0,40.0,1.0,1.0
31.0,1.0,21.0,5.0,7,8.0,0.0,40.0,2.0,1.0
32.0,7.0,21.0,1.0,0,8.0,2.0,70.0,1.0,1.0
31.0,1.0,16.0,5.0,22,8.0,4.0,40.0,1.0,1.0
19.0,2.0,19.0,5.0,15,7.0,2.0,40.0,1.0,1.0
61.0,1.0,21.0,1.0,22,8.0,0.0,40.0,1.0,1.0
34.0,1.0,15.0,5.0,21,9.0,13.0,40.0,1.0,8.0
57.0,3.0,22.0,1.0,7,8.0,1.0,25.0,1.0,8.0
60.0,1.0,16.0,3.0,16,8.0,0.0,30.0,2.0,1.0
42.0,2.0,24.0,1.0,7,8.0,0.0,60.0,2.0,1.0
58.0,1.0,16.0,3.0,20,8.0,15.0,50.0,1.0,1.0
43.0,1.0,23.0,1.0,9,8.0,1.0,28.0,2.0,1.0
47.0,2.0,22.0,1.0,0,3.0,1.0,45.0,2.0,1.0
50.0,3.0,22.0,1.0,4,8.0,1.0,40.0,1.0,1.0
38.0,1.0,19.0,3.0,18,8.0,16.0,40.0,1.0,1.0
58.0,7.0,19.0,1.0,1,8.0,1.0,50.0,1.0,1.0
24.0,1.0,21.0,1.0,16,6.0,0.0,40.0,2.0,6.0
63.0,6.0,19.0,1.0,2,8.0,0.0,70.0,1.0,1.0
32.0,2.0,18.0,5.0,16,8.0,13.0,40.0,2.0,8.0
57.0,1.0,16.0,1.0,14,8.0,0.0,15.0,2.0,8.0
39.0,1.0,22.0,1.0,0,8.0,0.0,45.0,2.0,1.0
23.0,1.0,21.0,5.0,1,4.0,11.0,40.0,2.0,6.0
46.0,6.0,19.0,1.0,14,6.0,0.0,40.0,1.0,6.0
29.0,1.0,21.0,1.0,0,7.0,1.0,40.0,2.0,1.0
41.0,2.0,19.0,1.0,21,8.0,1.0,40.0,1.0,1.0
36.0,1.0,22.0,5.0,3,5.0,0.0,60.0,1.0,6.0
23.0,1.0,19.0,5.0,15,8.0,17.0,20.0,2.0,3.0
24.0,1.0,15.0,5.0,21,8.0,15.0,40.0,1.0,1.0
42.0,6.0,21.0,1.0,15,8.0,0.0,10.0,2.0,1.0
22.0,1.0,19.0,5.0,8,8.0,0.0,30.0,2.0,2.0
30.0,1.0,21.0,1.0,0,8.0,0.0,45.0,2.0,1.0
59.0,1.0,19.0,3.0,0,8.0,0.0,35.0,2.0,1.0
61.0,1.0,16.0,1.0,22,8.0,1.0,45.0,1.0,1.0
40.0,1.0,20.0,3.0,7,8.0,0.0,40.0,1.0,8.0
36.0,1.0,16.0,1.0,12,8.0,2.0,20.0,2.0,2.0
38.0,1.0,16.0,4.0,20,8.0,2.0,40.0,1.0,1.0
34.0,1.0,19.0,1.0,0,8.0,0.0,40.0,1.0,1.0
43.0,6.0,19.0,1.0,11,8.0,4.0,67.0,1.0,1.0
53.0,3.0,21.0,3.0,11,8.0,0.0,50.0,1.0,6.0
31.0,6.0,19.0,5.0,8,8.0,0.0,60.0,1.0,1.0
28.0,1.0,16.0,5.0,17,8.0,2.0,40.0,2.0,8.0
66.0,2.0,21.0,1.0,4,8.0,0.0,40.0,1.0,1.0
74.0,6.0,22.0,3.0,7,8.0,0.0,20.0,1.0,1.0
33.0,1.0,21.0,5.0,0,5.0,13.0,40.0,1.0,6.0
43.0,7.0,1.0,3.0,13,9.0,6.0,30.0,2.0,1.0
41.0,2.0,21.0,1.0,3,8.0,0.0,40.0,1.0,1.0
75.0,2.0,24.0,1.0,7,9.0,1.0,24.0,2.0,2.0
61.0,1.0,19.0,3.0,9,8.0,0.0,40.0,2.0,1.0
54.0,1.0,20.0,1.0,16,9.0,1.0,40.0,1.0,3.0
35.0,6.0,9.0,3.0,18,9.0,15.0,45.0,1.0,1.0
23.0,1.0,21.0,5.0,16,8.0,2.0,40.0,1.0,1.0
18.0,1.0,16.0,5.0,15,8.0,17.0,25.0,2.0,9.0
36.0,1.0,21.0,1.0,3,6.0,0.0,50.0,1.0,6.0
42.0,1.0,22.0,1.0,3,5.0,0.0,40.0,1.0,6.0
69.0,6.0,9.0,3.0,18,9.0,0.0,30.0,1.0,1.0
38.0,3.0,22.0,1.0,7,8.0,0.0,50.0,2.0,1.0
31.0,1.0,17.0,5.0,22,8.0,13.0,40.0,2.0,1.0
20.0,1.0,19.0,5.0,22,8.0,2.0,12.0,2.0,1.0
42.0,1.0,21.0,1.0,1,8.0,0.0,40.0,2.0,1.0
54.0,1.0,16.0,1.0,0,8.0,1.0,40.0,1.0,1.0
51.0,7.0,16.0,1.0,15,8.0,1.0,50.0,1.0,1.0
26.0,1.0,13.0,1.0,15,8.0,5.0,40.0,1.0,1.0
50.0,7.0,21.0,5.0,3,8.0,11.0,60.0,1.0,1.0
33.0,1.0,21.0,1.0,3,6.0,11.0,40.0,1.0,6.0
55.0,1.0,16.0,3.0,12,6.0,15.0,50.0,2.0,6.0
22.0,5.0,19.0,5.0,20,6.0,17.0,85.0,1.0,6.0
53.0,1.0,19.0,5.0,0,8.0,0.0,40.0,1.0,1.0
41.0,1.0,16.0,5.0,22,8.0,2.0,44.0,1.0,1.0
46.0,7.0,5.0,1.0,17,9.0,6.0,30.0,1.0,1.0
31.0,1.0,18.0,1.0,21,6.0,1.0,40.0,2.0,6.0
50.0,1.0,21.0,3.0,15,8.0,13.0,40.0,1.0,1.0
32.0,6.0,21.0,5.0,8,8.0,0.0,20.0,2.0,1.0
33.0,1.0,19.0,3.0,16,8.0,2.0,40.0,2.0,1.0
48.0,4.0,22.0,1.0,0,8.0,0.0,50.0,2.0,1.0
80.0,7.0,16.0,2.0,0,8.0,0.0,20.0,2.0,1.0
41.0,3.0,21.0,1.0,6,8.0,0.0,40.0,2.0,1.0
43.0,1.0,23.0,1.0,9,8.0,1.0,33.0,1.0,9.0
29.0,1.0,13.0,1.0,18,9.0,1.0,30.0,1.0,1.0
43.0,3.0,21.0,1.0,16,8.0,1.0,40.0,2.0,6.0
57.0,1.0,21.0,1.0,21,8.0,0.0,40.0,1.0,1.0
29.0,1.0,23.0,1.0,7,7.0,1.0,50.0,1.0,1.0
18.0,1.0,18.0,5.0,16,8.0,17.0,13.0,2.0,1.0
35.0,1.0,9.0,1.0,22,9.0,0.0,40.0,1.0,1.0
34.0,1.0,16.0,5.0,16,8.0,2.0,40.0,1.0,1.0
51.0,3.0,21.0,1.0,16,8.0,1.0,40.0,2.0,1.0
40.0,6.0,22.0,1.0,7,9.0,1.0,35.0,2.0,8.0
27.0,1.0,21.0,1.0,16,8.0,2.0,45.0,1.0,1.0
68.0,4.0,16.0,3.0,12,6.0,0.0,32.0,2.0,6.0
44.0,1.0,11.0,1.0,21,9.0,1.0,40.0,2.0,8.0
32.0,1.0,16.0,3.0,22,8.0,10.0,60.0,1.0,1.0
32.0,1.0,16.0,5.0,22,8.0,13.0,40.0,1.0,5.0
55.0,7.0,19.0,1.0,0,7.0,0.0,30.0,1.0,1.0
61.0,1.0,22.0,1.0,16,8.0,1.0,40.0,2.0,1.0
31.0,1.0,16.0,5.0,12,9.0,2.0,40.0,1.0,8.0
61.0,4.0,19.0,1.0,9,6.0,1.0,18.0,2.0,6.0
52.0,3.0,16.0,3.0,11,8.0,13.0,40.0,1.0,1.0
18.0,1.0,12.0,5.0,15,9.0,4.0,20.0,1.0,8.0
21.0,1.0,16.0,5.0,17,8.0,2.0,40.0,1.0,2.0
29.0,3.0,20.0,1.0,9,6.0,1.0,44.0,2.0,6.0
51.0,1.0,18.0,5.0,15,8.0,2.0,40.0,1.0,1.0
40.0,4.0,23.0,5.0,0,8.0,0.0,45.0,1.0,1.0
48.0,1.0,16.0,1.0,0,8.0,0.0,46.0,2.0,1.0
57.0,6.0,14.0,1.0,22,5.0,0.0,52.0,1.0,6.0
49.0,1.0,11.0,1.0,22,9.0,1.0,40.0,1.0,8.0
34.0,1.0,20.0,1.0,3,8.0,1.0,40.0,1.0,1.0
60.0,1.0,24.0,3.0,4,4.0,0.0,40.0,1.0,6.0
69.0,2.0,19.0,3.0,15,8.0,8.0,30.0,2.0,9.0
34.0,1.0,21.0,1.0,15,3.0,1.0,12.0,2.0,1.0
50.0,1.0,21.0,1.0,3,8.0,0.0,45.0,2.0,6.0
26.0,1.0,21.0,1.0,3,8.0,0.0,40.0,2.0,9.0
37.0,2.0,21.0,1.0,5,8.0,1.0,30.0,2.0,1.0
38.0,1.0,16.0,4.0,13,9.0,12.0,40.0,2.0,8.0
31.0,1.0,21.0,1.0,15,8.0,1.0,40.0,1.0,1.0
46.0,1.0,21.0,5.0,8,8.0,13.0,50.0,1.0,1.0
20.0,1.0,18.0,5.0,21,8.0,2.0,25.0,1.0,6.0
35.0,1.0,13.0,1.0,22,8.0,10.0,60.0,1.0,1.0
75.0,1.0,19.0,3.0,4,8.0,0.0,40.0,1.0,1.0
51.0,1.0,14.0,3.0,18,8.0,0.0,40.0,1.0,1.0
35.0,1.0,18.0,3.0,9,8.0,0.0,44.0,2.0,1.0
54.0,6.0,19.0,1.0,15,4.0,0.0,50.0,2.0,6.0
25.0,6.0,21.0,5.0,0,8.0,0.0,30.0,1.0,1.0
63.0,1.0,17.0,1.0,18,8.0,1.0,40.0,1.0,1.0
22.0,1.0,16.0,5.0,12,8.0,13.0,40.0,2.0,1.0
52.0,1.0,19.0,3.0,0,8.0,2.0,40.0,2.0,1.0
28.0,1.0,20.0,1.0,9,8.0,0.0,25.0,2.0,1.0
35.0,1.0,21.0,5.0,21,8.0,0.0,40.0,1.0,1.0
56.0,5.0,16.0,1.0,16,8.0,0.0,50.0,2.0,1.0
51.0,3.0,19.0,1.0,10,8.0,1.0,40.0,1.0,2.0
22.0,1.0,19.0,1.0,16,8.0,1.0,40.0,2.0,8.0
39.0,1.0,18.0,5.0,22,8.0,13.0,40.0,1.0,1.0
73.0,1.0,20.0,2.0,15,8.0,0.0,50.0,2.0,1.0
67.0,2.0,18.0,1.0,14,9.0,1.0,6.0,2.0,1.0
47.0,1.0,20.0,5.0,12,9.0,13.0,35.0,1.0,1.0
59.0,1.0,18.0,1.0,9,8.0,1.0,40.0,2.0,1.0
54.0,1.0,1.0,1.0,18,9.0,0.0,40.0,1.0,8.0
45.0,1.0,18.0,1.0,0,4.0,0.0,40.0,1.0,1.0
34.0,1.0,21.0,1.0,0,8.0,0.0,40.0,2.0,1.0
67.0,6.0,21.0,5.0,13,8.0,15.0,40.0,1.0,1.0
49.0,2.0,15.0,5.0,9,8.0,2.0,40.0,2.0,8.0
31.0,3.0,21.0,1.0,11,8.0,0.0,50.0,2.0,8.0
38.0,1.0,22.0,5.0,0,8.0,13.0,45.0,2.0,1.0
58.0,5.0,22.0,3.0,0,8.0,0.0,60.0,1.0,1.0
39.0,1.0,12.0,5.0,15,8.0,0.0,60.0,2.0,8.0
32.0,1.0,21.0,5.0,10,8.0,2.0,40.0,2.0,2.0
24.0,1.0,20.0,5.0,9,14.0,7.0,24.0,2.0,2.0
35.0,1.0,16.0,1.0,15,8.0,2.0,45.0,1.0,6.0
33.0,1.0,14.0,1.0,3,8.0,10.0,28.0,1.0,2.0
47.0,1.0,15.0,5.0,20,9.0,0.0,40.0,1.0,8.0
62.0,1.0,20.0,1.0,13,8.0,1.0,24.0,2.0,1.0
70.0,6.0,22.0,1.0,8,8.0,0.0,20.0,2.0,1.0
42.0,1.0,21.0,1.0,6,9.0,1.0,40.0,2.0,1.0
20.0,1.0,13.0,5.0,12,9.0,2.0,44.0,1.0,8.0
28.0,1.0,19.0,5.0,12,9.0,2.0,40.0,2.0,1.0
27.0,1.0,15.0,5.0,21,8.0,3.0,60.0,1.0,1.0
38.0,1.0,21.0,1.0,0,8.0,0.0,50.0,1.0,1.0
31.0,1.0,21.0,5.0,2,8.0,0.0,50.0,1.0,6.0
43.0,1.0,9.0,1.0,13,9.0,1.0,37.0,2.0,1.0
27.0,2.0,19.0,5.0,3,8.0,2.0,40.0,2.0,9.0
19.0,2.0,16.0,5.0,12,8.0,2.0,6.0,1.0,1.0
27.0,1.0,19.0,5.0,16,8.0,2.0,40.0,1.0,6.0
56.0,2.0,22.0,3.0,18,8.0,0.0,40.0,1.0,1.0
26.0,1.0,20.0,5.0,18,8.0,0.0,32.0,1.0,1.0
52.0,1.0,16.0,5.0,22,8.0,11.0,40.0,1.0,1.0
51.0,1.0,22.0,1.0,0,8.0,0.0,50.0,1.0,1.0
38.0,1.0,19.0,4.0,4,8.0,0.0,40.0,2.0,9.0
69.0,3.0,19.0,2.0,16,8.0,0.0,20.0,2.0,1.0
45.0,1.0,10.0,1.0,17,9.0,0.0,40.0,2.0,8.0
31.0,1.0,21.0,1.0,2,6.0,1.0,40.0,2.0,6.0
27.0,1.0,20.0,1.0,1,4.0,1.0,40.0,2.0,6.0
42.0,1.0,19.0,1.0,10,6.0,0.0,60.0,2.0,6.0
37.0,3.0,21.0,5.0,4,8.0,0.0,40.0,1.0,9.0
34.0,1.0,16.0,1.0,18,9.0,1.0,80.0,1.0,1.0
63.0,4.0,20.0,3.0,11,8.0,0.0,40.0,2.0,8.0
19.0,1.0,16.0,5.0,21,8.0,2.0,40.0,2.0,1.0
28.0,1.0,19.0,5.0,16,8.0,7.0,30.0,1.0,9.0
23.0,1.0,16.0,5.0,15,8.0,5.0,40.0,2.0,1.0
55.0,1.0,9.0,1.0,12,9.0,6.0,45.0,1.0,1.0
54.0,6.0,16.0,3.0,14,8.0,0.0,23.0,2.0,1.0
66.0,1.0,11.0,1.0,15,6.0,0.0,40.0,1.0,6.0
53.0,1.0,16.0,1.0,21,6.0,10.0,40.0,2.0,6.0
37.0,1.0,16.0,1.0,13,9.0,1.0,40.0,1.0,1.0
43.0,3.0,22.0,1.0,16,4.0,1.0,40.0,2.0,6.0
39.0,6.0,22.0,3.0,14,9.0,0.0,99.0,2.0,2.0
49.0,6.0,16.0,1.0,14,4.0,1.0,60.0,2.0,9.0
30.0,1.0,19.0,5.0,21,8.0,10.0,50.0,1.0,1.0
49.0,4.0,21.0,1.0,11,4.0,0.0,40.0,1.0,6.0
40.0,2.0,19.0,5.0,9,8.0,0.0,80.0,2.0,1.0
49.0,1.0,12.0,1.0,15,8.0,1.0,40.0,1.0,1.0
24.0,1.0,21.0,5.0,15,8.0,2.0,45.0,1.0,1.0
23.0,4.0,21.0,5.0,16,8.0,0.0,15.0,1.0,1.0
55.0,1.0,19.0,1.0,0,8.0,1.0,80.0,1.0,1.0
18.0,1.0,18.0,5.0,16,9.0,2.0,30.0,1.0,1.0
44.0,1.0,22.0,1.0,1,5.0,0.0,40.0,1.0,6.0
31.0,6.0,19.0,1.0,13,9.0,1.0,40.0,1.0,8.0
52.0,1.0,1.0,1.0,16,9.0,1.0,40.0,2.0,1.0
64.0,3.0,22.0,1.0,0,8.0,0.0,50.0,1.0,1.0
52.0,1.0,19.0,1.0,16,8.0,10.0,40.0,2.0,1.0
28.0,1.0,21.0,5.0,4,8.0,0.0,40.0,1.0,1.0
38.0,1.0,21.0,5.0,0,6.0,0.0,45.0,2.0,6.0
49.0,1.0,1.0,1.0,15,9.0,0.0,50.0,1.0,1.0
32.0,1.0,16.0,1.0,14,6.0,10.0,40.0,2.0,6.0
51.0,1.0,1.0,1.0,12,1.0,0.0,30.0,2.0,6.0
34.0,1.0,21.0,5.0,4,8.0,0.0,40.0,2.0,1.0
49.0,5.0,18.0,1.0,16,8.0,0.0,42.0,1.0,1.0
59.0,1.0,21.0,2.0,0,8.0,13.0,40.0,2.0,1.0
37.0,3.0,22.0,1.0,16,8.0,1.0,40.0,2.0,1.0
56.0,1.0,19.0,1.0,5,6.0,0.0,40.0,1.0,6.0
41.0,1.0,22.0,1.0,0,6.0,0.0,48.0,1.0,6.0
61.0,1.0,22.0,3.0,3,8.0,0.0,50.0,1.0,1.0
60.0,7.0,23.0,1.0,7,8.0,1.0,60.0,1.0,1.0
25.0,1.0,16.0,5.0,15,8.0,2.0,33.0,2.0,3.0
24.0,1.0,16.0,5.0,16,8.0,12.0,40.0,2.0,8.0
26.0,6.0,16.0,5.0,3,8.0,2.0,32.0,1.0,1.0
30.0,2.0,23.0,1.0,7,8.0,0.0,60.0,1.0,1.0
22.0,4.0,21.0,5.0,7,8.0,2.0,20.0,2.0,1.0
32.0,1.0,18.0,1.0,15,8.0,1.0,45.0,1.0,1.0
67.0,2.0,21.0,1.0,7,8.0,1.0,36.0,1.0,1.0
32.0,1.0,14.0,5.0,22,9.0,0.0,20.0,1.0,8.0
46.0,4.0,19.0,1.0,20,8.0,0.0,40.0,1.0,1.0
69.0,1.0,20.0,3.0,22,8.0,0.0,24.0,1.0,1.0
51.0,1.0,19.0,5.0,7,8.0,16.0,40.0,1.0,1.0
44.0,1.0,15.0,5.0,9,8.0,0.0,40.0,2.0,1.0
28.0,4.0,17.0,5.0,11,8.0,0.0,70.0,1.0,8.0
47.0,3.0,21.0,1.0,11,6.0,0.0,40.0,2.0,6.0
23.0,1.0,18.0,5.0,15,8.0,2.0,20.0,1.0,6.0
29.0,1.0,20.0,5.0,0,8.0,0.0,48.0,1.0,1.0
46.0,3.0,1.0,1.0,21,6.0,0.0,40.0,1.0,6.0
55.0,1.0,19.0,1.0,11,8.0,1.0,40.0,2.0,1.0
58.0,1.0,18.0,1.0,8,8.0,0.0,48.0,1.0,1.0
21.0,1.0,16.0,5.0,3,5.0,2.0,40.0,2.0,1.0
38.0,1.0,18.0,1.0,0,8.0,0.0,35.0,2.0,1.0
64.0,1.0,18.0,1.0,16,8.0,1.0,25.0,1.0,1.0
31.0,1.0,22.0,1.0,0,8.0,0.0,50.0,2.0,1.0
43.0,1.0,16.0,5.0,17,9.0,13.0,45.0,1.0,1.0
58.0,1.0,22.0,1.0,3,8.0,1.0,40.0,2.0,1.0
36.0,1.0,9.0,5.0,13,9.0,0.0,30.0,2.0,1.0
42.0,2.0,21.0,1.0,6,5.0,1.0,3.0,2.0,6.0
34.0,6.0,20.0,5.0,14,8.0,2.0,30.0,1.0,9.0
40.0,1.0,24.0,1.0,2,8.0,0.0,60.0,1.0,1.0
63.0,1.0,16.0,2.0,13,8.0,6.0,10.0,2.0,1.0
30.0,2.0,16.0,1.0,22,9.0,1.0,20.0,1.0,1.0
54.0,1.0,21.0,1.0,2,8.0,1.0,50.0,2.0,1.0
36.0,6.0,20.0,1.0,8,8.0,1.0,1.0,2.0,1.0
75.0,1.0,21.0,1.0,21,8.0,0.0,21.0,1.0,1.0
18.0,1.0,18.0,5.0,22,8.0,2.0,25.0,1.0,1.0
47.0,1.0,9.0,1.0,22,9.0,1.0,40.0,2.0,1.0
23.0,1.0,20.0,5.0,14,8.0,0.0,50.0,2.0,1.0
48.0,1.0,21.0,1.0,18,6.0,0.0,48.0,1.0,6.0
35.0,1.0,18.0,1.0,18,8.0,0.0,40.0,1.0,1.0
29.0,3.0,22.0,5.0,2,8.0,0.0,40.0,1.0,1.0
34.0,1.0,18.0,5.0,15,8.0,2.0,20.0,2.0,2.0
66.0,1.0,21.0,1.0,16,4.0,6.0,40.0,2.0,6.0
54.0,1.0,15.0,1.0,21,6.0,1.0,40.0,2.0,6.0
32.0,1.0,16.0,1.0,8,9.0,9.0,40.0,1.0,8.0
53.0,1.0,19.0,3.0,16,8.0,12.0,45.0,2.0,6.0
61.0,2.0,16.0,1.0,0,8.0,1.0,50.0,1.0,3.0
46.0,3.0,21.0,1.0,9,8.0,1.0,40.0,2.0,6.0
22.0,1.0,21.0,5.0,3,8.0,12.0,50.0,1.0,1.0
54.0,4.0,18.0,5.0,0,8.0,0.0,40.0,2.0,9.0
46.0,4.0,22.0,3.0,7,8.0,0.0,40.0,2.0,9.0
27.0,1.0,16.0,5.0,3,8.0,2.0,40.0,1.0,8.0
34.0,1.0,16.0,5.0,12,8.0,0.0,40.0,1.0,8.0
37.0,1.0,19.0,1.0,0,8.0,1.0,50.0,1.0,1.0
45.0,1.0,16.0,1.0,16,9.0,1.0,40.0,1.0,8.0
18.0,1.0,18.0,5.0,15,4.0,17.0,30.0,2.0,6.0
30.0,1.0,22.0,1.0,1,8.0,0.0,45.0,1.0,1.0
53.0,3.0,16.0,1.0,11,8.0,1.0,56.0,1.0,1.0
23.0,1.0,16.0,5.0,8,8.0,0.0,30.0,1.0,1.0
49.0,1.0,24.0,1.0,5,8.0,0.0,45.0,1.0,1.0
28.0,1.0,24.0,5.0,1,8.0,0.0,50.0,1.0,1.0
43.0,1.0,16.0,1.0,16,8.0,0.0,40.0,2.0,8.0
19.0,1.0,19.0,5.0,16,8.0,17.0,20.0,2.0,6.0
58.0,1.0,19.0,5.0,16,10.0,0.0,40.0,2.0,6.0
35.0,1.0,21.0,5.0,15,8.0,2.0,15.0,2.0,9.0
41.0,1.0,20.0,1.0,13,8.0,0.0,22.0,2.0,1.0
50.0,1.0,21.0,1.0,1,9.0,1.0,40.0,1.0,1.0
44.0,1.0,21.0,1.0,9,8.0,0.0,22.0,2.0,1.0
31.0,4.0,19.0,5.0,3,8.0,0.0,40.0,1.0,9.0
36.0,1.0,19.0,1.0,14,6.0,1.0,47.0,2.0,9.0
18.0,1.0,14.0,5.0,12,8.0,2.0,2.0,2.0,1.0
34.0,2.0,21.0,3.0,0,8.0,0.0,50.0,2.0,1.0
42.0,7.0,21.0,5.0,0,8.0,0.0,50.0,1.0,1.0
32.0,1.0,19.0,1.0,16,8.0,2.0,40.0,2.0,8.0
86.0,7.0,23.0,1.0,9,6.0,0.0,42.0,1.0,6.0
59.0,1.0,17.0,1.0,22,9.0,0.0,40.0,1.0,1.0
55.0,1.0,1.0,3.0,10,2.0,5.0,49.0,1.0,1.0
46.0,3.0,12.0,3.0,10,8.0,0.0,45.0,2.0,1.0
38.0,3.0,16.0,1.0,10,9.0,1.0,40.0,2.0,8.0
40.0,1.0,19.0,1.0,21,0.0,0.0,40.0,1.0,1.0
28.0,1.0,9.0,5.0,17,9.0,0.0,40.0,2.0,1.0
55.0,1.0,19.0,5.0,13,9.0,10.0,16.0,2.0,8.0
18.0,1.0,14.0,5.0,12,8.0,2.0,20.0,1.0,6.0
33.0,6.0,16.0,1.0,4,8.0,1.0,40.0,1.0,6.0
69.0,1.0,16.0,1.0,16,8.0,1.0,20.0,2.0,1.0
51.0,4.0,23.0,1.0,7,8.0,1.0,35.0,2.0,2.0
65.0,1.0,21.0,1.0,9,4.0,1.0,42.0,1.0,6.0
25.0,1.0,19.0,1.0,15,8.0,0.0,40.0,1.0,1.0
57.0,1.0,17.0,2.0,16,6.0,0.0,40.0,2.0,6.0
65.0,4.0,22.0,1.0,6,8.0,0.0,35.0,2.0,1.0
53.0,3.0,22.0,1.0,11,9.0,0.0,40.0,2.0,1.0
32.0,1.0,12.0,1.0,12,8.0,5.0,30.0,2.0,1.0
42.0,1.0,21.0,1.0,22,3.0,0.0,40.0,1.0,1.0
64.0,1.0,18.0,1.0,0,8.0,0.0,60.0,1.0,1.0
30.0,1.0,16.0,1.0,14,8.0,2.0,40.0,2.0,1.0
31.0,6.0,16.0,1.0,13,9.0,9.0,45.0,1.0,1.0
54.0,2.0,21.0,3.0,7,0.0,13.0,15.0,2.0,1.0
51.0,1.0,14.0,1.0,22,8.0,0.0,30.0,1.0,1.0
56.0,1.0,15.0,1.0,16,8.0,1.0,40.0,2.0,1.0
29.0,1.0,21.0,5.0,1,8.0,0.0,45.0,1.0,1.0
27.0,1.0,20.0,5.0,16,8.0,2.0,40.0,2.0,9.0
24.0,1.0,21.0,5.0,12,8.0,2.0,25.0,1.0,6.0
37.0,1.0,22.0,1.0,0,8.0,0.0,50.0,1.0,1.0
71.0,1.0,19.0,1.0,16,8.0,1.0,25.0,2.0,1.0
34.0,4.0,16.0,1.0,11,8.0,0.0,40.0,1.0,1.0
66.0,2.0,21.0,1.0,3,8.0,0.0,40.0,1.0,1.0
21.0,1.0,20.0,5.0,12,8.0,2.0,20.0,2.0,6.0
20.0,1.0,19.0,5.0,18,9.0,4.0,30.0,1.0,1.0
30.0,4.0,21.0,5.0,7,9.0,2.0,40.0,2.0,1.0
63.0,4.0,23.0,1.0,9,8.0,1.0,40.0,1.0,1.0
61.0,1.0,18.0,4.0,1,8.0,0.0,45.0,2.0,1.0
42.0,1.0,17.0,1.0,18,8.0,0.0,30.0,1.0,1.0
43.0,4.0,22.0,4.0,7,8.0,0.0,40.0,2.0,1.0
31.0,2.0,24.0,1.0,7,8.0,0.0,40.0,2.0,1.0
21.0,1.0,18.0,1.0,12,8.0,2.0,20.0,1.0,1.0
63.0,1.0,21.0,1.0,7,8.0,0.0,36.0,1.0,1.0
30.0,5.0,19.0,1.0,9,8.0,0.0,60.0,1.0,1.0
22.0,1.0,20.0,5.0,12,8.0,10.0,30.0,1.0,1.0
29.0,1.0,21.0,5.0,14,8.0,12.0,60.0,2.0,1.0
51.0,6.0,11.0,1.0,13,9.0,1.0,12.0,2.0,8.0
43.0,3.0,18.0,3.0,11,8.0,0.0,40.0,2.0,1.0
28.0,1.0,15.0,1.0,11,8.0,0.0,40.0,1.0,1.0
34.0,4.0,22.0,1.0,7,8.0,0.0,40.0,1.0,1.0
58.0,6.0,16.0,3.0,13,8.0,15.0,12.0,2.0,1.0
63.0,1.0,20.0,2.0,1,8.0,0.0,50.0,1.0,2.0
48.0,1.0,1.0,1.0,12,9.0,0.0,35.0,1.0,8.0
31.0,1.0,21.0,5.0,9,8.0,13.0,40.0,2.0,1.0
20.0,1.0,19.0,5.0,4,8.0,17.0,40.0,1.0,1.0
38.0,6.0,22.0,5.0,0,8.0,0.0,38.0,2.0,1.0
69.0,6.0,24.0,5.0,6,8.0,0.0,20.0,1.0,1.0
73.0,2.0,23.0,1.0,7,8.0,1.0,45.0,1.0,1.0
76.0,6.0,20.0,1.0,15,4.0,6.0,60.0,1.0,6.0
26.0,2.0,16.0,1.0,13,8.0,0.0,40.0,1.0,1.0
24.0,1.0,15.0,5.0,9,8.0,2.0,40.0,2.0,2.0
58.0,1.0,16.0,3.0,14,9.0,11.0,30.0,1.0,1.0
36.0,2.0,21.0,1.0,16,8.0,0.0,40.0,2.0,9.0
37.0,1.0,22.0,1.0,1,8.0,0.0,40.0,2.0,1.0
23.0,4.0,18.0,1.0,18,8.0,0.0,40.0,1.0,8.0
31.0,1.0,20.0,1.0,7,8.0,5.0,60.0,1.0,8.0
42.0,2.0,21.0,1.0,9,8.0,1.0,40.0,2.0,1.0
32.0,1.0,21.0,5.0,12,8.0,15.0,35.0,2.0,1.0
43.0,1.0,19.0,3.0,9,8.0,2.0,36.0,2.0,1.0
57.0,4.0,22.0,5.0,1,8.0,0.0,40.0,2.0,6.0
32.0,1.0,16.0,5.0,16,8.0,0.0,40.0,2.0,6.0
29.0,1.0,22.0,1.0,0,8.0,0.0,40.0,1.0,8.0
24.0,1.0,20.0,5.0,22,8.0,2.0,24.0,2.0,6.0
54.0,3.0,19.0,1.0,13,6.0,0.0,40.0,1.0,6.0
36.0,2.0,18.0,1.0,22,5.0,1.0,37.0,2.0,6.0
21.0,1.0,19.0,5.0,1,8.0,13.0,32.0,1.0,1.0
27.0,2.0,18.0,5.0,16,8.0,5.0,35.0,1.0,6.0
63.0,1.0,13.0,1.0,12,9.0,1.0,40.0,2.0,1.0
33.0,1.0,21.0,1.0,0,8.0,1.0,50.0,2.0,6.0
61.0,1.0,22.0,3.0,0,8.0,0.0,40.0,2.0,1.0
46.0,7.0,22.0,1.0,0,15.0,2.0,55.0,1.0,9.0
55.0,2.0,20.0,1.0,16,8.0,1.0,20.0,2.0,1.0
58.0,7.0,21.0,1.0,8,8.0,1.0,30.0,2.0,1.0
40.0,6.0,22.0,1.0,1,8.0,1.0,50.0,1.0,1.0
34.0,1.0,21.0,1.0,21,8.0,1.0,40.0,1.0,6.0
49.0,5.0,19.0,1.0,9,8.0,0.0,40.0,2.0,1.0
46.0,1.0,21.0,1.0,0,8.0,1.0,40.0,1.0,1.0
32.0,1.0,14.0,5.0,17,8.0,17.0,40.0,2.0,1.0
53.0,1.0,20.0,1.0,9,8.0,1.0,30.0,2.0,1.0
42.0,2.0,22.0,1.0,3,2.0,1.0,45.0,1.0,1.0
32.0,3.0,22.0,1.0,7,8.0,1.0,40.0,2.0,1.0
22.0,5.0,18.0,5.0,23,8.0,17.0,60.0,1.0,9.0
37.0,1.0,19.0,1.0,18,8.0,0.0,32.0,1.0,1.0
22.0,3.0,19.0,5.0,7,8.0,2.0,20.0,2.0,8.0
52.0,4.0,21.0,1.0,0,9.0,0.0,40.0,2.0,1.0
25.0,1.0,22.0,5.0,12,7.0,2.0,35.0,2.0,1.0
24.0,1.0,21.0,5.0,15,8.0,2.0,40.0,2.0,6.0
41.0,1.0,21.0,5.0,22,9.0,13.0,40.0,2.0,8.0
55.0,1.0,1.0,4.0,16,9.0,0.0,32.0,2.0,8.0
47.0,1.0,21.0,1.0,15,8.0,1.0,40.0,2.0,2.0
50.0,1.0,16.0,3.0,12,5.0,12.0,30.0,2.0,6.0
45.0,1.0,21.0,1.0,0,8.0,1.0,55.0,1.0,1.0
56.0,1.0,19.0,1.0,20,8.0,1.0,40.0,1.0,1.0
37.0,2.0,18.0,1.0,0,6.0,0.0,40.0,2.0,6.0
73.0,5.0,16.0,1.0,0,8.0,0.0,40.0,1.0,1.0
30.0,2.0,21.0,5.0,6,8.0,0.0,40.0,2.0,2.0
55.0,6.0,21.0,5.0,15,8.0,2.0,40.0,1.0,1.0
65.0,1.0,18.0,1.0,21,6.0,0.0,20.0,1.0,6.0
46.0,1.0,12.0,1.0,13,9.0,0.0,40.0,1.0,1.0
22.0,1.0,21.0,5.0,2,8.0,2.0,40.0,2.0,1.0
36.0,3.0,19.0,1.0,11,8.0,1.0,40.0,1.0,1.0
53.0,6.0,17.0,5.0,16,8.0,0.0,40.0,2.0,1.0
56.0,7.0,19.0,5.0,22,8.0,0.0,63.0,1.0,1.0
20.0,1.0,18.0,5.0,15,8.0,15.0,40.0,1.0,1.0
76.0,6.0,21.0,1.0,0,8.0,1.0,10.0,1.0,1.0
56.0,7.0,22.0,5.0,15,8.0,0.0,75.0,1.0,1.0
55.0,7.0,17.0,1.0,13,8.0,1.0,38.0,1.0,1.0
67.0,4.0,24.0,1.0,7,8.0,0.0,30.0,2.0,6.0
58.0,3.0,15.0,5.0,10,8.0,2.0,10.0,2.0,6.0
21.0,1.0,9.0,5.0,17,9.0,13.0,48.0,2.0,8.0
48.0,1.0,21.0,5.0,0,8.0,0.0,40.0,2.0,1.0
19.0,1.0,16.0,5.0,12,8.0,2.0,20.0,2.0,5.0
54.0,1.0,22.0,1.0,16,3.0,0.0,4.0,1.0,1.0
28.0,1.0,18.0,1.0,16,8.0,2.0,40.0,1.0,9.0
42.0,7.0,16.0,1.0,14,15.0,1.0,50.0,1.0,1.0
36.0,1.0,22.0,1.0,0,5.0,1.0,40.0,2.0,6.0
26.0,1.0,15.0,5.0,12,8.0,5.0,40.0,2.0,8.0
42.0,7.0,20.0,1.0,15,8.0,1.0,30.0,1.0,1.0
66.0,1.0,19.0,1.0,16,6.0,1.0,40.0,1.0,6.0
63.0,2.0,16.0,2.0,15,8.0,0.0,4.0,2.0,1.0
29.0,1.0,15.0,1.0,17,9.0,0.0,32.0,2.0,1.0
53.0,3.0,21.0,1.0,0,8.0,1.0,50.0,2.0,1.0
35.0,3.0,20.0,1.0,14,8.0,0.0,40.0,2.0,9.0
28.0,1.0,16.0,5.0,15,8.0,13.0,40.0,1.0,1.0
50.0,6.0,15.0,3.0,18,8.0,15.0,30.0,1.0,1.0
67.0,6.0,19.0,1.0,13,8.0,0.0,20.0,1.0,1.0
24.0,1.0,20.0,5.0,12,8.0,2.0,40.0,1.0,3.0
66.0,2.0,22.0,2.0,9,8.0,0.0,40.0,2.0,1.0
43.0,2.0,22.0,1.0,0,8.0,0.0,40.0,2.0,8.0
78.0,1.0,7.0,5.0,17,9.0,10.0,48.0,1.0,8.0
55.0,7.0,14.0,1.0,16,9.0,0.0,30.0,2.0,1.0
24.0,1.0,16.0,5.0,10,8.0,0.0,40.0,2.0,8.0
60.0,1.0,1.0,1.0,10,9.0,0.0,40.0,2.0,1.0
55.0,1.0,1.0,1.0,21,6.0,1.0,40.0,2.0,6.0
28.0,1.0,19.0,5.0,18,8.0,2.0,40.0,2.0,1.0
42.0,1.0,21.0,1.0,8,8.0,1.0,45.0,1.0,1.0
48.0,1.0,19.0,1.0,3,8.0,0.0,45.0,1.0,3.0
43.0,1.0,20.0,1.0,7,3.0,1.0,40.0,2.0,1.0
38.0,1.0,21.0,1.0,3,9.0,1.0,40.0,1.0,1.0
49.0,1.0,22.0,1.0,0,8.0,0.0,55.0,1.0,1.0
58.0,4.0,18.0,1.0,3,8.0,0.0,40.0,1.0,8.0
41.0,3.0,21.0,5.0,7,8.0,0.0,40.0,2.0,1.0
23.0,1.0,19.0,5.0,12,8.0,12.0,12.0,2.0,1.0
62.0,7.0,16.0,3.0,21,8.0,0.0,40.0,1.0,2.0
52.0,1.0,21.0,1.0,1,5.0,0.0,44.0,1.0,1.0
33.0,2.0,20.0,1.0,16,8.0,0.0,40.0,2.0,8.0
24.0,1.0,21.0,5.0,7,8.0,2.0,50.0,1.0,1.0
51.0,7.0,19.0,1.0,13,8.0,9.0,40.0,1.0,1.0
51.0,5.0,22.0,1.0,2,8.0,0.0,40.0,1.0,1.0
72.0,6.0,21.0,5.0,7,8.0,0.0,15.0,2.0,1.0
39.0,7.0,21.0,1.0,18,9.0,0.0,40.0,1.0,8.0
52.0,1.0,16.0,1.0,17,9.0,0.0,40.0,1.0,1.0
44.0,1.0,19.0,1.0,18,9.0,0.0,40.0,1.0,1.0
60.0,1.0,18.0,1.0,20,8.0,1.0,40.0,1.0,1.0
46.0,2.0,21.0,5.0,16,1.0,2.0,40.0,1.0,1.0
49.0,1.0,16.0,1.0,21,8.0,1.0,40.0,1.0,1.0
51.0,1.0,9.0,3.0,13,9.0,0.0,40.0,2.0,1.0
63.0,3.0,22.0,1.0,1,4.0,1.0,40.0,2.0,6.0
21.0,3.0,20.0,5.0,16,8.0,15.0,20.0,2.0,1.0
43.0,1.0,1.0,5.0,13,9.0,0.0,40.0,1.0,1.0
34.0,1.0,18.0,1.0,15,8.0,2.0,40.0,2.0,1.0
62.0,6.0,24.0,5.0,5,0.0,0.0,36.0,2.0,1.0
56.0,1.0,17.0,1.0,13,9.0,0.0,40.0,2.0,1.0
45.0,1.0,9.0,3.0,22,9.0,0.0,48.0,1.0,1.0
69.0,6.0,17.0,1.0,0,8.0,0.0,20.0,1.0,1.0
68.0,1.0,24.0,3.0,4,8.0,0.0,36.0,1.0,1.0
47.0,7.0,22.0,1.0,0,8.0,1.0,8.0,2.0,6.0
24.0,1.0,16.0,5.0,5,8.0,5.0,21.0,2.0,1.0
81.0,6.0,23.0,1.0,9,9.0,0.0,30.0,1.0,1.0
40.0,1.0,24.0,1.0,3,8.0,1.0,60.0,1.0,1.0
31.0,7.0,21.0,5.0,15,4.0,0.0,50.0,2.0,6.0
27.0,1.0,18.0,5.0,12,8.0,2.0,25.0,2.0,1.0
48.0,1.0,24.0,1.0,9,8.0,0.0,70.0,1.0,6.0
55.0,1.0,19.0,5.0,21,9.0,17.0,40.0,1.0,1.0
42.0,1.0,16.0,5.0,15,8.0,2.0,40.0,2.0,1.0
29.0,1.0,16.0,5.0,15,8.0,2.0,40.0,1.0,6.0
29.0,1.0,18.0,1.0,16,8.0,1.0,40.0,1.0,6.0
64.0,1.0,22.0,1.0,0,8.0,0.0,50.0,1.0,1.0
52.0,1.0,16.0,1.0,0,8.0,0.0,50.0,1.0,1.0
28.0,1.0,21.0,5.0,1,8.0,12.0,50.0,2.0,1.0
33.0,1.0,21.0,1.0,2,8.0,0.0,50.0,1.0,1.0
59.0,1.0,16.0,1.0,15,8.0,1.0,60.0,1.0,1.0
25.0,1.0,21.0,5.0,16,8.0,5.0,40.0,1.0,6.0
24.0,1.0,16.0,5.0,22,8.0,16.0,40.0,1.0,6.0
57.0,1.0,22.0,1.0,0,8.0,0.0,40.0,1.0,1.0
33.0,1.0,21.0,5.0,2,9.0,5.0,40.0,2.0,8.0
35.0,1.0,22.0,5.0,0,8.0,0.0,50.0,2.0,1.0
38.0,1.0,21.0,1.0,0,8.0,0.0,25.0,2.0,1.0
34.0,1.0,21.0,1.0,3,8.0,0.0,40.0,1.0,1.0
22.0,3.0,21.0,5.0,7,8.0,2.0,40.0,2.0,1.0
60.0,6.0,21.0,3.0,22,4.0,0.0,30.0,2.0,1.0
60.0,6.0,19.0,3.0,16,8.0,0.0,4.0,2.0,9.0
42.0,1.0,21.0,1.0,16,8.0,1.0,40.0,2.0,9.0
44.0,1.0,17.0,1.0,12,8.0,5.0,30.0,2.0,1.0
27.0,1.0,16.0,1.0,16,8.0,9.0,40.0,2.0,1.0
54.0,1.0,19.0,4.0,15,8.0,0.0,40.0,2.0,1.0
53.0,2.0,21.0,2.0,7,8.0,0.0,55.0,2.0,1.0
42.0,1.0,16.0,1.0,18,9.0,1.0,40.0,2.0,1.0
54.0,8.0,16.0,1.0,18,3.0,0.0,40.0,1.0,1.0
36.0,1.0,19.0,1.0,18,9.0,1.0,40.0,1.0,1.0
41.0,1.0,21.0,1.0,8,8.0,1.0,40.0,1.0,1.0
22.0,1.0,19.0,5.0,14,8.0,0.0,14.0,2.0,6.0
25.0,3.0,21.0,1.0,7,6.0,2.0,40.0,2.0,6.0
57.0,1.0,21.0,1.0,7,12.0,1.0,40.0,2.0,1.0
40.0,6.0,21.0,1.0,1,8.0,0.0,6.0,1.0,1.0
25.0,1.0,16.0,5.0,21,8.0,13.0,35.0,1.0,1.0
26.0,5.0,21.0,5.0,9,8.0,0.0,50.0,2.0,1.0
39.0,1.0,21.0,5.0,8,8.0,13.0,50.0,1.0,1.0
19.0,1.0,16.0,5.0,15,8.0,2.0,20.0,1.0,1.0
34.0,7.0,21.0,5.0,8,8.0,0.0,40.0,1.0,6.0
60.0,3.0,16.0,3.0,13,8.0,0.0,40.0,1.0,8.0
57.0,1.0,21.0,1.0,10,6.0,1.0,40.0,2.0,6.0
25.0,1.0,21.0,5.0,1,4.0,0.0,40.0,2.0,6.0
55.0,4.0,21.0,1.0,16,8.0,1.0,40.0,2.0,1.0
47.0,4.0,21.0,1.0,4,8.0,1.0,40.0,1.0,1.0
46.0,6.0,18.0,5.0,5,9.0,0.0,40.0,2.0,8.0
36.0,1.0,16.0,5.0,10,8.0,0.0,20.0,2.0,1.0
60.0,1.0,20.0,1.0,9,6.0,0.0,56.0,1.0,6.0
69.0,1.0,21.0,3.0,15,8.0,12.0,40.0,1.0,1.0
19.0,5.0,16.0,5.0,23,8.0,17.0,40.0,1.0,9.0
27.0,1.0,21.0,5.0,8,9.0,0.0,48.0,1.0,1.0
53.0,1.0,16.0,5.0,17,9.0,5.0,40.0,1.0,1.0
29.0,1.0,21.0,5.0,8,8.0,0.0,50.0,2.0,1.0
51.0,7.0,23.0,1.0,9,5.0,0.0,35.0,2.0,9.0
24.0,1.0,21.0,5.0,7,4.0,2.0,50.0,1.0,6.0
42.0,1.0,19.0,1.0,16,8.0,0.0,35.0,2.0,1.0
65.0,1.0,21.0,1.0,0,8.0,0.0,40.0,1.0,1.0
55.0,2.0,21.0,1.0,0,8.0,0.0,40.0,1.0,6.0
30.0,1.0,1.0,5.0,18,8.0,13.0,40.0,1.0,1.0
39.0,4.0,24.0,1.0,7,8.0,0.0,45.0,1.0,1.0
28.0,1.0,21.0,5.0,1,8.0,0.0,45.0,2.0,9.0
40.0,1.0,19.0,1.0,12,6.0,0.0,50.0,1.0,6.0
53.0,1.0,21.0,5.0,6,8.0,0.0,36.0,1.0,1.0
61.0,5.0,19.0,1.0,16,9.0,0.0,40.0,1.0,1.0
52.0,1.0,19.0,3.0,7,8.0,0.0,40.0,2.0,8.0
29.0,1.0,19.0,5.0,21,5.0,0.0,5.0,1.0,1.0
63.0,1.0,21.0,1.0,4,8.0,6.0,20.0,2.0,1.0
34.0,1.0,19.0,1.0,9,8.0,1.0,40.0,1.0,9.0
48.0,2.0,22.0,1.0,8,8.0,0.0,40.0,1.0,1.0
22.0,1.0,19.0,5.0,15,8.0,2.0,26.0,2.0,1.0
72.0,6.0,16.0,5.0,15,8.0,0.0,41.0,2.0,1.0
27.0,1.0,20.0,5.0,18,8.0,2.0,45.0,1.0,1.0
24.0,1.0,20.0,5.0,16,8.0,2.0,20.0,2.0,9.0
26.0,1.0,16.0,4.0,15,9.0,12.0,40.0,2.0,1.0
45.0,1.0,22.0,1.0,8,8.0,0.0,45.0,1.0,6.0
54.0,3.0,19.0,1.0,10,4.0,0.0,24.0,1.0,6.0
62.0,1.0,17.0,1.0,20,6.0,0.0,40.0,1.0,6.0
25.0,1.0,19.0,5.0,3,8.0,2.0,25.0,1.0,1.0
33.0,2.0,21.0,1.0,1,8.0,0.0,30.0,1.0,1.0
66.0,1.0,20.0,2.0,15,8.0,0.0,60.0,1.0,1.0
29.0,1.0,21.0,1.0,1,8.0,0.0,40.0,1.0,1.0
38.0,4.0,23.0,1.0,5,5.0,0.0,40.0,1.0,6.0
54.0,1.0,19.0,3.0,7,6.0,0.0,40.0,2.0,6.0
29.0,1.0,21.0,5.0,8,8.0,2.0,30.0,2.0,1.0
28.0,1.0,19.0,3.0,0,8.0,2.0,38.0,1.0,9.0
34.0,2.0,15.0,1.0,15,8.0,0.0,40.0,2.0,1.0
49.0,2.0,18.0,1.0,16,8.0,1.0,40.0,1.0,1.0
17.0,1.0,14.0,5.0,12,8.0,2.0,4.0,1.0,1.0
31.0,1.0,16.0,1.0,5,8.0,0.0,40.0,1.0,8.0
52.0,1.0,16.0,3.0,16,8.0,5.0,40.0,2.0,1.0
51.0,1.0,13.0,1.0,18,9.0,0.0,40.0,1.0,1.0
35.0,1.0,18.0,1.0,0,8.0,0.0,40.0,2.0,1.0
35.0,1.0,16.0,5.0,13,8.0,0.0,25.0,1.0,8.0
34.0,4.0,16.0,4.0,16,8.0,0.0,40.0,2.0,6.0
28.0,1.0,21.0,5.0,2,8.0,15.0,55.0,2.0,6.0
26.0,2.0,22.0,5.0,6,8.0,2.0,40.0,2.0,1.0
69.0,1.0,21.0,1.0,9,6.0,1.0,40.0,2.0,6.0
20.0,1.0,20.0,5.0,12,8.0,7.0,18.0,1.0,1.0
56.0,3.0,22.0,1.0,9,8.0,1.0,40.0,1.0,1.0
27.0,1.0,22.0,5.0,6,8.0,2.0,40.0,1.0,1.0
37.0,1.0,13.0,5.0,20,8.0,13.0,40.0,1.0,1.0
30.0,1.0,21.0,5.0,8,4.0,12.0,8.0,2.0,6.0
26.0,1.0,19.0,5.0,16,8.0,2.0,40.0,2.0,1.0
29.0,2.0,24.0,5.0,11,0.0,13.0,40.0,1.0,1.0
43.0,1.0,16.0,1.0,12,9.0,10.0,40.0,1.0,1.0
46.0,1.0,16.0,3.0,0,8.0,2.0,40.0,2.0,1.0
30.0,1.0,19.0,5.0,22,8.0,2.0,15.0,1.0,1.0
27.0,2.0,20.0,5.0,9,6.0,2.0,40.0,2.0,6.0
33.0,6.0,22.0,1.0,9,8.0,0.0,20.0,2.0,1.0
59.0,6.0,22.0,1.0,9,6.0,0.0,30.0,1.0,6.0
41.0,1.0,21.0,1.0,3,8.0,0.0,40.0,1.0,1.0
34.0,1.0,18.0,1.0,14,6.0,10.0,30.0,1.0,8.0
25.0,6.0,21.0,1.0,8,6.0,0.0,40.0,1.0,6.0
45.0,1.0,9.0,2.0,13,9.0,0.0,40.0,2.0,8.0
48.0,1.0,19.0,3.0,16,9.0,0.0,40.0,2.0,8.0
42.0,1.0,24.0,1.0,7,4.0,0.0,40.0,2.0,6.0
27.0,1.0,16.0,5.0,12,8.0,2.0,40.0,1.0,1.0
78.0,1.0,19.0,2.0,15,8.0,0.0,18.0,2.0,1.0
48.0,3.0,22.0,3.0,7,8.0,0.0,19.0,2.0,1.0
34.0,1.0,18.0,5.0,10,8.0,13.0,40.0,2.0,8.0
51.0,6.0,19.0,5.0,7,8.0,0.0,30.0,1.0,1.0
18.0,1.0,14.0,5.0,12,8.0,12.0,40.0,1.0,1.0
57.0,4.0,16.0,5.0,16,8.0,0.0,40.0,1.0,2.0
44.0,1.0,24.0,1.0,15,2.0,0.0,50.0,1.0,1.0
30.0,1.0,21.0,5.0,0,8.0,0.0,40.0,1.0,1.0
31.0,1.0,21.0,5.0,10,6.0,12.0,40.0,2.0,6.0
42.0,6.0,16.0,1.0,0,4.0,1.0,12.0,1.0,6.0
60.0,1.0,12.0,1.0,0,8.0,0.0,12.0,1.0,1.0
41.0,1.0,20.0,1.0,0,8.0,0.0,40.0,2.0,1.0
42.0,1.0,16.0,1.0,21,9.0,1.0,76.0,1.0,8.0
43.0,1.0,21.0,3.0,10,8.0,0.0,48.0,2.0,3.0
25.0,1.0,21.0,5.0,12,8.0,0.0,40.0,1.0,8.0
42.0,3.0,21.0,1.0,7,15.0,0.0,30.0,2.0,7.0
62.0,1.0,19.0,1.0,15,8.0,0.0,12.0,2.0,1.0
57.0,1.0,20.0,1.0,16,4.0,1.0,40.0,2.0,6.0
30.0,1.0,21.0,5.0,21,8.0,2.0,40.0,1.0,1.0
22.0,1.0,22.0,5.0,16,8.0,2.0,30.0,2.0,6.0
44.0,1.0,22.0,3.0,15,8.0,3.0,50.0,1.0,9.0
69.0,1.0,16.0,5.0,15,8.0,6.0,35.0,2.0,1.0
49.0,1.0,9.0,1.0,22,9.0,1.0,40.0,1.0,8.0
67.0,3.0,21.0,2.0,9,8.0,2.0,40.0,2.0,1.0
44.0,4.0,20.0,1.0,10,3.0,0.0,18.0,1.0,1.0
31.0,3.0,16.0,3.0,14,8.0,2.0,25.0,2.0,9.0
19.0,1.0,19.0,5.0,15,8.0,17.0,40.0,2.0,1.0
62.0,6.0,21.0,1.0,8,8.0,1.0,40.0,2.0,1.0
49.0,1.0,16.0,3.0,0,8.0,12.0,30.0,2.0,1.0
60.0,3.0,19.0,1.0,16,8.0,1.0,50.0,2.0,9.0
62.0,4.0,24.0,1.0,0,8.0,0.0,40.0,1.0,1.0
41.0,6.0,19.0,1.0,14,8.0,1.0,25.0,2.0,1.0
53.0,3.0,22.0,3.0,0,8.0,13.0,40.0,1.0,1.0
70.0,1.0,21.0,3.0,22,4.0,0.0,40.0,1.0,6.0
20.0,1.0,19.0,5.0,16,8.0,17.0,5.0,2.0,9.0
23.0,4.0,19.0,5.0,7,6.0,17.0,5.0,1.0,6.0
53.0,1.0,19.0,1.0,16,8.0,1.0,40.0,2.0,1.0
57.0,3.0,18.0,1.0,22,4.0,0.0,42.0,1.0,6.0
27.0,2.0,22.0,1.0,6,8.0,0.0,40.0,2.0,1.0
64.0,2.0,19.0,3.0,6,8.0,0.0,40.0,1.0,2.0
25.0,1.0,21.0,5.0,0,8.0,2.0,40.0,1.0,1.0
57.0,1.0,15.0,1.0,14,8.0,1.0,18.0,2.0,1.0
42.0,1.0,22.0,1.0,4,8.0,0.0,40.0,1.0,9.0
62.0,1.0,22.0,3.0,2,4.0,0.0,40.0,2.0,6.0
49.0,1.0,19.0,1.0,16,8.0,0.0,50.0,1.0,1.0
36.0,2.0,22.0,1.0,6,8.0,1.0,40.0,2.0,1.0
46.0,1.0,21.0,1.0,0,7.0,1.0,40.0,2.0,1.0
46.0,1.0,21.0,4.0,0,8.0,0.0,45.0,2.0,8.0
19.0,1.0,19.0,5.0,14,8.0,2.0,28.0,2.0,6.0
64.0,7.0,19.0,1.0,5,8.0,1.0,40.0,1.0,1.0
24.0,5.0,21.0,5.0,23,8.0,0.0,55.0,1.0,1.0
64.0,1.0,20.0,5.0,14,8.0,0.0,40.0,2.0,2.0
54.0,2.0,22.0,1.0,0,9.0,0.0,50.0,1.0,1.0
76.0,1.0,16.0,1.0,10,8.0,1.0,38.0,2.0,1.0
33.0,1.0,21.0,1.0,4,4.0,12.0,40.0,1.0,6.0
74.0,1.0,20.0,3.0,0,8.0,8.0,40.0,2.0,1.0
25.0,5.0,16.0,5.0,20,8.0,17.0,81.0,1.0,2.0
53.0,1.0,21.0,1.0,4,6.0,0.0,40.0,1.0,6.0
32.0,1.0,21.0,5.0,8,8.0,13.0,40.0,2.0,1.0
67.0,1.0,21.0,1.0,15,8.0,1.0,30.0,1.0,1.0
38.0,2.0,22.0,1.0,1,8.0,1.0,40.0,2.0,1.0
34.0,1.0,16.0,1.0,12,9.0,1.0,40.0,1.0,1.0
58.0,1.0,16.0,1.0,15,8.0,0.0,50.0,2.0,1.0
48.0,3.0,21.0,1.0,0,4.0,0.0,40.0,1.0,6.0
28.0,1.0,16.0,3.0,10,6.0,12.0,40.0,2.0,6.0
37.0,1.0,18.0,1.0,10,6.0,2.0,40.0,1.0,6.0
45.0,1.0,21.0,1.0,14,6.0,1.0,32.0,2.0,6.0
25.0,1.0,20.0,3.0,3,8.0,0.0,40.0,2.0,1.0
29.0,4.0,9.0,1.0,13,8.0,16.0,15.0,1.0,1.0
29.0,1.0,21.0,5.0,8,8.0,0.0,40.0,2.0,1.0
18.0,1.0,16.0,5.0,12,8.0,2.0,12.0,1.0,8.0
45.0,1.0,21.0,5.0,10,6.0,17.0,40.0,2.0,6.0
45.0,1.0,20.0,1.0,9,8.0,0.0,40.0,2.0,1.0
60.0,6.0,21.0,1.0,2,8.0,0.0,30.0,2.0,1.0
22.0,1.0,19.0,5.0,10,8.0,7.0,36.0,1.0,9.0
23.0,3.0,16.0,5.0,15,8.0,2.0,40.0,2.0,3.0
62.0,1.0,16.0,1.0,18,8.0,0.0,45.0,1.0,1.0
49.0,1.0,21.0,5.0,0,8.0,15.0,50.0,2.0,2.0
52.0,3.0,19.0,1.0,15,8.0,0.0,40.0,2.0,1.0
34.0,4.0,19.0,1.0,13,8.0,1.0,40.0,1.0,1.0
33.0,1.0,16.0,1.0,16,8.0,1.0,40.0,2.0,8.0
23.0,2.0,20.0,1.0,11,8.0,0.0,10.0,2.0,1.0
40.0,1.0,21.0,1.0,0,8.0,0.0,38.0,1.0,1.0
32.0,2.0,19.0,1.0,0,8.0,0.0,40.0,1.0,1.0
27.0,1.0,21.0,5.0,11,8.0,0.0,40.0,1.0,1.0
59.0,6.0,17.0,1.0,13,8.0,0.0,40.0,1.0,1.0
26.0,1.0,23.0,1.0,7,8.0,1.0,40.0,2.0,1.0
21.0,5.0,19.0,5.0,22,8.0,17.0,99.0,1.0,8.0
34.0,1.0,22.0,1.0,15,5.0,1.0,50.0,1.0,6.0
22.0,2.0,16.0,5.0,16,8.0,17.0,99.0,2.0,1.0
56.0,1.0,18.0,1.0,0,8.0,1.0,40.0,1.0,1.0
41.0,1.0,21.0,1.0,1,8.0,0.0,50.0,1.0,1.0
58.0,1.0,16.0,1.0,21,8.0,1.0,50.0,1.0,1.0
47.0,4.0,19.0,1.0,0,8.0,0.0,55.0,1.0,1.0
59.0,6.0,16.0,4.0,13,8.0,17.0,30.0,2.0,2.0
28.0,1.0,21.0,1.0,3,8.0,12.0,50.0,1.0,1.0
41.0,2.0,21.0,1.0,8,8.0,0.0,20.0,1.0,1.0
33.0,1.0,19.0,5.0,18,8.0,0.0,40.0,1.0,1.0
63.0,1.0,21.0,1.0,8,8.0,0.0,50.0,1.0,1.0
32.0,1.0,18.0,3.0,5,8.0,13.0,40.0,2.0,1.0
35.0,1.0,20.0,5.0,21,9.0,11.0,50.0,1.0,1.0
71.0,1.0,13.0,1.0,22,9.0,1.0,6.0,1.0,1.0
29.0,1.0,19.0,1.0,18,8.0,0.0,40.0,1.0,1.0
66.0,1.0,9.0,1.0,0,9.0,1.0,15.0,2.0,8.0
41.0,1.0,19.0,1.0,15,8.0,9.0,20.0,1.0,2.0
43.0,1.0,20.0,3.0,18,8.0,3.0,30.0,1.0,1.0
58.0,1.0,21.0,4.0,0,8.0,0.0,50.0,1.0,1.0
40.0,1.0,19.0,5.0,16,8.0,0.0,40.0,2.0,1.0
43.0,1.0,9.0,5.0,18,9.0,0.0,30.0,1.0,1.0
43.0,1.0,21.0,1.0,8,6.0,0.0,40.0,1.0,6.0
55.0,1.0,21.0,5.0,8,8.0,0.0,40.0,1.0,1.0
26.0,1.0,18.0,1.0,15,6.0,0.0,16.0,2.0,6.0
49.0,3.0,19.0,5.0,7,8.0,0.0,30.0,2.0,1.0
73.0,1.0,16.0,3.0,21,8.0,0.0,20.0,1.0,1.0
32.0,2.0,17.0,5.0,22,8.0,2.0,20.0,1.0,1.0
50.0,1.0,16.0,5.0,10,8.0,0.0,12.0,2.0,2.0
30.0,1.0,21.0,5.0,15,6.0,2.0,40.0,2.0,6.0
68.0,7.0,21.0,3.0,18,8.0,0.0,50.0,1.0,1.0
20.0,2.0,16.0,5.0,9,8.0,12.0,15.0,2.0,6.0
44.0,1.0,21.0,1.0,16,8.0,0.0,50.0,1.0,6.0
37.0,1.0,15.0,1.0,21,9.0,1.0,40.0,1.0,3.0
37.0,3.0,20.0,5.0,10,8.0,0.0,30.0,2.0,2.0
57.0,1.0,11.0,5.0,13,9.0,0.0,40.0,2.0,1.0
58.0,1.0,19.0,1.0,22,3.0,0.0,50.0,1.0,1.0
41.0,1.0,20.0,1.0,0,8.0,2.0,50.0,2.0,1.0
26.0,5.0,19.0,5.0,20,8.0,0.0,40.0,1.0,1.0
33.0,1.0,18.0,1.0,3,8.0,0.0,40.0,1.0,9.0
62.0,1.0,19.0,5.0,15,8.0,15.0,40.0,2.0,1.0
44.0,1.0,21.0,1.0,3,8.0,0.0,40.0,1.0,1.0
27.0,1.0,21.0,5.0,0,8.0,12.0,50.0,2.0,1.0
36.0,3.0,21.0,1.0,10,8.0,1.0,37.0,2.0,6.0
19.0,1.0,19.0,5.0,14,8.0,12.0,30.0,2.0,1.0
32.0,1.0,21.0,1.0,4,8.0,9.0,45.0,1.0,1.0
69.0,1.0,24.0,1.0,18,8.0,1.0,30.0,1.0,1.0
68.0,1.0,16.0,1.0,16,8.0,0.0,40.0,2.0,1.0
52.0,1.0,16.0,5.0,18,8.0,17.0,40.0,1.0,1.0
51.0,1.0,18.0,1.0,16,15.0,1.0,40.0,2.0,7.0
25.0,5.0,19.0,1.0,11,8.0,17.0,55.0,1.0,8.0
61.0,6.0,19.0,1.0,13,8.0,6.0,20.0,2.0,3.0
54.0,4.0,20.0,3.0,21,8.0,0.0,40.0,1.0,1.0
27.0,1.0,17.0,5.0,0,8.0,12.0,50.0,1.0,1.0
54.0,1.0,19.0,5.0,0,6.0,5.0,50.0,1.0,6.0
37.0,1.0,18.0,1.0,16,9.0,0.0,40.0,2.0,1.0
62.0,5.0,19.0,1.0,16,6.0,0.0,50.0,1.0,6.0
21.0,1.0,14.0,1.0,15,8.0,0.0,40.0,2.0,1.0
38.0,1.0,21.0,3.0,18,7.0,0.0,40.0,1.0,1.0
66.0,1.0,16.0,2.0,3,8.0,0.0,40.0,2.0,1.0
51.0,1.0,18.0,5.0,21,8.0,2.0,40.0,1.0,6.0
62.0,1.0,22.0,1.0,0,8.0,0.0,55.0,1.0,1.0
80.0,7.0,19.0,1.0,15,8.0,0.0,35.0,1.0,1.0
41.0,1.0,21.0,1.0,1,8.0,1.0,60.0,2.0,6.0
38.0,1.0,16.0,1.0,12,9.0,0.0,40.0,1.0,1.0
53.0,1.0,19.0,1.0,18,8.0,1.0,40.0,1.0,1.0
48.0,2.0,21.0,5.0,14,4.0,2.0,40.0,2.0,6.0
29.0,1.0,21.0,5.0,0,8.0,12.0,50.0,2.0,1.0
63.0,2.0,22.0,1.0,0,8.0,0.0,60.0,1.0,1.0
53.0,6.0,19.0,1.0,2,8.0,0.0,60.0,2.0,1.0
27.0,1.0,21.0,5.0,0,8.0,13.0,40.0,2.0,1.0
72.0,1.0,21.0,5.0,0,8.0,0.0,53.0,2.0,1.0
55.0,1.0,22.0,5.0,3,8.0,0.0,45.0,1.0,1.0
27.0,1.0,21.0,5.0,7,8.0,5.0,40.0,1.0,8.0
67.0,4.0,21.0,4.0,10,6.0,0.0,50.0,2.0,6.0
71.0,3.0,21.0,1.0,16,6.0,0.0,40.0,2.0,6.0
39.0,1.0,17.0,1.0,17,8.0,1.0,50.0,1.0,1.0
34.0,1.0,21.0,5.0,21,8.0,2.0,40.0,1.0,6.0
41.0,1.0,21.0,5.0,22,8.0,0.0,45.0,1.0,2.0
29.0,1.0,18.0,5.0,17,8.0,17.0,40.0,1.0,1.0
41.0,6.0,18.0,1.0,18,9.0,0.0,40.0,1.0,8.0
55.0,1.0,24.0,5.0,0,8.0,0.0,50.0,1.0,1.0
49.0,1.0,21.0,1.0,8,6.0,1.0,40.0,2.0,6.0
54.0,3.0,22.0,1.0,8,8.0,0.0,40.0,1.0,9.0
47.0,1.0,18.0,1.0,10,15.0,0.0,40.0,2.0,7.0
38.0,6.0,19.0,5.0,0,8.0,0.0,30.0,1.0,1.0
59.0,1.0,21.0,1.0,7,8.0,1.0,40.0,2.0,1.0
49.0,1.0,19.0,1.0,16,8.0,1.0,60.0,1.0,1.0
26.0,3.0,16.0,5.0,16,8.0,0.0,40.0,1.0,2.0
38.0,2.0,21.0,1.0,5,8.0,0.0,44.0,1.0,1.0
50.0,1.0,16.0,3.0,22,9.0,0.0,60.0,1.0,1.0
20.0,1.0,19.0,5.0,15,8.0,7.0,99.0,1.0,1.0
23.0,2.0,20.0,5.0,1,8.0,2.0,15.0,1.0,1.0
67.0,1.0,19.0,3.0,16,8.0,0.0,40.0,2.0,1.0
44.0,1.0,6.0,1.0,21,9.0,0.0,40.0,1.0,1.0
36.0,1.0,16.0,1.0,12,9.0,0.0,24.0,2.0,1.0
53.0,6.0,19.0,1.0,16,8.0,0.0,40.0,1.0,1.0
20.0,1.0,20.0,5.0,15,8.0,2.0,15.0,2.0,6.0
64.0,1.0,22.0,1.0,0,5.0,0.0,50.0,1.0,6.0
46.0,1.0,20.0,3.0,9,8.0,0.0,74.0,2.0,1.0
53.0,1.0,19.0,1.0,0,8.0,0.0,55.0,1.0,1.0
62.0,1.0,21.0,1.0,3,8.0,1.0,42.0,2.0,1.0
48.0,1.0,21.0,1.0,0,4.0,0.0,44.0,1.0,6.0
22.0,2.0,19.0,5.0,12,8.0,2.0,25.0,1.0,9.0
53.0,1.0,16.0,1.0,12,9.0,1.0,40.0,2.0,1.0
20.0,1.0,19.0,5.0,15,8.0,2.0,15.0,2.0,8.0
37.0,1.0,19.0,5.0,22,8.0,2.0,30.0,1.0,1.0
35.0,1.0,16.0,5.0,16,8.0,0.0,40.0,2.0,1.0
56.0,1.0,13.0,1.0,12,8.0,1.0,40.0,1.0,1.0
18.0,1.0,16.0,5.0,13,8.0,17.0,3.0,1.0,9.0
56.0,1.0,21.0,1.0,3,8.0,0.0,46.0,1.0,1.0
43.0,6.0,16.0,1.0,18,9.0,12.0,40.0,1.0,1.0
59.0,1.0,20.0,1.0,15,8.0,0.0,50.0,1.0,3.0
59.0,4.0,16.0,1.0,13,8.0,0.0,50.0,1.0,1.0
34.0,1.0,22.0,1.0,1,8.0,1.0,40.0,2.0,1.0
30.0,2.0,22.0,1.0,7,8.0,1.0,40.0,2.0,1.0
36.0,2.0,21.0,1.0,7,9.0,1.0,40.0,2.0,1.0
25.0,1.0,16.0,5.0,13,8.0,10.0,40.0,1.0,1.0
45.0,3.0,18.0,1.0,9,9.0,0.0,40.0,2.0,8.0
33.0,1.0,15.0,1.0,22,4.0,1.0,40.0,1.0,6.0
66.0,6.0,22.0,3.0,5,8.0,0.0,20.0,2.0,1.0
73.0,1.0,18.0,1.0,0,8.0,0.0,35.0,2.0,1.0
26.0,1.0,21.0,5.0,14,8.0,0.0,9.0,2.0,6.0
23.0,1.0,21.0,5.0,2,8.0,0.0,50.0,1.0,6.0
43.0,6.0,10.0,5.0,22,8.0,0.0,20.0,2.0,1.0
31.0,3.0,21.0,5.0,4,8.0,12.0,40.0,2.0,8.0
25.0,1.0,21.0,5.0,1,8.0,13.0,40.0,1.0,1.0
46.0,1.0,16.0,5.0,6,8.0,0.0,40.0,2.0,9.0
56.0,1.0,21.0,5.0,12,8.0,0.0,30.0,2.0,2.0
33.0,7.0,16.0,5.0,13,8.0,16.0,40.0,1.0,1.0
37.0,1.0,22.0,1.0,2,8.0,0.0,40.0,1.0,1.0
53.0,1.0,19.0,2.0,7,9.0,0.0,35.0,2.0,1.0
41.0,1.0,16.0,1.0,22,9.0,2.0,40.0,1.0,1.0
37.0,6.0,16.0,1.0,22,8.0,1.0,40.0,1.0,1.0
49.0,1.0,16.0,1.0,21,8.0,1.0,40.0,1.0,1.0
45.0,4.0,16.0,1.0,13,9.0,1.0,40.0,1.0,6.0
57.0,1.0,9.0,4.0,17,9.0,5.0,54.0,1.0,8.0
60.0,3.0,21.0,1.0,7,8.0,1.0,45.0,2.0,1.0
42.0,1.0,17.0,1.0,18,8.0,0.0,40.0,1.0,1.0
21.0,2.0,16.0,5.0,7,8.0,2.0,6.0,2.0,1.0
30.0,1.0,22.0,1.0,3,5.0,1.0,47.0,1.0,6.0
25.0,7.0,16.0,5.0,20,8.0,0.0,36.0,1.0,1.0
76.0,5.0,19.0,5.0,16,8.0,0.0,12.0,2.0,1.0
68.0,2.0,22.0,5.0,6,8.0,15.0,20.0,2.0,1.0
46.0,1.0,15.0,1.0,18,9.0,1.0,40.0,1.0,1.0
31.0,3.0,18.0,5.0,9,8.0,0.0,12.0,1.0,9.0
38.0,1.0,16.0,1.0,18,9.0,1.0,40.0,1.0,1.0
40.0,2.0,23.0,1.0,4,9.0,0.0,30.0,2.0,1.0
58.0,1.0,21.0,5.0,22,8.0,0.0,40.0,1.0,1.0
58.0,1.0,18.0,1.0,10,6.0,5.0,40.0,1.0,6.0
71.0,3.0,21.0,3.0,0,0.0,0.0,20.0,1.0,1.0
61.0,1.0,9.0,2.0,17,9.0,0.0,70.0,1.0,1.0
52.0,7.0,21.0,1.0,15,5.0,1.0,45.0,1.0,1.0
18.0,1.0,14.0,5.0,16,8.0,4.0,10.0,2.0,1.0
52.0,1.0,16.0,5.0,22,9.0,12.0,40.0,1.0,8.0
48.0,1.0,22.0,4.0,16,9.0,2.0,40.0,1.0,1.0
23.0,1.0,14.0,5.0,15,8.0,5.0,30.0,2.0,9.0
48.0,3.0,20.0,3.0,20,8.0,0.0,52.0,1.0,1.0
23.0,1.0,18.0,5.0,12,8.0,2.0,35.0,1.0,1.0
26.0,1.0,21.0,5.0,0,8.0,0.0,50.0,2.0,6.0
31.0,1.0,21.0,1.0,3,8.0,0.0,40.0,1.0,8.0
57.0,6.0,21.0,1.0,15,8.0,0.0,60.0,2.0,1.0
50.0,1.0,13.0,1.0,20,8.0,0.0,45.0,1.0,1.0
35.0,1.0,20.0,5.0,15,8.0,12.0,40.0,2.0,1.0
55.0,1.0,21.0,1.0,16,8.0,0.0,30.0,2.0,1.0
67.0,2.0,16.0,3.0,10,8.0,0.0,4.0,2.0,1.0
20.0,1.0,18.0,5.0,15,8.0,2.0,15.0,1.0,6.0
21.0,1.0,16.0,5.0,16,8.0,2.0,40.0,2.0,1.0
27.0,1.0,21.0,1.0,0,5.0,1.0,50.0,2.0,6.0
32.0,1.0,21.0,5.0,4,8.0,0.0,50.0,1.0,1.0
32.0,1.0,20.0,1.0,0,9.0,1.0,40.0,1.0,1.0
55.0,3.0,16.0,1.0,0,4.0,1.0,15.0,2.0,6.0
42.0,1.0,16.0,1.0,22,8.0,1.0,80.0,1.0,2.0
47.0,5.0,21.0,1.0,20,8.0,0.0,40.0,1.0,1.0
42.0,1.0,16.0,5.0,9,9.0,5.0,40.0,2.0,1.0
24.0,1.0,19.0,5.0,14,8.0,0.0,25.0,2.0,1.0
54.0,3.0,16.0,1.0,13,9.0,0.0,36.0,1.0,1.0
23.0,1.0,16.0,5.0,21,8.0,2.0,40.0,1.0,1.0
50.0,1.0,13.0,3.0,21,8.0,9.0,40.0,2.0,1.0
17.0,1.0,13.0,5.0,15,12.0,2.0,6.0,1.0,1.0
62.0,6.0,18.0,1.0,12,1.0,0.0,10.0,1.0,1.0
23.0,1.0,20.0,5.0,20,8.0,2.0,20.0,1.0,6.0
36.0,1.0,16.0,1.0,20,8.0,0.0,40.0,1.0,1.0
22.0,1.0,16.0,5.0,22,8.0,2.0,40.0,2.0,1.0
49.0,2.0,21.0,1.0,7,8.0,1.0,40.0,2.0,1.0
60.0,1.0,16.0,1.0,15,8.0,1.0,40.0,1.0,1.0
38.0,6.0,16.0,5.0,0,8.0,0.0,40.0,1.0,1.0
35.0,1.0,19.0,5.0,9,8.0,0.0,35.0,2.0,1.0
55.0,1.0,3.0,1.0,18,9.0,1.0,45.0,1.0,8.0
61.0,1.0,16.0,1.0,22,8.0,0.0,50.0,1.0,1.0
54.0,1.0,13.0,1.0,21,6.0,1.0,40.0,1.0,6.0
40.0,1.0,19.0,1.0,6,9.0,0.0,40.0,1.0,8.0
63.0,2.0,22.0,1.0,7,8.0,1.0,40.0,2.0,1.0
35.0,1.0,21.0,5.0,7,8.0,0.0,37.0,2.0,1.0
28.0,1.0,16.0,5.0,13,8.0,16.0,40.0,1.0,1.0
62.0,1.0,19.0,1.0,20,6.0,0.0,40.0,1.0,6.0
39.0,5.0,19.0,1.0,23,8.0,1.0,40.0,1.0,2.0
61.0,1.0,21.0,1.0,2,6.0,1.0,40.0,2.0,6.0
31.0,1.0,19.0,1.0,21,8.0,0.0,40.0,1.0,1.0
57.0,1.0,19.0,3.0,16,8.0,0.0,40.0,2.0,1.0
49.0,3.0,18.0,1.0,11,8.0,1.0,40.0,1.0,1.0
22.0,1.0,19.0,5.0,15,8.0,12.0,25.0,1.0,2.0
66.0,1.0,16.0,1.0,16,4.0,1.0,40.0,2.0,9.0
46.0,1.0,19.0,1.0,11,8.0,2.0,40.0,2.0,1.0
18.0,1.0,16.0,5.0,16,8.0,2.0,20.0,2.0,6.0
40.0,5.0,20.0,1.0,20,8.0,0.0,45.0,1.0,1.0
35.0,6.0,21.0,5.0,8,3.0,0.0,20.0,1.0,1.0
40.0,1.0,1.0,1.0,13,12.0,0.0,40.0,1.0,1.0
20.0,1.0,16.0,5.0,14,8.0,0.0,18.0,2.0,2.0
38.0,1.0,23.0,5.0,9,8.0,0.0,84.0,1.0,6.0
29.0,1.0,20.0,5.0,20,8.0,0.0,50.0,1.0,1.0
35.0,6.0,21.0,1.0,14,8.0,1.0,20.0,2.0,1.0
64.0,4.0,20.0,5.0,18,8.0,0.0,40.0,1.0,1.0
26.0,1.0,16.0,5.0,15,8.0,0.0,40.0,2.0,1.0
66.0,7.0,19.0,1.0,0,4.0,0.0,20.0,1.0,6.0
33.0,6.0,22.0,5.0,20,9.0,0.0,40.0,1.0,8.0
50.0,5.0,22.0,1.0,0,8.0,0.0,50.0,2.0,2.0
28.0,1.0,21.0,5.0,3,8.0,0.0,60.0,1.0,1.0
38.0,1.0,18.0,5.0,0,9.0,13.0,40.0,1.0,8.0
58.0,1.0,20.0,3.0,22,8.0,13.0,30.0,1.0,1.0
25.0,1.0,21.0,5.0,16,8.0,13.0,40.0,2.0,6.0
33.0,1.0,20.0,1.0,7,8.0,1.0,40.0,2.0,1.0
58.0,1.0,20.0,1.0,4,8.0,0.0,40.0,1.0,1.0
49.0,1.0,16.0,1.0,22,9.0,0.0,48.0,1.0,8.0
19.0,4.0,18.0,5.0,14,8.0,2.0,30.0,1.0,1.0
30.0,1.0,20.0,1.0,1,9.0,0.0,46.0,2.0,8.0
32.0,2.0,21.0,5.0,9,8.0,12.0,40.0,2.0,1.0
63.0,1.0,21.0,3.0,7,8.0,0.0,40.0,2.0,1.0
36.0,6.0,21.0,1.0,1,4.0,0.0,40.0,1.0,6.0
53.0,7.0,14.0,1.0,13,9.0,0.0,72.0,1.0,8.0
37.0,1.0,23.0,5.0,9,8.0,0.0,85.0,2.0,1.0
67.0,6.0,22.0,1.0,0,2.0,1.0,60.0,1.0,1.0
42.0,1.0,21.0,1.0,20,8.0,0.0,40.0,1.0,1.0
63.0,1.0,21.0,5.0,8,8.0,0.0,8.0,1.0,6.0
21.0,1.0,16.0,5.0,15,8.0,2.0,25.0,2.0,8.0
49.0,1.0,24.0,5.0,9,6.0,5.0,40.0,2.0,6.0
46.0,1.0,19.0,5.0,16,8.0,12.0,40.0,2.0,6.0
61.0,2.0,22.0,3.0,7,8.0,0.0,40.0,2.0,1.0
28.0,1.0,19.0,5.0,15,8.0,0.0,40.0,2.0,2.0
59.0,1.0,21.0,5.0,16,8.0,0.0,20.0,1.0,1.0
39.0,3.0,20.0,1.0,11,8.0,0.0,40.0,1.0,9.0
29.0,1.0,21.0,5.0,10,6.0,0.0,80.0,2.0,6.0
49.0,4.0,22.0,1.0,7,4.0,1.0,40.0,2.0,6.0
78.0,2.0,24.0,3.0,8,8.0,0.0,12.0,1.0,1.0
37.0,2.0,23.0,1.0,7,5.0,1.0,50.0,2.0,6.0
62.0,5.0,15.0,1.0,21,8.0,0.0,40.0,1.0,6.0
54.0,1.0,4.0,1.0,18,9.0,0.0,40.0,1.0,8.0
70.0,1.0,19.0,1.0,2,6.0,0.0,40.0,1.0,1.0
28.0,3.0,21.0,5.0,7,8.0,0.0,40.0,1.0,2.0
44.0,2.0,16.0,1.0,22,9.0,0.0,40.0,1.0,9.0
64.0,7.0,21.0,1.0,15,6.0,1.0,30.0,1.0,6.0
62.0,1.0,20.0,1.0,21,8.0,0.0,50.0,1.0,2.0
47.0,1.0,1.0,1.0,12,8.0,6.0,24.0,1.0,1.0
27.0,1.0,12.0,5.0,3,8.0,5.0,40.0,1.0,1.0
33.0,1.0,21.0,5.0,16,6.0,2.0,40.0,2.0,6.0
23.0,1.0,16.0,5.0,22,8.0,0.0,15.0,1.0,1.0
51.0,1.0,11.0,1.0,13,9.0,0.0,40.0,1.0,1.0
20.0,1.0,16.0,5.0,16,8.0,2.0,40.0,1.0,6.0
59.0,7.0,21.0,1.0,7,8.0,0.0,25.0,2.0,1.0
24.0,1.0,19.0,5.0,11,8.0,0.0,45.0,2.0,1.0
19.0,1.0,19.0,5.0,15,8.0,11.0,25.0,2.0,1.0
57.0,2.0,19.0,1.0,16,8.0,1.0,45.0,2.0,3.0
54.0,1.0,19.0,1.0,15,8.0,1.0,40.0,2.0,1.0
34.0,1.0,16.0,1.0,21,8.0,9.0,40.0,1.0,1.0
47.0,6.0,15.0,5.0,18,9.0,0.0,40.0,1.0,8.0
17.0,1.0,13.0,5.0,12,8.0,2.0,15.0,1.0,1.0
67.0,1.0,7.0,1.0,12,9.0,1.0,40.0,1.0,1.0
55.0,1.0,16.0,1.0,16,8.0,0.0,40.0,1.0,6.0
33.0,1.0,16.0,5.0,18,9.0,2.0,40.0,1.0,8.0
21.0,1.0,16.0,5.0,21,8.0,10.0,40.0,1.0,8.0
53.0,1.0,21.0,5.0,3,8.0,0.0,40.0,1.0,1.0
39.0,4.0,20.0,5.0,0,8.0,0.0,45.0,2.0,1.0
35.0,1.0,19.0,1.0,0,8.0,9.0,40.0,1.0,9.0
48.0,1.0,21.0,5.0,12,6.0,0.0,40.0,1.0,1.0
54.0,4.0,21.0,1.0,7,8.0,0.0,20.0,2.0,1.0
22.0,2.0,21.0,5.0,21,8.0,2.0,15.0,1.0,9.0
47.0,1.0,21.0,5.0,22,4.0,2.0,20.0,1.0,6.0
30.0,5.0,21.0,5.0,16,8.0,2.0,40.0,2.0,2.0
22.0,1.0,16.0,5.0,12,10.0,15.0,40.0,1.0,2.0
45.0,3.0,23.0,1.0,1,6.0,0.0,48.0,2.0,6.0
33.0,1.0,21.0,1.0,16,8.0,0.0,50.0,2.0,1.0
39.0,1.0,9.0,5.0,17,9.0,0.0,40.0,1.0,8.0
58.0,1.0,16.0,1.0,21,6.0,10.0,40.0,2.0,6.0
40.0,1.0,24.0,5.0,7,4.0,0.0,50.0,2.0,6.0
63.0,1.0,1.0,5.0,21,9.0,0.0,50.0,1.0,8.0
36.0,4.0,21.0,1.0,7,10.0,0.0,36.0,1.0,2.0
53.0,1.0,20.0,1.0,0,8.0,0.0,46.0,1.0,1.0
58.0,1.0,19.0,1.0,3,6.0,0.0,40.0,1.0,6.0
48.0,1.0,15.0,1.0,22,8.0,1.0,40.0,1.0,1.0
68.0,3.0,22.0,1.0,7,8.0,1.0,36.0,2.0,1.0
76.0,1.0,12.0,1.0,21,9.0,1.0,40.0,1.0,8.0
45.0,6.0,21.0,1.0,3,6.0,0.0,25.0,2.0,6.0
20.0,1.0,16.0,5.0,16,8.0,2.0,16.0,1.0,1.0
19.0,1.0,19.0,5.0,12,8.0,12.0,12.0,1.0,6.0
22.0,1.0,15.0,5.0,22,8.0,16.0,40.0,1.0,1.0
63.0,1.0,18.0,1.0,10,8.0,17.0,84.0,2.0,1.0
59.0,6.0,19.0,3.0,0,8.0,13.0,65.0,2.0,1.0
65.0,1.0,6.0,4.0,14,9.0,15.0,40.0,2.0,1.0
82.0,6.0,16.0,1.0,18,8.0,6.0,1.0,1.0,8.0
56.0,4.0,21.0,1.0,7,8.0,1.0,35.0,2.0,1.0
49.0,7.0,21.0,1.0,0,8.0,1.0,70.0,1.0,1.0
20.0,1.0,19.0,5.0,16,8.0,2.0,25.0,2.0,1.0
35.0,3.0,22.0,1.0,10,9.0,1.0,40.0,2.0,8.0
51.0,1.0,16.0,1.0,22,9.0,1.0,28.0,2.0,8.0
28.0,1.0,19.0,1.0,22,8.0,2.0,8.0,2.0,8.0
74.0,1.0,16.0,3.0,22,8.0,11.0,24.0,1.0,1.0
25.0,1.0,19.0,5.0,3,8.0,0.0,20.0,2.0,1.0
48.0,1.0,18.0,1.0,22,8.0,1.0,45.0,1.0,6.0
32.0,1.0,20.0,5.0,16,8.0,2.0,40.0,2.0,1.0
33.0,1.0,22.0,1.0,0,8.0,0.0,45.0,2.0,1.0
18.0,1.0,16.0,5.0,12,8.0,2.0,20.0,1.0,1.0
52.0,1.0,21.0,1.0,1,8.0,0.0,40.0,2.0,1.0
18.0,6.0,18.0,5.0,8,8.0,17.0,5.0,2.0,6.0
45.0,1.0,1.0,5.0,16,9.0,10.0,40.0,1.0,1.0
35.0,5.0,23.0,1.0,4,8.0,1.0,40.0,1.0,6.0
22.0,1.0,16.0,5.0,12,8.0,0.0,30.0,2.0,9.0
40.0,1.0,18.0,1.0,15,8.0,1.0,50.0,1.0,1.0
35.0,1.0,18.0,5.0,15,9.0,0.0,40.0,1.0,8.0
48.0,1.0,20.0,1.0,9,4.0,0.0,32.0,1.0,6.0
57.0,7.0,19.0,1.0,2,8.0,0.0,40.0,1.0,9.0
52.0,1.0,6.0,1.0,21,9.0,1.0,40.0,2.0,8.0
29.0,1.0,22.0,5.0,16,9.0,0.0,40.0,2.0,1.0
25.0,1.0,16.0,5.0,15,8.0,2.0,30.0,2.0,6.0
68.0,6.0,19.0,1.0,15,7.0,0.0,25.0,1.0,1.0
45.0,1.0,18.0,1.0,15,8.0,1.0,40.0,1.0,1.0
40.0,6.0,19.0,5.0,1,8.0,13.0,50.0,1.0,1.0
34.0,1.0,22.0,1.0,3,8.0,0.0,40.0,2.0,1.0
42.0,2.0,21.0,3.0,9,8.0,0.0,40.0,2.0,1.0
18.0,1.0,16.0,5.0,14,8.0,2.0,6.0,2.0,8.0
81.0,6.0,24.0,3.0,1,8.0,0.0,3.0,1.0,1.0
71.0,1.0,21.0,1.0,9,8.0,0.0,40.0,2.0,1.0
41.0,6.0,16.0,1.0,18,9.0,0.0,40.0,1.0,8.0
94.0,2.0,22.0,5.0,6,8.0,17.0,48.0,2.0,1.0
18.0,1.0,16.0,5.0,12,8.0,2.0,15.0,2.0,6.0
24.0,1.0,14.0,5.0,13,8.0,2.0,40.0,1.0,1.0
27.0,1.0,17.0,5.0,12,8.0,2.0,32.0,2.0,1.0
28.0,1.0,24.0,5.0,5,4.0,0.0,45.0,1.0,6.0
20.0,1.0,19.0,5.0,16,8.0,2.0,12.0,1.0,6.0
17.0,1.0,14.0,5.0,12,8.0,2.0,20.0,1.0,1.0
48.0,1.0,21.0,1.0,8,4.0,1.0,25.0,2.0,6.0
26.0,3.0,16.0,5.0,7,8.0,10.0,40.0,1.0,1.0
45.0,4.0,22.0,1.0,0,3.0,1.0,40.0,2.0,1.0
18.0,1.0,14.0,5.0,16,8.0,2.0,8.0,2.0,6.0
23.0,3.0,20.0,5.0,7,9.0,2.0,19.0,2.0,1.0
31.0,1.0,9.0,1.0,18,9.0,1.0,40.0,1.0,1.0
61.0,1.0,9.0,3.0,21,9.0,0.0,40.0,1.0,8.0
55.0,1.0,6.0,1.0,10,9.0,0.0,40.0,2.0,8.0
39.0,1.0,20.0,1.0,7,4.0,1.0,25.0,2.0,6.0
53.0,1.0,11.0,1.0,21,9.0,0.0,40.0,1.0,1.0
31.0,1.0,21.0,1.0,4,8.0,1.0,45.0,1.0,1.0
30.0,1.0,22.0,5.0,9,8.0,15.0,40.0,2.0,1.0
29.0,1.0,16.0,1.0,21,8.0,1.0,40.0,1.0,6.0
65.0,2.0,21.0,5.0,9,8.0,0.0,32.0,2.0,1.0
33.0,1.0,16.0,5.0,4,15.0,13.0,40.0,1.0,1.0
57.0,3.0,16.0,3.0,10,8.0,2.0,20.0,2.0,1.0
37.0,1.0,22.0,3.0,3,4.0,0.0,40.0,2.0,6.0
28.0,1.0,12.0,1.0,22,8.0,0.0,45.0,1.0,1.0
35.0,7.0,21.0,1.0,8,8.0,0.0,50.0,1.0,1.0
44.0,1.0,19.0,3.0,21,8.0,0.0,60.0,1.0,1.0
28.0,1.0,21.0,1.0,9,6.0,9.0,40.0,1.0,6.0
58.0,5.0,17.0,1.0,11,6.0,1.0,40.0,1.0,6.0
31.0,1.0,16.0,5.0,15,8.0,2.0,40.0,1.0,1.0
55.0,1.0,21.0,1.0,9,6.0,1.0,36.0,2.0,6.0
29.0,1.0,16.0,5.0,13,8.0,2.0,40.0,2.0,8.0
19.0,2.0,18.0,5.0,14,8.0,17.0,12.0,2.0,1.0
23.0,1.0,21.0,5.0,15,8.0,2.0,10.0,1.0,1.0
52.0,4.0,18.0,1.0,7,8.0,0.0,17.0,2.0,1.0
58.0,1.0,17.0,1.0,13,8.0,1.0,14.0,1.0,1.0
23.0,1.0,19.0,5.0,12,8.0,5.0,6.0,2.0,6.0
48.0,2.0,20.0,4.0,16,8.0,0.0,60.0,2.0,8.0
53.0,3.0,21.0,3.0,9,8.0,0.0,46.0,2.0,1.0
40.0,3.0,16.0,1.0,13,8.0,1.0,40.0,1.0,1.0
53.0,3.0,21.0,3.0,3,8.0,0.0,40.0,1.0,1.0
49.0,2.0,20.0,5.0,7,8.0,2.0,40.0,2.0,9.0
63.0,3.0,22.0,3.0,9,8.0,0.0,40.0,2.0,1.0
22.0,1.0,19.0,5.0,2,8.0,5.0,90.0,1.0,1.0
18.0,3.0,16.0,5.0,0,8.0,2.0,8.0,2.0,6.0
55.0,1.0,1.0,4.0,22,9.0,5.0,40.0,1.0,8.0
69.0,7.0,15.0,1.0,0,8.0,0.0,60.0,1.0,1.0
35.0,1.0,21.0,1.0,15,8.0,0.0,40.0,2.0,1.0
24.0,1.0,21.0,5.0,1,8.0,11.0,40.0,1.0,6.0
18.0,1.0,14.0,5.0,12,8.0,2.0,16.0,2.0,1.0
69.0,6.0,21.0,5.0,8,8.0,0.0,20.0,2.0,1.0
37.0,6.0,16.0,1.0,14,9.0,1.0,20.0,2.0,1.0
60.0,1.0,23.0,1.0,4,8.0,0.0,45.0,2.0,1.0
45.0,1.0,21.0,1.0,9,8.0,1.0,45.0,1.0,9.0
17.0,3.0,14.0,5.0,12,8.0,2.0,4.0,1.0,1.0
58.0,1.0,8.0,1.0,13,9.0,0.0,40.0,1.0,8.0
19.0,1.0,19.0,5.0,12,8.0,17.0,32.0,1.0,1.0
22.0,5.0,19.0,5.0,11,8.0,15.0,40.0,1.0,1.0
27.0,1.0,16.0,5.0,8,8.0,12.0,40.0,1.0,1.0
42.0,1.0,21.0,1.0,1,8.0,0.0,50.0,1.0,1.0
30.0,1.0,19.0,5.0,15,8.0,15.0,20.0,1.0,8.0
67.0,4.0,16.0,1.0,22,8.0,0.0,40.0,1.0,8.0
89.0,7.0,18.0,5.0,15,8.0,0.0,40.0,1.0,1.0
42.0,2.0,19.0,1.0,0,4.0,1.0,50.0,1.0,6.0
21.0,1.0,19.0,5.0,3,8.0,17.0,40.0,1.0,9.0
24.0,1.0,21.0,5.0,3,4.0,0.0,40.0,1.0,6.0
63.0,2.0,19.0,2.0,1,8.0,6.0,32.0,2.0,1.0
52.0,1.0,19.0,5.0,21,6.0,2.0,40.0,1.0,6.0
65.0,2.0,23.0,1.0,9,8.0,1.0,42.0,1.0,9.0
46.0,2.0,20.0,3.0,7,9.0,0.0,40.0,2.0,1.0
60.0,2.0,17.0,2.0,7,4.0,6.0,3.0,2.0,6.0
63.0,1.0,20.0,4.0,15,8.0,0.0,50.0,1.0,1.0
35.0,4.0,20.0,5.0,0,9.0,0.0,45.0,1.0,8.0
25.0,1.0,21.0,5.0,3,8.0,12.0,50.0,2.0,6.0
51.0,1.0,21.0,1.0,4,4.0,0.0,40.0,1.0,6.0
36.0,1.0,21.0,1.0,3,5.0,0.0,40.0,1.0,6.0
56.0,4.0,21.0,1.0,11,5.0,0.0,24.0,1.0,1.0
62.0,1.0,1.0,1.0,15,6.0,6.0,40.0,1.0,6.0
64.0,6.0,21.0,3.0,0,8.0,0.0,32.0,2.0,1.0
25.0,1.0,21.0,1.0,21,8.0,0.0,55.0,2.0,1.0
26.0,3.0,21.0,5.0,10,6.0,13.0,16.0,2.0,6.0
39.0,6.0,21.0,1.0,0,4.0,1.0,60.0,1.0,6.0
51.0,1.0,11.0,1.0,17,9.0,0.0,40.0,2.0,8.0
84.0,3.0,22.0,3.0,7,8.0,0.0,12.0,2.0,1.0
39.0,1.0,16.0,1.0,13,8.0,0.0,40.0,2.0,1.0
36.0,1.0,14.0,5.0,22,8.0,13.0,40.0,1.0,8.0
34.0,1.0,20.0,1.0,11,8.0,2.0,40.0,1.0,6.0
54.0,1.0,21.0,1.0,0,8.0,0.0,50.0,2.0,1.0
40.0,4.0,24.0,1.0,7,4.0,1.0,40.0,1.0,6.0
39.0,1.0,20.0,1.0,16,8.0,0.0,60.0,2.0,1.0
27.0,1.0,21.0,5.0,8,8.0,0.0,45.0,1.0,1.0
52.0,1.0,23.0,1.0,0,8.0,0.0,8.0,2.0,1.0
54.0,3.0,19.0,1.0,18,8.0,1.0,40.0,1.0,1.0
31.0,1.0,22.0,1.0,1,8.0,0.0,45.0,2.0,1.0
57.0,1.0,22.0,3.0,0,8.0,0.0,40.0,1.0,1.0
60.0,1.0,20.0,5.0,12,8.0,0.0,30.0,2.0,1.0
29.0,1.0,21.0,5.0,15,9.0,12.0,60.0,2.0,1.0
51.0,1.0,15.0,1.0,12,9.0,1.0,48.0,2.0,1.0
21.0,1.0,19.0,5.0,7,8.0,12.0,12.0,1.0,2.0
58.0,1.0,13.0,2.0,13,9.0,0.0,36.0,2.0,1.0
32.0,4.0,22.0,1.0,1,8.0,1.0,40.0,2.0,9.0
45.0,1.0,16.0,3.0,21,9.0,6.0,40.0,2.0,1.0
42.0,1.0,14.0,1.0,15,9.0,0.0,40.0,2.0,1.0
82.0,6.0,22.0,1.0,0,8.0,0.0,30.0,1.0,1.0
63.0,4.0,16.0,5.0,18,8.0,16.0,38.0,1.0,1.0
43.0,3.0,19.0,1.0,11,8.0,0.0,56.0,1.0,1.0
38.0,1.0,21.0,3.0,16,8.0,0.0,40.0,2.0,1.0
41.0,1.0,18.0,5.0,3,1.0,3.0,40.0,2.0,1.0
23.0,1.0,19.0,5.0,15,8.0,2.0,10.0,1.0,6.0
49.0,1.0,16.0,3.0,16,8.0,0.0,7.0,2.0,1.0
50.0,2.0,22.0,1.0,8,8.0,1.0,40.0,2.0,1.0
61.0,6.0,21.0,1.0,3,8.0,0.0,20.0,1.0,1.0
51.0,1.0,22.0,1.0,0,8.0,0.0,50.0,1.0,1.0
49.0,1.0,16.0,1.0,10,4.0,1.0,40.0,2.0,6.0
59.0,3.0,18.0,1.0,7,0.0,1.0,20.0,2.0,1.0
29.0,1.0,21.0,5.0,7,8.0,11.0,40.0,2.0,1.0
48.0,1.0,12.0,4.0,17,9.0,2.0,45.0,1.0,1.0
50.0,1.0,21.0,1.0,0,8.0,1.0,60.0,2.0,1.0
22.0,1.0,21.0,5.0,12,8.0,0.0,30.0,1.0,1.0
72.0,6.0,23.0,1.0,13,8.0,1.0,24.0,1.0,1.0
36.0,1.0,20.0,1.0,16,8.0,1.0,50.0,2.0,1.0
50.0,1.0,16.0,1.0,15,8.0,1.0,40.0,1.0,1.0
38.0,1.0,21.0,1.0,0,8.0,0.0,50.0,1.0,6.0
28.0,1.0,21.0,1.0,8,8.0,0.0,40.0,1.0,1.0
42.0,5.0,20.0,1.0,16,6.0,9.0,40.0,1.0,6.0
43.0,1.0,16.0,5.0,21,9.0,0.0,40.0,2.0,8.0
50.0,1.0,16.0,1.0,22,8.0,1.0,50.0,1.0,1.0
53.0,1.0,16.0,5.0,22,8.0,5.0,40.0,1.0,1.0
53.0,1.0,23.0,5.0,9,4.0,0.0,70.0,2.0,6.0
28.0,1.0,19.0,5.0,14,6.0,11.0,40.0,2.0,6.0
48.0,4.0,21.0,1.0,7,8.0,1.0,40.0,2.0,1.0
58.0,3.0,22.0,1.0,14,8.0,0.0,10.0,2.0,1.0
76.0,6.0,16.0,1.0,14,8.0,1.0,12.0,2.0,1.0
57.0,1.0,18.0,3.0,15,1.0,0.0,40.0,2.0,1.0
43.0,1.0,16.0,1.0,14,9.0,0.0,18.0,2.0,8.0
56.0,1.0,1.0,4.0,12,9.0,6.0,25.0,2.0,1.0
33.0,3.0,21.0,5.0,16,8.0,2.0,60.0,2.0,1.0
53.0,5.0,22.0,3.0,23,8.0,0.0,50.0,1.0,1.0
30.0,1.0,19.0,1.0,22,8.0,0.0,16.0,1.0,1.0
25.0,1.0,19.0,5.0,16,8.0,15.0,40.0,2.0,8.0
44.0,1.0,21.0,5.0,15,8.0,0.0,40.0,1.0,1.0
66.0,4.0,24.0,3.0,7,0.0,15.0,60.0,1.0,1.0
45.0,6.0,16.0,1.0,14,4.0,1.0,40.0,2.0,6.0
37.0,3.0,21.0,1.0,6,8.0,0.0,35.0,2.0,8.0
20.0,1.0,19.0,5.0,12,8.0,2.0,40.0,2.0,8.0
46.0,1.0,15.0,5.0,16,9.0,5.0,40.0,2.0,8.0
62.0,4.0,22.0,5.0,0,8.0,0.0,25.0,2.0,2.0
48.0,1.0,21.0,1.0,2,4.0,1.0,45.0,2.0,6.0
46.0,6.0,21.0,1.0,8,1.0,0.0,15.0,2.0,9.0
34.0,1.0,16.0,5.0,0,8.0,0.0,45.0,1.0,1.0
61.0,1.0,21.0,1.0,2,8.0,1.0,30.0,1.0,1.0
19.0,1.0,16.0,5.0,12,8.0,17.0,20.0,1.0,1.0
29.0,1.0,21.0,5.0,12,8.0,0.0,32.0,1.0,2.0
66.0,1.0,21.0,1.0,9,6.0,1.0,80.0,2.0,6.0
44.0,1.0,22.0,1.0,3,4.0,1.0,40.0,1.0,6.0
54.0,3.0,19.0,5.0,13,8.0,16.0,32.0,1.0,2.0
35.0,1.0,20.0,5.0,10,8.0,2.0,40.0,2.0,8.0
55.0,1.0,18.0,1.0,1,8.0,1.0,40.0,2.0,1.0
58.0,4.0,16.0,3.0,7,8.0,13.0,30.0,2.0,1.0
58.0,6.0,19.0,1.0,15,8.0,1.0,40.0,2.0,1.0
39.0,1.0,19.0,1.0,20,8.0,0.0,40.0,1.0,1.0
56.0,7.0,1.0,1.0,18,9.0,6.0,40.0,1.0,8.0
59.0,4.0,19.0,1.0,16,9.0,1.0,10.0,2.0,1.0
68.0,6.0,21.0,1.0,1,8.0,0.0,20.0,1.0,1.0
45.0,1.0,21.0,1.0,0,8.0,0.0,70.0,1.0,1.0
61.0,3.0,20.0,1.0,0,8.0,0.0,40.0,2.0,1.0
55.0,1.0,16.0,1.0,15,8.0,1.0,35.0,2.0,1.0
41.0,1.0,19.0,1.0,12,6.0,1.0,40.0,2.0,6.0
26.0,1.0,18.0,1.0,16,8.0,9.0,48.0,2.0,2.0
54.0,1.0,20.0,1.0,18,8.0,1.0,35.0,1.0,1.0
55.0,1.0,19.0,1.0,16,8.0,0.0,40.0,1.0,8.0
43.0,1.0,24.0,1.0,3,2.0,0.0,60.0,1.0,1.0
65.0,7.0,12.0,5.0,18,4.0,0.0,48.0,1.0,6.0
20.0,1.0,19.0,5.0,12,8.0,15.0,20.0,1.0,1.0
43.0,1.0,16.0,1.0,21,8.0,1.0,48.0,1.0,1.0
57.0,7.0,18.0,1.0,16,8.0,0.0,20.0,2.0,9.0
33.0,1.0,20.0,1.0,0,8.0,0.0,52.0,1.0,1.0
55.0,1.0,22.0,1.0,0,8.0,0.0,55.0,2.0,1.0
31.0,2.0,16.0,1.0,21,9.0,1.0,40.0,2.0,8.0
56.0,7.0,19.0,1.0,8,8.0,1.0,60.0,1.0,1.0
63.0,1.0,18.0,1.0,0,8.0,0.0,65.0,1.0,1.0
46.0,1.0,22.0,1.0,3,5.0,0.0,40.0,1.0,6.0
36.0,1.0,1.0,1.0,13,9.0,1.0,40.0,2.0,8.0
45.0,1.0,16.0,1.0,15,8.0,1.0,45.0,1.0,1.0
76.0,2.0,24.0,1.0,7,5.0,0.0,54.0,1.0,1.0
62.0,1.0,18.0,3.0,16,8.0,0.0,40.0,2.0,1.0
20.0,2.0,19.0,5.0,15,4.0,17.0,10.0,2.0,6.0
19.0,5.0,16.0,5.0,23,8.0,17.0,50.0,1.0,1.0
52.0,6.0,16.0,1.0,18,8.0,1.0,40.0,1.0,1.0
65.0,4.0,21.0,1.0,16,8.0,1.0,40.0,2.0,1.0
21.0,1.0,16.0,5.0,15,9.0,4.0,30.0,2.0,8.0
36.0,1.0,16.0,1.0,15,8.0,0.0,45.0,1.0,8.0
38.0,6.0,16.0,5.0,13,8.0,2.0,48.0,1.0,1.0
62.0,1.0,19.0,5.0,0,8.0,2.0,40.0,2.0,1.0
18.0,1.0,14.0,1.0,7,8.0,2.0,40.0,2.0,1.0
71.0,1.0,21.0,3.0,0,4.0,0.0,40.0,1.0,6.0
26.0,1.0,21.0,5.0,0,8.0,0.0,40.0,2.0,2.0
47.0,1.0,16.0,1.0,16,4.0,0.0,40.0,2.0,6.0
34.0,1.0,1.0,5.0,18,9.0,13.0,50.0,1.0,8.0
64.0,7.0,20.0,1.0,15,8.0,1.0,30.0,2.0,1.0
30.0,1.0,22.0,5.0,7,8.0,13.0,45.0,2.0,1.0
36.0,6.0,16.0,1.0,18,9.0,0.0,45.0,1.0,1.0
18.0,1.0,18.0,5.0,12,8.0,2.0,15.0,1.0,9.0
19.0,1.0,16.0,5.0,22,9.0,2.0,99.0,1.0,8.0
19.0,1.0,18.0,5.0,22,8.0,2.0,15.0,1.0,1.0
20.0,1.0,16.0,5.0,16,8.0,4.0,25.0,2.0,8.0
28.0,1.0,21.0,5.0,6,8.0,2.0,40.0,2.0,8.0
34.0,1.0,20.0,5.0,21,8.0,15.0,8.0,2.0,1.0
65.0,5.0,16.0,3.0,1,8.0,0.0,40.0,2.0,1.0
32.0,1.0,21.0,1.0,13,4.0,11.0,40.0,1.0,6.0
58.0,1.0,21.0,5.0,1,8.0,0.0,54.0,2.0,1.0
74.0,6.0,18.0,5.0,7,8.0,0.0,35.0,1.0,1.0
51.0,3.0,16.0,5.0,22,8.0,0.0,40.0,2.0,2.0
39.0,1.0,21.0,1.0,16,8.0,0.0,40.0,2.0,1.0
36.0,1.0,21.0,1.0,12,7.0,0.0,25.0,2.0,1.0
49.0,1.0,21.0,1.0,0,8.0,1.0,40.0,2.0,1.0
38.0,4.0,22.0,1.0,3,5.0,0.0,40.0,1.0,1.0
68.0,1.0,18.0,1.0,11,8.0,0.0,40.0,1.0,1.0
47.0,1.0,19.0,1.0,22,8.0,1.0,40.0,1.0,1.0
66.0,1.0,16.0,3.0,16,8.0,0.0,40.0,2.0,1.0
47.0,1.0,16.0,1.0,0,8.0,1.0,55.0,1.0,1.0
31.0,1.0,21.0,1.0,1,8.0,1.0,45.0,1.0,6.0
74.0,1.0,5.0,1.0,13,9.0,0.0,40.0,1.0,1.0
56.0,1.0,19.0,5.0,16,8.0,0.0,40.0,2.0,2.0
17.0,1.0,14.0,5.0,12,8.0,2.0,25.0,2.0,8.0
37.0,2.0,21.0,5.0,14,8.0,2.0,50.0,2.0,1.0
46.0,1.0,24.0,1.0,9,5.0,1.0,36.0,2.0,1.0
24.0,1.0,20.0,5.0,12,8.0,2.0,30.0,1.0,1.0
28.0,1.0,16.0,5.0,15,8.0,0.0,25.0,2.0,1.0
25.0,1.0,16.0,5.0,22,8.0,2.0,40.0,1.0,1.0
22.0,1.0,19.0,1.0,16,8.0,0.0,40.0,1.0,8.0
32.0,6.0,19.0,1.0,0,8.0,0.0,60.0,1.0,1.0
25.0,1.0,21.0,5.0,2,8.0,2.0,40.0,1.0,1.0
64.0,1.0,3.0,1.0,18,9.0,0.0,40.0,1.0,1.0
24.0,1.0,18.0,5.0,18,8.0,0.0,40.0,1.0,1.0
42.0,1.0,21.0,1.0,15,8.0,1.0,50.0,1.0,2.0
32.0,7.0,21.0,1.0,15,8.0,1.0,36.0,2.0,6.0
44.0,1.0,18.0,1.0,17,8.0,0.0,24.0,2.0,1.0
56.0,1.0,21.0,3.0,15,8.0,0.0,45.0,2.0,1.0
55.0,1.0,19.0,1.0,12,9.0,0.0,38.0,1.0,8.0
39.0,1.0,21.0,1.0,2,8.0,0.0,40.0,2.0,8.0
23.0,1.0,20.0,5.0,15,8.0,2.0,16.0,2.0,2.0
62.0,1.0,1.0,1.0,18,9.0,0.0,40.0,1.0,8.0
23.0,2.0,21.0,5.0,6,8.0,17.0,55.0,2.0,1.0
26.0,5.0,16.0,5.0,16,15.0,11.0,40.0,2.0,7.0
30.0,1.0,16.0,5.0,10,8.0,12.0,40.0,2.0,9.0
50.0,1.0,21.0,1.0,1,8.0,1.0,40.0,1.0,9.0
24.0,1.0,15.0,1.0,15,9.0,2.0,45.0,1.0,1.0
36.0,1.0,16.0,1.0,22,9.0,0.0,40.0,2.0,1.0
29.0,1.0,1.0,1.0,22,8.0,1.0,60.0,2.0,9.0
23.0,1.0,19.0,5.0,15,8.0,2.0,25.0,1.0,6.0
27.0,1.0,16.0,5.0,14,8.0,2.0,20.0,1.0,1.0
42.0,1.0,20.0,1.0,18,9.0,0.0,40.0,1.0,1.0
39.0,3.0,22.0,1.0,7,8.0,2.0,25.0,2.0,1.0
21.0,1.0,16.0,5.0,18,8.0,2.0,40.0,1.0,8.0
38.0,6.0,22.0,1.0,8,8.0,0.0,30.0,2.0,1.0
45.0,1.0,21.0,1.0,1,8.0,1.0,50.0,2.0,1.0
28.0,3.0,21.0,5.0,7,8.0,2.0,40.0,1.0,1.0
62.0,6.0,23.0,2.0,7,8.0,0.0,40.0,2.0,2.0
63.0,4.0,20.0,3.0,16,8.0,11.0,40.0,1.0,1.0
60.0,1.0,22.0,1.0,8,8.0,0.0,45.0,1.0,1.0
44.0,1.0,20.0,5.0,22,7.0,12.0,60.0,1.0,1.0
65.0,1.0,1.0,1.0,0,9.0,0.0,40.0,1.0,8.0
31.0,1.0,19.0,1.0,1,8.0,0.0,45.0,1.0,1.0
39.0,7.0,21.0,1.0,19,8.0,1.0,70.0,1.0,1.0
19.0,1.0,16.0,5.0,15,8.0,2.0,15.0,2.0,1.0
22.0,1.0,19.0,1.0,16,8.0,1.0,40.0,2.0,1.0
20.0,1.0,19.0,5.0,14,8.0,2.0,40.0,1.0,1.0
54.0,3.0,19.0,1.0,22,8.0,0.0,40.0,1.0,8.0
45.0,1.0,22.0,1.0,4,6.0,0.0,40.0,1.0,6.0
51.0,1.0,23.0,1.0,9,10.0,0.0,30.0,1.0,2.0
52.0,1.0,23.0,1.0,10,8.0,1.0,20.0,2.0,6.0
32.0,1.0,19.0,5.0,14,8.0,2.0,40.0,2.0,8.0
42.0,1.0,10.0,1.0,21,9.0,0.0,40.0,2.0,8.0
50.0,1.0,21.0,1.0,0,8.0,0.0,50.0,1.0,1.0
59.0,2.0,20.0,1.0,9,8.0,0.0,44.0,2.0,1.0
48.0,1.0,21.0,2.0,9,8.0,5.0,30.0,2.0,8.0
26.0,1.0,22.0,5.0,1,4.0,13.0,40.0,2.0,6.0
26.0,1.0,21.0,5.0,1,8.0,13.0,50.0,1.0,1.0
32.0,1.0,21.0,3.0,3,8.0,11.0,20.0,2.0,1.0
25.0,1.0,21.0,1.0,0,8.0,0.0,50.0,1.0,1.0
23.0,1.0,20.0,5.0,12,8.0,2.0,25.0,2.0,1.0
45.0,8.0,20.0,3.0,15,8.0,0.0,80.0,1.0,2.0
18.0,1.0,14.0,5.0,16,8.0,2.0,20.0,1.0,9.0
58.0,3.0,16.0,3.0,14,8.0,13.0,22.0,2.0,1.0
48.0,1.0,21.0,1.0,0,8.0,0.0,50.0,2.0,1.0
52.0,1.0,15.0,4.0,18,8.0,11.0,40.0,1.0,9.0
18.0,1.0,16.0,5.0,15,8.0,2.0,15.0,1.0,1.0
19.0,1.0,19.0,5.0,16,8.0,17.0,12.0,2.0,6.0
46.0,1.0,21.0,1.0,0,0.0,0.0,40.0,1.0,1.0
18.0,2.0,18.0,5.0,22,8.0,2.0,16.0,1.0,6.0
44.0,1.0,20.0,3.0,5,8.0,13.0,40.0,2.0,1.0
40.0,1.0,23.0,1.0,9,8.0,0.0,15.0,2.0,1.0
25.0,1.0,16.0,5.0,15,9.0,2.0,37.0,2.0,1.0
25.0,1.0,16.0,5.0,10,8.0,2.0,35.0,1.0,1.0
27.0,1.0,15.0,1.0,12,9.0,1.0,40.0,1.0,3.0
57.0,1.0,18.0,3.0,15,8.0,0.0,44.0,1.0,1.0
33.0,1.0,16.0,5.0,10,8.0,2.0,10.0,1.0,9.0
56.0,1.0,19.0,1.0,9,8.0,1.0,45.0,2.0,8.0
23.0,1.0,20.0,5.0,12,8.0,15.0,30.0,1.0,6.0
30.0,1.0,21.0,5.0,15,4.0,0.0,40.0,2.0,6.0
32.0,6.0,21.0,1.0,1,8.0,1.0,40.0,1.0,1.0
61.0,3.0,22.0,1.0,7,8.0,1.0,36.0,2.0,1.0
37.0,1.0,21.0,1.0,1,8.0,0.0,45.0,2.0,1.0
73.0,6.0,21.0,3.0,15,9.0,0.0,40.0,2.0,8.0
30.0,6.0,22.0,5.0,0,8.0,13.0,60.0,1.0,1.0
66.0,6.0,21.0,1.0,2,8.0,0.0,40.0,2.0,1.0
24.0,1.0,20.0,5.0,15,8.0,2.0,30.0,2.0,1.0
48.0,6.0,21.0,1.0,15,8.0,0.0,50.0,1.0,1.0
45.0,2.0,20.0,1.0,16,4.0,1.0,40.0,1.0,6.0
65.0,1.0,16.0,2.0,8,4.0,0.0,40.0,1.0,6.0
68.0,1.0,16.0,1.0,15,7.0,1.0,17.0,2.0,1.0
81.0,7.0,20.0,4.0,15,8.0,0.0,35.0,1.0,1.0
28.0,1.0,21.0,3.0,3,6.0,13.0,50.0,2.0,6.0
49.0,1.0,15.0,3.0,15,8.0,13.0,40.0,1.0,1.0
26.0,1.0,21.0,5.0,8,8.0,12.0,50.0,1.0,1.0
22.0,1.0,19.0,5.0,14,8.0,2.0,40.0,2.0,1.0
28.0,1.0,16.0,5.0,22,8.0,0.0,40.0,1.0,1.0
64.0,1.0,19.0,1.0,15,6.0,0.0,32.0,1.0,6.0
42.0,1.0,19.0,1.0,21,9.0,1.0,6.0,2.0,1.0
30.0,1.0,19.0,5.0,0,8.0,0.0,12.0,2.0,6.0
65.0,6.0,23.0,1.0,7,8.0,1.0,45.0,1.0,1.0
56.0,1.0,9.0,1.0,12,9.0,0.0,40.0,1.0,1.0
38.0,6.0,22.0,1.0,14,3.0,1.0,20.0,2.0,1.0
53.0,1.0,1.0,3.0,21,9.0,0.0,40.0,2.0,1.0
25.0,1.0,19.0,5.0,15,8.0,13.0,40.0,1.0,1.0
40.0,1.0,22.0,1.0,3,5.0,0.0,40.0,1.0,6.0
46.0,1.0,22.0,5.0,2,8.0,0.0,70.0,1.0,1.0
55.0,2.0,22.0,5.0,6,8.0,15.0,50.0,1.0,1.0
55.0,4.0,19.0,1.0,16,8.0,0.0,30.0,2.0,1.0
40.0,3.0,21.0,5.0,7,8.0,0.0,40.0,2.0,1.0
63.0,2.0,22.0,4.0,15,8.0,0.0,24.0,1.0,1.0
58.0,2.0,16.0,1.0,10,8.0,1.0,32.0,2.0,1.0
53.0,1.0,16.0,1.0,22,8.0,0.0,40.0,2.0,1.0
37.0,1.0,19.0,1.0,18,8.0,1.0,40.0,1.0,1.0
24.0,1.0,22.0,1.0,9,8.0,1.0,40.0,2.0,1.0
54.0,1.0,9.0,5.0,15,9.0,10.0,40.0,1.0,8.0
51.0,4.0,18.0,1.0,3,8.0,1.0,40.0,1.0,1.0
32.0,7.0,18.0,5.0,16,8.0,7.0,50.0,1.0,1.0
35.0,1.0,22.0,1.0,1,8.0,0.0,50.0,2.0,1.0
60.0,1.0,21.0,1.0,0,8.0,0.0,50.0,1.0,1.0
23.0,1.0,21.0,5.0,0,8.0,10.0,30.0,2.0,1.0
45.0,1.0,21.0,1.0,1,6.0,1.0,35.0,2.0,6.0
57.0,1.0,16.0,1.0,10,9.0,0.0,24.0,2.0,1.0
72.0,1.0,24.0,1.0,5,6.0,1.0,40.0,2.0,6.0
51.0,1.0,21.0,1.0,3,8.0,0.0,40.0,2.0,2.0
37.0,2.0,22.0,5.0,7,8.0,13.0,40.0,2.0,1.0
58.0,1.0,7.0,1.0,21,6.0,1.0,16.0,2.0,6.0
57.0,7.0,21.0,1.0,7,8.0,1.0,24.0,2.0,1.0
28.0,1.0,21.0,5.0,9,8.0,2.0,36.0,1.0,1.0
20.0,5.0,16.0,5.0,23,8.0,17.0,70.0,1.0,6.0
44.0,4.0,11.0,1.0,22,9.0,16.0,40.0,1.0,1.0
47.0,2.0,21.0,1.0,2,8.0,1.0,39.0,2.0,1.0
38.0,1.0,18.0,1.0,22,9.0,1.0,60.0,1.0,8.0
46.0,1.0,19.0,1.0,2,8.0,1.0,40.0,2.0,1.0
37.0,6.0,19.0,5.0,13,9.0,0.0,50.0,1.0,1.0
25.0,1.0,19.0,5.0,22,8.0,12.0,30.0,1.0,6.0
40.0,1.0,21.0,1.0,16,4.0,1.0,20.0,2.0,6.0
25.0,1.0,16.0,1.0,21,8.0,2.0,40.0,1.0,1.0
32.0,6.0,22.0,5.0,6,8.0,2.0,30.0,2.0,1.0
38.0,1.0,9.0,1.0,22,9.0,1.0,40.0,1.0,8.0
45.0,6.0,21.0,1.0,8,8.0,1.0,50.0,2.0,6.0
33.0,2.0,24.0,5.0,0,4.0,0.0,16.0,2.0,6.0
26.0,1.0,21.0,5.0,8,8.0,2.0,20.0,1.0,6.0
37.0,7.0,21.0,1.0,0,8.0,1.0,60.0,1.0,1.0
28.0,1.0,19.0,5.0,12,4.0,2.0,24.0,2.0,6.0
46.0,1.0,21.0,1.0,15,5.0,0.0,30.0,1.0,1.0
27.0,1.0,16.0,5.0,12,8.0,2.0,20.0,1.0,9.0
52.0,1.0,21.0,1.0,0,8.0,0.0,40.0,1.0,1.0
33.0,1.0,23.0,3.0,8,8.0,13.0,40.0,1.0,1.0
25.0,1.0,21.0,5.0,7,8.0,15.0,15.0,1.0,9.0
43.0,1.0,16.0,1.0,20,8.0,1.0,80.0,1.0,8.0
52.0,2.0,24.0,1.0,7,2.0,0.0,50.0,1.0,1.0
48.0,1.0,18.0,1.0,21,9.0,0.0,40.0,2.0,1.0
27.0,2.0,21.0,5.0,1,8.0,12.0,40.0,1.0,1.0
35.0,6.0,20.0,5.0,5,8.0,0.0,40.0,1.0,1.0
47.0,1.0,9.0,1.0,21,9.0,1.0,40.0,1.0,1.0
23.0,1.0,19.0,5.0,16,8.0,2.0,15.0,2.0,9.0
53.0,3.0,19.0,1.0,7,8.0,1.0,19.0,2.0,1.0
22.0,6.0,19.0,5.0,8,8.0,0.0,20.0,2.0,1.0
42.0,1.0,18.0,1.0,0,8.0,1.0,40.0,2.0,1.0
50.0,1.0,20.0,1.0,16,6.0,1.0,40.0,2.0,6.0
43.0,1.0,13.0,1.0,18,9.0,1.0,40.0,1.0,8.0
20.0,1.0,19.0,5.0,10,8.0,2.0,16.0,2.0,1.0
49.0,3.0,17.0,1.0,7,8.0,6.0,40.0,2.0,1.0
30.0,2.0,22.0,5.0,0,8.0,0.0,40.0,1.0,1.0
52.0,1.0,1.0,1.0,14,6.0,5.0,30.0,2.0,6.0
47.0,1.0,16.0,5.0,7,8.0,0.0,36.0,2.0,3.0
47.0,3.0,19.0,1.0,11,8.0,1.0,40.0,1.0,1.0
50.0,1.0,18.0,3.0,16,8.0,0.0,50.0,2.0,1.0
61.0,4.0,18.0,3.0,3,8.0,0.0,24.0,2.0,2.0
22.0,1.0,19.0,5.0,22,8.0,7.0,20.0,1.0,2.0
46.0,7.0,22.0,5.0,15,8.0,0.0,40.0,1.0,2.0
46.0,1.0,16.0,1.0,16,4.0,1.0,20.0,2.0,6.0
21.0,1.0,19.0,5.0,16,8.0,0.0,25.0,2.0,6.0
26.0,1.0,20.0,1.0,9,8.0,1.0,48.0,1.0,1.0
69.0,6.0,21.0,3.0,0,8.0,0.0,40.0,2.0,1.0
37.0,1.0,20.0,1.0,15,8.0,1.0,8.0,2.0,1.0
47.0,1.0,18.0,1.0,16,8.0,0.0,40.0,2.0,1.0
57.0,1.0,21.0,1.0,21,8.0,0.0,40.0,1.0,1.0
36.0,1.0,19.0,5.0,17,9.0,0.0,40.0,2.0,8.0
31.0,1.0,19.0,5.0,22,6.0,2.0,40.0,1.0,6.0
40.0,1.0,18.0,5.0,16,8.0,2.0,40.0,1.0,1.0
21.0,1.0,16.0,5.0,15,8.0,2.0,30.0,2.0,1.0
33.0,1.0,21.0,5.0,10,6.0,17.0,20.0,2.0,6.0
30.0,1.0,16.0,5.0,21,8.0,2.0,40.0,2.0,1.0
32.0,1.0,19.0,1.0,9,4.0,0.0,40.0,2.0,9.0
31.0,1.0,21.0,5.0,1,8.0,4.0,40.0,1.0,1.0
26.0,2.0,21.0,5.0,6,8.0,2.0,40.0,1.0,8.0
37.0,1.0,19.0,1.0,16,6.0,1.0,40.0,1.0,6.0
29.0,1.0,16.0,1.0,0,8.0,9.0,40.0,2.0,7.0
40.0,1.0,18.0,1.0,22,9.0,1.0,30.0,2.0,8.0
66.0,1.0,21.0,1.0,5,8.0,0.0,40.0,1.0,1.0
43.0,1.0,21.0,5.0,12,4.0,11.0,20.0,2.0,6.0
60.0,2.0,19.0,3.0,15,8.0,11.0,39.0,2.0,1.0
55.0,1.0,21.0,1.0,4,6.0,1.0,40.0,1.0,6.0
39.0,1.0,9.0,1.0,17,9.0,1.0,40.0,1.0,8.0
38.0,1.0,16.0,5.0,18,8.0,10.0,40.0,1.0,1.0
52.0,1.0,22.0,1.0,2,8.0,1.0,40.0,1.0,1.0
54.0,2.0,22.0,5.0,3,8.0,2.0,40.0,2.0,1.0
33.0,1.0,21.0,1.0,3,8.0,1.0,40.0,2.0,1.0
22.0,1.0,21.0,5.0,22,8.0,2.0,20.0,2.0,1.0
38.0,1.0,21.0,4.0,7,8.0,0.0,40.0,2.0,1.0
18.0,1.0,15.0,5.0,15,8.0,2.0,36.0,2.0,9.0
42.0,1.0,21.0,1.0,2,8.0,0.0,45.0,1.0,6.0
48.0,1.0,16.0,1.0,18,9.0,9.0,40.0,1.0,8.0
47.0,6.0,24.0,5.0,15,8.0,0.0,60.0,2.0,2.0
43.0,1.0,24.0,1.0,5,8.0,0.0,50.0,1.0,1.0
51.0,1.0,15.0,3.0,22,8.0,13.0,60.0,1.0,1.0
27.0,1.0,22.0,5.0,3,5.0,13.0,40.0,2.0,6.0
36.0,1.0,22.0,5.0,3,8.0,0.0,40.0,1.0,6.0
42.0,1.0,16.0,1.0,15,9.0,1.0,40.0,2.0,8.0
58.0,1.0,21.0,1.0,9,8.0,1.0,5.0,2.0,1.0
72.0,7.0,16.0,1.0,0,8.0,1.0,60.0,1.0,1.0
63.0,1.0,16.0,1.0,10,6.0,1.0,40.0,2.0,6.0
47.0,1.0,21.0,1.0,9,3.0,2.0,50.0,1.0,1.0
59.0,6.0,16.0,1.0,13,9.0,1.0,12.0,2.0,1.0
21.0,1.0,19.0,5.0,15,8.0,12.0,12.0,2.0,1.0
30.0,3.0,22.0,5.0,7,8.0,0.0,50.0,1.0,1.0
42.0,6.0,19.0,1.0,15,8.0,1.0,20.0,2.0,1.0
24.0,1.0,19.0,5.0,15,8.0,0.0,40.0,2.0,2.0
27.0,1.0,21.0,5.0,9,8.0,12.0,40.0,2.0,1.0
51.0,2.0,20.0,1.0,0,9.0,0.0,56.0,1.0,1.0
19.0,1.0,19.0,5.0,8,8.0,17.0,25.0,2.0,1.0
24.0,1.0,18.0,1.0,16,9.0,0.0,40.0,1.0,8.0
57.0,1.0,20.0,1.0,10,6.0,1.0,40.0,1.0,6.0
35.0,1.0,22.0,1.0,2,14.0,1.0,42.0,1.0,2.0
59.0,1.0,21.0,1.0,2,8.0,0.0,40.0,1.0,1.0
60.0,1.0,16.0,3.0,22,8.0,4.0,40.0,1.0,1.0
64.0,4.0,16.0,5.0,0,8.0,0.0,80.0,1.0,1.0
29.0,1.0,15.0,5.0,18,8.0,2.0,10.0,1.0,2.0
26.0,6.0,21.0,5.0,8,8.0,0.0,20.0,2.0,1.0
44.0,1.0,10.0,2.0,22,9.0,0.0,40.0,2.0,1.0
32.0,1.0,22.0,1.0,3,5.0,1.0,40.0,2.0,6.0
32.0,1.0,16.0,5.0,15,5.0,5.0,36.0,1.0,1.0
37.0,1.0,16.0,1.0,18,9.0,1.0,40.0,1.0,3.0
61.0,3.0,20.0,1.0,16,8.0,0.0,40.0,2.0,1.0
50.0,7.0,21.0,1.0,0,9.0,0.0,40.0,1.0,1.0
44.0,1.0,21.0,1.0,9,8.0,1.0,40.0,1.0,1.0
55.0,1.0,21.0,2.0,1,8.0,0.0,40.0,1.0,9.0
30.0,3.0,21.0,1.0,7,8.0,1.0,45.0,2.0,1.0
26.0,1.0,19.0,5.0,15,8.0,0.0,70.0,1.0,1.0
67.0,1.0,19.0,3.0,0,5.0,0.0,50.0,1.0,1.0
30.0,1.0,21.0,5.0,0,8.0,2.0,50.0,1.0,1.0
35.0,2.0,22.0,1.0,0,8.0,0.0,45.0,2.0,1.0
29.0,1.0,16.0,5.0,15,8.0,15.0,40.0,2.0,8.0
56.0,1.0,19.0,1.0,16,9.0,0.0,58.0,1.0,1.0
55.0,7.0,18.0,1.0,22,8.0,0.0,50.0,1.0,9.0
44.0,6.0,22.0,1.0,15,5.0,1.0,40.0,2.0,6.0
63.0,1.0,16.0,1.0,12,4.0,1.0,48.0,1.0,6.0
37.0,1.0,16.0,1.0,18,8.0,0.0,45.0,1.0,1.0
39.0,1.0,22.0,1.0,3,5.0,0.0,40.0,1.0,6.0
35.0,3.0,20.0,4.0,16,8.0,13.0,40.0,2.0,1.0
53.0,1.0,18.0,1.0,21,6.0,0.0,40.0,1.0,6.0
36.0,5.0,22.0,1.0,23,8.0,1.0,40.0,2.0,1.0
37.0,7.0,21.0,1.0,13,8.0,0.0,50.0,1.0,1.0
33.0,4.0,22.0,1.0,5,8.0,0.0,40.0,1.0,1.0
26.0,1.0,18.0,5.0,12,8.0,10.0,45.0,1.0,8.0
58.0,1.0,17.0,1.0,0,8.0,0.0,40.0,1.0,1.0
54.0,4.0,19.0,1.0,20,8.0,1.0,40.0,1.0,1.0
55.0,1.0,16.0,1.0,15,8.0,1.0,40.0,2.0,1.0
35.0,1.0,23.0,1.0,7,8.0,1.0,50.0,2.0,1.0
59.0,5.0,19.0,1.0,16,6.0,0.0,40.0,1.0,6.0
54.0,1.0,1.0,1.0,10,8.0,0.0,40.0,2.0,9.0
51.0,1.0,21.0,3.0,2,8.0,0.0,45.0,1.0,1.0
30.0,1.0,21.0,5.0,1,8.0,2.0,40.0,1.0,1.0
17.0,1.0,13.0,5.0,15,8.0,2.0,10.0,2.0,1.0
50.0,1.0,21.0,1.0,9,6.0,0.0,40.0,2.0,6.0
48.0,5.0,24.0,1.0,4,3.0,1.0,40.0,1.0,1.0
39.0,6.0,21.0,1.0,15,4.0,1.0,72.0,2.0,6.0
39.0,1.0,20.0,1.0,1,8.0,0.0,40.0,1.0,1.0
21.0,1.0,19.0,5.0,12,5.0,17.0,30.0,1.0,6.0
17.0,1.0,14.0,5.0,12,9.0,4.0,16.0,1.0,8.0
30.0,1.0,21.0,5.0,9,8.0,15.0,16.0,2.0,1.0
76.0,6.0,23.0,1.0,7,8.0,0.0,5.0,1.0,1.0
56.0,1.0,22.0,1.0,0,8.0,0.0,45.0,1.0,1.0
70.0,1.0,19.0,3.0,21,8.0,0.0,30.0,1.0,1.0
48.0,1.0,19.0,1.0,7,8.0,1.0,30.0,1.0,2.0
60.0,2.0,22.0,1.0,1,8.0,1.0,40.0,2.0,1.0
41.0,1.0,21.0,3.0,0,8.0,0.0,45.0,2.0,1.0
60.0,1.0,15.0,5.0,21,4.0,10.0,40.0,1.0,6.0
64.0,1.0,16.0,3.0,16,8.0,0.0,40.0,2.0,1.0
48.0,1.0,15.0,1.0,22,8.0,0.0,60.0,1.0,1.0
47.0,4.0,16.0,1.0,12,8.0,0.0,35.0,2.0,1.0
35.0,1.0,21.0,5.0,8,8.0,0.0,40.0,1.0,1.0
53.0,1.0,18.0,1.0,3,8.0,1.0,40.0,1.0,1.0
46.0,4.0,21.0,5.0,0,8.0,0.0,45.0,2.0,1.0
56.0,1.0,19.0,1.0,0,8.0,0.0,40.0,1.0,1.0
54.0,6.0,19.0,3.0,16,8.0,2.0,40.0,2.0,1.0
59.0,3.0,19.0,1.0,7,8.0,1.0,25.0,2.0,1.0
40.0,2.0,15.0,5.0,13,8.0,2.0,10.0,1.0,1.0
25.0,1.0,22.0,5.0,13,8.0,2.0,20.0,2.0,6.0
42.0,4.0,21.0,5.0,2,10.0,0.0,40.0,2.0,2.0
59.0,7.0,21.0,3.0,2,4.0,0.0,40.0,2.0,6.0
56.0,1.0,15.0,1.0,18,9.0,12.0,40.0,1.0,1.0
59.0,1.0,20.0,1.0,21,6.0,1.0,40.0,2.0,6.0
23.0,1.0,19.0,5.0,12,6.0,2.0,12.0,1.0,6.0
41.0,1.0,24.0,1.0,3,8.0,1.0,50.0,1.0,1.0
29.0,1.0,19.0,5.0,15,8.0,2.0,40.0,2.0,1.0
32.0,1.0,19.0,5.0,4,8.0,0.0,40.0,1.0,9.0
44.0,3.0,19.0,1.0,11,8.0,1.0,40.0,1.0,1.0
53.0,1.0,15.0,1.0,21,4.0,1.0,20.0,2.0,6.0
32.0,1.0,21.0,1.0,7,8.0,1.0,35.0,1.0,1.0
32.0,1.0,18.0,5.0,15,8.0,17.0,22.0,2.0,1.0
19.0,1.0,18.0,5.0,16,8.0,5.0,4.0,2.0,5.0
59.0,1.0,21.0,5.0,9,9.0,0.0,50.0,2.0,8.0
54.0,1.0,16.0,1.0,12,9.0,1.0,32.0,2.0,8.0
52.0,1.0,21.0,1.0,22,6.0,0.0,40.0,1.0,6.0
64.0,1.0,19.0,1.0,15,4.0,1.0,6.0,2.0,6.0
43.0,1.0,11.0,1.0,15,9.0,0.0,24.0,2.0,8.0
23.0,1.0,19.0,5.0,15,8.0,12.0,40.0,1.0,1.0
47.0,1.0,15.0,1.0,21,6.0,1.0,40.0,2.0,6.0
41.0,1.0,19.0,1.0,10,8.0,0.0,40.0,2.0,1.0
41.0,1.0,16.0,5.0,18,2.0,12.0,48.0,1.0,1.0
58.0,6.0,19.0,2.0,15,8.0,0.0,10.0,2.0,1.0
33.0,1.0,19.0,1.0,16,8.0,1.0,40.0,2.0,1.0
17.0,3.0,16.0,5.0,22,8.0,2.0,20.0,1.0,1.0
47.0,5.0,20.0,5.0,0,8.0,0.0,40.0,2.0,1.0
51.0,1.0,21.0,1.0,16,5.0,1.0,50.0,2.0,6.0
22.0,1.0,19.0,5.0,21,8.0,2.0,40.0,1.0,8.0
44.0,7.0,23.0,1.0,9,8.0,0.0,50.0,2.0,1.0
50.0,1.0,16.0,1.0,8,9.0,1.0,40.0,1.0,8.0
33.0,1.0,22.0,1.0,8,8.0,1.0,40.0,2.0,1.0
42.0,1.0,15.0,1.0,21,9.0,1.0,55.0,1.0,8.0
35.0,1.0,21.0,4.0,1,8.0,13.0,40.0,2.0,9.0
41.0,1.0,16.0,1.0,16,8.0,1.0,40.0,2.0,1.0
41.0,1.0,18.0,1.0,16,6.0,1.0,40.0,2.0,6.0
43.0,2.0,18.0,5.0,16,8.0,0.0,40.0,2.0,8.0
23.0,2.0,16.0,5.0,16,8.0,12.0,60.0,1.0,8.0
66.0,3.0,22.0,2.0,7,5.0,13.0,40.0,1.0,1.0
51.0,7.0,21.0,1.0,8,8.0,1.0,30.0,1.0,1.0
42.0,1.0,1.0,1.0,22,9.0,1.0,40.0,1.0,1.0
48.0,1.0,20.0,1.0,20,4.0,0.0,40.0,1.0,6.0
20.0,2.0,19.0,5.0,15,8.0,2.0,4.0,2.0,8.0
61.0,6.0,16.0,3.0,0,8.0,0.0,60.0,1.0,1.0
30.0,1.0,18.0,5.0,12,8.0,2.0,20.0,1.0,6.0
38.0,3.0,21.0,1.0,0,8.0,0.0,43.0,1.0,2.0
22.0,1.0,19.0,5.0,12,8.0,0.0,25.0,2.0,1.0
43.0,3.0,21.0,5.0,7,6.0,0.0,40.0,2.0,6.0
59.0,2.0,22.0,5.0,7,8.0,0.0,40.0,2.0,1.0
54.0,1.0,19.0,1.0,15,6.0,1.0,40.0,1.0,6.0
53.0,6.0,21.0,1.0,8,4.0,0.0,40.0,2.0,6.0
54.0,1.0,5.0,1.0,13,9.0,6.0,48.0,1.0,9.0
35.0,1.0,22.0,5.0,3,2.0,12.0,40.0,1.0,1.0
28.0,1.0,21.0,5.0,15,8.0,0.0,43.0,1.0,6.0
66.0,1.0,21.0,1.0,2,8.0,0.0,45.0,1.0,1.0
30.0,1.0,22.0,1.0,2,8.0,0.0,40.0,2.0,1.0
53.0,7.0,19.0,1.0,0,8.0,1.0,60.0,1.0,1.0
28.0,1.0,16.0,5.0,13,9.0,0.0,25.0,1.0,8.0
66.0,4.0,19.0,1.0,16,8.0,1.0,40.0,2.0,1.0
57.0,1.0,22.0,5.0,15,8.0,2.0,40.0,2.0,1.0
47.0,1.0,17.0,5.0,22,8.0,2.0,8.0,2.0,1.0
59.0,6.0,15.0,4.0,18,8.0,13.0,35.0,1.0,1.0
36.0,6.0,16.0,1.0,18,9.0,1.0,40.0,1.0,9.0
47.0,3.0,19.0,1.0,9,6.0,0.0,40.0,1.0,6.0
33.0,1.0,21.0,1.0,1,8.0,1.0,75.0,1.0,1.0
33.0,1.0,20.0,5.0,9,8.0,2.0,38.0,2.0,1.0
21.0,3.0,19.0,5.0,7,8.0,7.0,15.0,2.0,8.0
18.0,1.0,16.0,5.0,12,8.0,17.0,30.0,1.0,2.0
27.0,1.0,16.0,5.0,21,8.0,2.0,60.0,1.0,1.0
28.0,3.0,19.0,4.0,16,8.0,17.0,40.0,2.0,1.0
26.0,1.0,19.0,5.0,9,8.0,2.0,50.0,1.0,1.0
59.0,3.0,22.0,1.0,7,8.0,1.0,3.0,2.0,1.0
25.0,3.0,21.0,5.0,16,8.0,2.0,40.0,2.0,1.0
26.0,1.0,20.0,5.0,9,8.0,0.0,30.0,2.0,1.0
44.0,1.0,16.0,1.0,15,8.0,1.0,33.0,1.0,1.0
65.0,6.0,21.0,3.0,4,8.0,0.0,6.0,1.0,1.0
38.0,1.0,20.0,5.0,13,8.0,0.0,40.0,1.0,1.0
38.0,1.0,19.0,1.0,0,8.0,0.0,43.0,1.0,1.0
40.0,1.0,20.0,1.0,2,8.0,0.0,40.0,2.0,8.0
63.0,1.0,21.0,1.0,4,8.0,1.0,40.0,1.0,1.0
27.0,1.0,18.0,5.0,13,8.0,15.0,16.0,1.0,2.0
58.0,7.0,20.0,1.0,15,8.0,0.0,50.0,1.0,1.0
24.0,1.0,21.0,5.0,12,8.0,13.0,40.0,2.0,1.0
46.0,3.0,18.0,1.0,11,8.0,1.0,40.0,1.0,1.0
49.0,1.0,22.0,1.0,4,4.0,1.0,50.0,1.0,6.0
58.0,1.0,1.0,1.0,21,9.0,1.0,40.0,2.0,1.0
47.0,1.0,18.0,1.0,2,8.0,0.0,30.0,2.0,1.0
27.0,1.0,19.0,5.0,16,8.0,2.0,27.0,2.0,1.0
57.0,2.0,22.0,1.0,0,8.0,0.0,60.0,1.0,1.0
49.0,1.0,16.0,1.0,15,8.0,1.0,40.0,1.0,2.0
38.0,2.0,23.0,1.0,7,8.0,1.0,45.0,2.0,1.0
42.0,1.0,19.0,3.0,0,8.0,0.0,40.0,1.0,1.0
55.0,3.0,21.0,3.0,16,8.0,0.0,40.0,2.0,1.0
53.0,6.0,18.0,1.0,3,8.0,0.0,40.0,1.0,1.0
42.0,1.0,16.0,1.0,16,6.0,1.0,25.0,2.0,6.0
24.0,1.0,16.0,5.0,22,8.0,2.0,40.0,1.0,9.0
66.0,1.0,15.0,1.0,13,9.0,15.0,60.0,2.0,8.0
32.0,1.0,22.0,1.0,0,8.0,0.0,40.0,1.0,1.0
32.0,2.0,12.0,1.0,13,9.0,1.0,50.0,2.0,1.0
31.0,1.0,19.0,5.0,15,8.0,0.0,30.0,2.0,1.0
55.0,2.0,22.0,1.0,0,8.0,0.0,60.0,1.0,1.0
57.0,6.0,18.0,3.0,16,8.0,0.0,60.0,2.0,1.0
47.0,1.0,23.0,1.0,3,4.0,1.0,40.0,1.0,6.0
30.0,1.0,20.0,5.0,14,9.0,2.0,18.0,2.0,1.0
25.0,1.0,21.0,5.0,15,8.0,2.0,20.0,1.0,1.0
31.0,1.0,17.0,1.0,21,8.0,1.0,44.0,2.0,1.0
58.0,1.0,16.0,3.0,9,8.0,13.0,40.0,2.0,1.0
26.0,1.0,19.0,5.0,16,8.0,2.0,25.0,1.0,1.0
65.0,6.0,16.0,3.0,18,8.0,11.0,32.0,1.0,1.0
53.0,6.0,7.0,5.0,18,9.0,0.0,23.0,1.0,1.0
54.0,1.0,19.0,1.0,22,8.0,0.0,60.0,1.0,1.0
32.0,3.0,21.0,5.0,0,8.0,0.0,40.0,1.0,1.0
20.0,1.0,19.0,5.0,12,8.0,2.0,10.0,1.0,6.0
49.0,1.0,19.0,1.0,1,15.0,0.0,10.0,2.0,1.0
63.0,1.0,16.0,1.0,10,8.0,0.0,32.0,2.0,1.0
57.0,1.0,14.0,1.0,13,9.0,0.0,40.0,2.0,1.0
39.0,6.0,16.0,5.0,18,8.0,13.0,20.0,1.0,7.0
43.0,1.0,16.0,1.0,18,8.0,0.0,40.0,1.0,1.0
35.0,1.0,24.0,1.0,4,5.0,0.0,40.0,1.0,6.0
50.0,1.0,1.0,1.0,12,9.0,6.0,30.0,1.0,8.0
30.0,2.0,1.0,5.0,17,8.0,13.0,40.0,1.0,8.0
47.0,7.0,21.0,1.0,8,8.0,1.0,30.0,1.0,1.0
39.0,1.0,19.0,5.0,22,9.0,2.0,26.0,1.0,8.0
39.0,6.0,16.0,1.0,18,3.0,0.0,40.0,1.0,1.0
94.0,7.0,21.0,2.0,0,8.0,0.0,25.0,1.0,1.0
58.0,1.0,16.0,1.0,20,8.0,0.0,50.0,1.0,1.0
69.0,6.0,5.0,1.0,13,9.0,1.0,40.0,1.0,1.0
23.0,1.0,21.0,5.0,12,8.0,2.0,36.0,1.0,1.0
20.0,1.0,18.0,5.0,15,8.0,10.0,10.0,2.0,6.0
52.0,7.0,21.0,1.0,9,5.0,1.0,40.0,1.0,9.0
55.0,1.0,16.0,1.0,18,8.0,1.0,45.0,1.0,1.0
59.0,6.0,18.0,1.0,1,8.0,1.0,40.0,1.0,1.0
57.0,5.0,19.0,3.0,16,8.0,0.0,40.0,2.0,2.0
23.0,2.0,19.0,5.0,14,8.0,2.0,12.0,1.0,8.0
26.0,4.0,21.0,5.0,7,8.0,0.0,60.0,2.0,8.0
19.0,1.0,19.0,5.0,1,8.0,17.0,12.0,2.0,1.0
55.0,3.0,19.0,1.0,20,15.0,0.0,40.0,1.0,7.0
56.0,1.0,20.0,1.0,20,8.0,0.0,40.0,1.0,1.0
57.0,7.0,19.0,4.0,16,8.0,0.0,40.0,2.0,1.0
31.0,1.0,22.0,5.0,10,8.0,2.0,20.0,1.0,7.0
37.0,1.0,19.0,3.0,10,8.0,2.0,32.0,2.0,8.0
20.0,1.0,19.0,5.0,16,8.0,17.0,40.0,2.0,1.0
30.0,1.0,18.0,5.0,11,8.0,2.0,40.0,1.0,1.0
56.0,2.0,24.0,1.0,5,8.0,0.0,40.0,1.0,1.0
58.0,1.0,21.0,3.0,16,8.0,11.0,30.0,2.0,1.0
35.0,1.0,20.0,1.0,16,5.0,1.0,40.0,2.0,6.0
29.0,1.0,18.0,1.0,12,8.0,1.0,25.0,2.0,1.0
32.0,1.0,20.0,1.0,0,8.0,1.0,35.0,2.0,1.0
29.0,1.0,21.0,5.0,16,8.0,0.0,40.0,1.0,9.0
40.0,1.0,1.0,1.0,16,9.0,10.0,40.0,1.0,1.0
50.0,1.0,21.0,1.0,0,5.0,1.0,40.0,2.0,6.0
45.0,3.0,24.0,1.0,11,1.0,0.0,40.0,1.0,1.0
36.0,2.0,19.0,5.0,20,8.0,2.0,40.0,1.0,2.0
54.0,1.0,16.0,3.0,14,9.0,15.0,50.0,1.0,1.0
39.0,6.0,17.0,5.0,11,8.0,2.0,40.0,1.0,9.0
51.0,1.0,20.0,1.0,0,8.0,0.0,45.0,2.0,1.0
53.0,1.0,22.0,5.0,0,8.0,0.0,50.0,1.0,1.0
65.0,1.0,9.0,5.0,10,9.0,6.0,40.0,2.0,8.0
63.0,1.0,15.0,1.0,13,9.0,1.0,40.0,1.0,8.0
35.0,1.0,18.0,5.0,15,8.0,4.0,20.0,2.0,2.0
64.0,6.0,21.0,3.0,21,8.0,13.0,40.0,1.0,1.0
29.0,1.0,21.0,5.0,16,8.0,5.0,40.0,2.0,1.0
27.0,1.0,19.0,5.0,0,8.0,2.0,30.0,1.0,1.0
30.0,1.0,19.0,5.0,15,9.0,0.0,45.0,2.0,8.0
30.0,8.0,16.0,1.0,17,8.0,0.0,30.0,1.0,1.0
77.0,6.0,19.0,1.0,16,8.0,0.0,15.0,2.0,1.0
51.0,1.0,6.0,1.0,12,9.0,0.0,40.0,2.0,8.0
21.0,1.0,19.0,5.0,22,8.0,17.0,16.0,2.0,6.0
60.0,4.0,24.0,1.0,5,8.0,1.0,40.0,1.0,1.0
35.0,1.0,1.0,1.0,16,4.0,0.0,40.0,1.0,6.0
17.0,1.0,14.0,5.0,15,1.0,7.0,28.0,2.0,1.0
25.0,1.0,21.0,5.0,16,8.0,2.0,4.0,2.0,1.0
60.0,1.0,9.0,1.0,17,9.0,0.0,45.0,1.0,1.0
57.0,1.0,20.0,1.0,3,8.0,0.0,50.0,1.0,6.0
20.0,1.0,19.0,5.0,15,8.0,7.0,40.0,1.0,3.0
40.0,1.0,16.0,1.0,12,6.0,5.0,40.0,1.0,6.0
36.0,1.0,21.0,5.0,16,8.0,13.0,40.0,2.0,9.0
69.0,7.0,16.0,5.0,0,8.0,17.0,50.0,2.0,2.0
55.0,8.0,19.0,1.0,20,8.0,1.0,50.0,1.0,1.0
20.0,1.0,19.0,5.0,15,6.0,2.0,16.0,2.0,6.0
49.0,3.0,22.0,5.0,7,8.0,0.0,40.0,2.0,1.0
52.0,1.0,7.0,1.0,20,9.0,1.0,40.0,1.0,1.0
86.0,6.0,21.0,1.0,8,,1.0,4.0,1.0,1.0
49.0,2.0,21.0,1.0,1,6.0,1.0,40.0,2.0,6.0
22.0,2.0,16.0,1.0,12,8.0,1.0,15.0,1.0,1.0
32.0,1.0,21.0,1.0,15,4.0,0.0,40.0,1.0,6.0
44.0,1.0,21.0,1.0,9,6.0,0.0,36.0,1.0,6.0
48.0,1.0,16.0,1.0,22,8.0,1.0,40.0,1.0,1.0
60.0,1.0,1.0,1.0,21,6.0,0.0,6.0,1.0,6.0
29.0,4.0,22.0,5.0,7,8.0,0.0,40.0,1.0,1.0
43.0,4.0,16.0,1.0,14,9.0,1.0,10.0,2.0,1.0
60.0,1.0,16.0,5.0,7,8.0,2.0,30.0,2.0,1.0
76.0,6.0,21.0,1.0,1,8.0,0.0,15.0,1.0,1.0
25.0,1.0,21.0,5.0,15,8.0,12.0,40.0,1.0,1.0
44.0,6.0,9.0,1.0,10,9.0,0.0,20.0,2.0,1.0
70.0,1.0,24.0,3.0,0,8.0,0.0,40.0,2.0,1.0
29.0,3.0,20.0,1.0,11,8.0,0.0,56.0,1.0,6.0
36.0,1.0,16.0,1.0,20,9.0,1.0,40.0,1.0,1.0
26.0,1.0,21.0,5.0,16,6.0,2.0,40.0,1.0,6.0
17.0,1.0,14.0,5.0,12,8.0,2.0,12.0,2.0,1.0
22.0,3.0,19.0,5.0,10,8.0,2.0,28.0,2.0,6.0
39.0,3.0,21.0,3.0,9,6.0,0.0,40.0,2.0,6.0
33.0,1.0,22.0,1.0,4,1.0,0.0,45.0,1.0,6.0
23.0,1.0,19.0,5.0,17,8.0,2.0,40.0,1.0,1.0
58.0,1.0,18.0,3.0,16,9.0,2.0,40.0,2.0,1.0
27.0,1.0,19.0,5.0,12,6.0,2.0,50.0,1.0,6.0
30.0,1.0,22.0,1.0,3,8.0,1.0,50.0,1.0,1.0
54.0,2.0,21.0,1.0,8,8.0,0.0,40.0,1.0,1.0
20.0,1.0,16.0,1.0,21,8.0,1.0,35.0,2.0,1.0
53.0,7.0,17.0,1.0,13,8.0,0.0,12.0,1.0,1.0
53.0,3.0,6.0,2.0,10,9.0,0.0,40.0,2.0,1.0
28.0,1.0,19.0,5.0,16,8.0,15.0,35.0,1.0,1.0
29.0,1.0,23.0,1.0,7,0.0,1.0,20.0,2.0,1.0
54.0,1.0,19.0,1.0,12,4.0,0.0,35.0,2.0,6.0
55.0,1.0,21.0,1.0,6,8.0,1.0,24.0,2.0,1.0
51.0,5.0,20.0,5.0,16,8.0,0.0,40.0,2.0,1.0
48.0,1.0,20.0,1.0,15,9.0,1.0,40.0,2.0,1.0
55.0,1.0,9.0,1.0,17,9.0,1.0,50.0,2.0,1.0
29.0,1.0,16.0,5.0,11,8.0,2.0,40.0,1.0,2.0
51.0,1.0,21.0,1.0,1,6.0,0.0,40.0,2.0,6.0
24.0,1.0,19.0,5.0,15,5.0,0.0,40.0,1.0,6.0
22.0,1.0,16.0,5.0,0,8.0,0.0,51.0,2.0,1.0
50.0,3.0,20.0,1.0,11,8.0,1.0,99.0,1.0,1.0
38.0,1.0,16.0,1.0,15,9.0,9.0,40.0,1.0,1.0
23.0,1.0,17.0,5.0,13,8.0,2.0,40.0,1.0,8.0
75.0,2.0,22.0,3.0,0,8.0,0.0,40.0,2.0,1.0
71.0,1.0,19.0,1.0,16,8.0,1.0,40.0,1.0,6.0
60.0,7.0,21.0,1.0,22,6.0,17.0,49.0,1.0,6.0
47.0,1.0,21.0,3.0,0,8.0,0.0,40.0,1.0,1.0
43.0,7.0,21.0,1.0,2,8.0,1.0,55.0,1.0,1.0
36.0,7.0,19.0,5.0,0,8.0,0.0,20.0,1.0,1.0
72.0,7.0,22.0,1.0,0,8.0,0.0,30.0,1.0,1.0
53.0,1.0,23.0,1.0,2,6.0,0.0,30.0,2.0,6.0
30.0,6.0,21.0,5.0,15,8.0,5.0,40.0,1.0,1.0
30.0,1.0,22.0,5.0,16,8.0,12.0,40.0,2.0,6.0
54.0,1.0,21.0,1.0,16,4.0,0.0,40.0,1.0,8.0
24.0,2.0,21.0,5.0,16,8.0,0.0,40.0,2.0,1.0
61.0,1.0,19.0,2.0,13,6.0,0.0,40.0,1.0,6.0
37.0,1.0,21.0,5.0,0,8.0,13.0,60.0,1.0,1.0
31.0,7.0,19.0,3.0,15,8.0,0.0,40.0,2.0,9.0
57.0,2.0,21.0,1.0,1,8.0,0.0,55.0,2.0,1.0
30.0,2.0,16.0,5.0,12,8.0,0.0,35.0,2.0,2.0
30.0,1.0,18.0,1.0,16,9.0,0.0,24.0,2.0,1.0
39.0,2.0,21.0,1.0,3,8.0,1.0,20.0,1.0,1.0
25.0,1.0,21.0,5.0,18,8.0,0.0,60.0,1.0,1.0
22.0,1.0,16.0,5.0,22,8.0,2.0,32.0,1.0,1.0
28.0,1.0,18.0,5.0,10,6.0,2.0,40.0,2.0,6.0
23.0,1.0,19.0,1.0,15,8.0,0.0,20.0,2.0,1.0
67.0,4.0,19.0,5.0,7,8.0,0.0,30.0,2.0,2.0
29.0,3.0,22.0,5.0,7,8.0,2.0,40.0,2.0,1.0
65.0,1.0,19.0,5.0,7,9.0,12.0,35.0,2.0,8.0
22.0,1.0,16.0,5.0,15,8.0,10.0,40.0,1.0,6.0
28.0,6.0,20.0,1.0,10,8.0,9.0,8.0,2.0,1.0
51.0,6.0,21.0,5.0,13,8.0,0.0,25.0,1.0,1.0
40.0,1.0,6.0,5.0,21,9.0,0.0,40.0,2.0,8.0
44.0,1.0,20.0,5.0,16,8.0,2.0,40.0,2.0,1.0
37.0,3.0,15.0,1.0,16,8.0,0.0,66.0,2.0,1.0
54.0,1.0,8.0,1.0,18,9.0,0.0,45.0,1.0,8.0
44.0,1.0,16.0,1.0,13,8.0,1.0,42.0,1.0,1.0
63.0,6.0,22.0,1.0,15,1.0,0.0,30.0,1.0,1.0
58.0,2.0,20.0,1.0,6,8.0,1.0,56.0,2.0,1.0
54.0,1.0,20.0,1.0,3,4.0,1.0,50.0,1.0,6.0
53.0,1.0,21.0,1.0,9,8.0,1.0,50.0,2.0,1.0
36.0,1.0,21.0,1.0,16,9.0,4.0,40.0,2.0,1.0
30.0,3.0,21.0,1.0,7,8.0,0.0,48.0,1.0,1.0
44.0,1.0,22.0,1.0,5,6.0,1.0,40.0,2.0,6.0
53.0,4.0,19.0,1.0,3,8.0,0.0,40.0,1.0,1.0
36.0,7.0,20.0,1.0,15,7.0,1.0,40.0,1.0,1.0
46.0,1.0,19.0,5.0,0,8.0,0.0,50.0,1.0,1.0
53.0,7.0,9.0,1.0,13,9.0,0.0,40.0,1.0,8.0
45.0,6.0,17.0,5.0,20,8.0,2.0,30.0,1.0,1.0
63.0,7.0,16.0,1.0,0,8.0,1.0,60.0,1.0,1.0
20.0,1.0,18.0,5.0,15,8.0,17.0,12.0,2.0,1.0
21.0,1.0,20.0,5.0,16,8.0,2.0,25.0,2.0,1.0
60.0,7.0,21.0,1.0,0,8.0,1.0,50.0,1.0,1.0
37.0,1.0,12.0,1.0,18,9.0,0.0,40.0,1.0,1.0
30.0,1.0,20.0,1.0,22,8.0,4.0,27.0,2.0,1.0
42.0,1.0,22.0,1.0,21,0.0,0.0,40.0,1.0,1.0
20.0,1.0,19.0,5.0,16,8.0,2.0,26.0,2.0,1.0
25.0,1.0,16.0,5.0,15,8.0,0.0,40.0,2.0,6.0
31.0,1.0,24.0,5.0,4,0.0,13.0,55.0,1.0,1.0
32.0,1.0,24.0,1.0,16,8.0,0.0,40.0,2.0,1.0
30.0,1.0,19.0,1.0,18,8.0,1.0,40.0,1.0,9.0
30.0,2.0,21.0,1.0,9,8.0,1.0,32.0,2.0,1.0
45.0,1.0,21.0,4.0,8,8.0,13.0,45.0,1.0,1.0
70.0,2.0,24.0,3.0,0,8.0,0.0,25.0,1.0,1.0
55.0,1.0,9.0,4.0,17,9.0,0.0,40.0,2.0,1.0
35.0,6.0,1.0,1.0,13,9.0,1.0,40.0,1.0,5.0
35.0,2.0,21.0,1.0,1,8.0,0.0,40.0,2.0,1.0
38.0,1.0,22.0,1.0,9,8.0,1.0,13.0,2.0,1.0
39.0,1.0,22.0,1.0,4,5.0,0.0,9.0,1.0,6.0
63.0,4.0,20.0,1.0,9,9.0,0.0,40.0,1.0,8.0
57.0,1.0,21.0,1.0,0,8.0,1.0,60.0,1.0,1.0
39.0,3.0,21.0,5.0,1,8.0,2.0,40.0,2.0,6.0
34.0,1.0,20.0,5.0,20,8.0,0.0,40.0,1.0,1.0
46.0,3.0,22.0,1.0,16,8.0,0.0,40.0,2.0,1.0
19.0,1.0,18.0,5.0,22,8.0,2.0,20.0,1.0,1.0
41.0,1.0,22.0,1.0,12,6.0,15.0,8.0,1.0,6.0
64.0,1.0,20.0,1.0,15,12.0,1.0,30.0,1.0,1.0
46.0,1.0,22.0,1.0,1,6.0,15.0,40.0,1.0,6.0
45.0,1.0,22.0,1.0,18,9.0,0.0,40.0,1.0,1.0
61.0,6.0,21.0,1.0,0,8.0,0.0,50.0,1.0,1.0
49.0,4.0,13.0,5.0,22,8.0,16.0,35.0,1.0,1.0
36.0,1.0,19.0,1.0,16,8.0,0.0,20.0,2.0,1.0
19.0,1.0,14.0,5.0,15,9.0,2.0,24.0,1.0,1.0
27.0,1.0,21.0,5.0,9,8.0,11.0,40.0,2.0,8.0
33.0,1.0,19.0,1.0,16,9.0,1.0,40.0,2.0,1.0
23.0,1.0,20.0,5.0,16,9.0,2.0,28.0,2.0,1.0
29.0,1.0,21.0,1.0,15,8.0,0.0,40.0,1.0,9.0
46.0,3.0,19.0,1.0,10,9.0,1.0,40.0,2.0,1.0
48.0,1.0,21.0,1.0,0,8.0,1.0,50.0,1.0,1.0
44.0,4.0,24.0,1.0,7,4.0,0.0,40.0,1.0,6.0
61.0,1.0,19.0,1.0,7,8.0,1.0,30.0,2.0,1.0
54.0,1.0,18.0,3.0,16,9.0,0.0,40.0,2.0,1.0
23.0,1.0,19.0,5.0,22,8.0,13.0,15.0,1.0,1.0
45.0,1.0,9.0,1.0,12,9.0,1.0,48.0,1.0,8.0
21.0,1.0,16.0,5.0,4,8.0,2.0,40.0,2.0,2.0
40.0,1.0,21.0,5.0,15,0.0,0.0,70.0,2.0,1.0
43.0,3.0,18.0,1.0,6,8.0,0.0,40.0,2.0,1.0
42.0,1.0,9.0,1.0,21,9.0,0.0,40.0,1.0,1.0
51.0,1.0,16.0,1.0,18,8.0,0.0,40.0,1.0,8.0
35.0,1.0,20.0,1.0,12,9.0,1.0,50.0,2.0,1.0
39.0,3.0,22.0,1.0,16,8.0,1.0,40.0,2.0,8.0
38.0,1.0,24.0,1.0,5,8.0,1.0,50.0,1.0,1.0
35.0,2.0,9.0,5.0,12,9.0,13.0,60.0,1.0,8.0
32.0,1.0,16.0,5.0,12,8.0,2.0,20.0,1.0,1.0
26.0,1.0,17.0,5.0,12,8.0,11.0,25.0,2.0,1.0
32.0,6.0,18.0,5.0,13,8.0,0.0,40.0,1.0,8.0
70.0,1.0,19.0,2.0,1,8.0,0.0,40.0,1.0,1.0
41.0,3.0,22.0,3.0,7,8.0,0.0,35.0,2.0,1.0
52.0,1.0,21.0,1.0,0,8.0,1.0,50.0,1.0,1.0
80.0,2.0,22.0,5.0,7,8.0,0.0,15.0,2.0,1.0
19.0,1.0,18.0,5.0,15,8.0,2.0,30.0,2.0,9.0
55.0,1.0,19.0,3.0,15,8.0,0.0,40.0,1.0,9.0
26.0,2.0,22.0,1.0,8,8.0,0.0,8.0,2.0,1.0
40.0,1.0,16.0,5.0,10,8.0,0.0,40.0,2.0,8.0
30.0,1.0,17.0,5.0,22,8.0,4.0,8.0,1.0,1.0
51.0,5.0,19.0,3.0,16,8.0,0.0,40.0,2.0,2.0
68.0,5.0,22.0,1.0,2,8.0,0.0,40.0,1.0,1.0
44.0,3.0,22.0,1.0,14,8.0,1.0,30.0,1.0,1.0
26.0,1.0,19.0,5.0,9,8.0,2.0,40.0,1.0,8.0
24.0,1.0,19.0,5.0,16,8.0,2.0,15.0,1.0,1.0
26.0,1.0,21.0,5.0,5,8.0,0.0,42.0,2.0,1.0
34.0,6.0,8.0,5.0,13,9.0,13.0,12.0,2.0,8.0
56.0,4.0,24.0,2.0,3,4.0,0.0,40.0,2.0,9.0
20.0,1.0,19.0,5.0,15,8.0,15.0,20.0,2.0,8.0
56.0,1.0,16.0,5.0,22,8.0,0.0,40.0,1.0,1.0
37.0,1.0,16.0,1.0,16,8.0,0.0,40.0,2.0,1.0
57.0,7.0,21.0,1.0,0,8.0,0.0,45.0,1.0,1.0
21.0,1.0,16.0,5.0,21,8.0,7.0,40.0,1.0,1.0
40.0,2.0,21.0,5.0,7,9.0,17.0,60.0,1.0,9.0
25.0,5.0,18.0,5.0,12,6.0,17.0,76.0,1.0,6.0
40.0,5.0,16.0,3.0,23,9.0,13.0,30.0,1.0,8.0
44.0,1.0,18.0,3.0,21,8.0,0.0,40.0,1.0,1.0
38.0,1.0,9.0,1.0,22,9.0,1.0,40.0,1.0,8.0
68.0,2.0,23.0,1.0,11,9.0,0.0,75.0,1.0,1.0
59.0,1.0,15.0,1.0,15,7.0,6.0,10.0,2.0,1.0
62.0,1.0,19.0,1.0,4,9.0,1.0,50.0,1.0,1.0
48.0,1.0,22.0,1.0,5,8.0,0.0,10.0,2.0,1.0
41.0,1.0,21.0,1.0,4,0.0,0.0,40.0,1.0,1.0
61.0,7.0,16.0,1.0,21,8.0,1.0,50.0,1.0,9.0
43.0,1.0,20.0,1.0,1,6.0,1.0,40.0,2.0,6.0
40.0,7.0,18.0,1.0,14,8.0,0.0,50.0,1.0,1.0
34.0,1.0,17.0,1.0,15,8.0,2.0,30.0,2.0,1.0
18.0,1.0,14.0,5.0,16,8.0,3.0,40.0,1.0,3.0
47.0,1.0,13.0,1.0,13,9.0,6.0,30.0,2.0,8.0
18.0,1.0,18.0,5.0,15,8.0,4.0,15.0,2.0,2.0
35.0,6.0,22.0,1.0,8,0.0,0.0,56.0,2.0,1.0
25.0,3.0,19.0,5.0,3,8.0,2.0,40.0,1.0,6.0
21.0,1.0,19.0,5.0,16,8.0,2.0,15.0,2.0,1.0
56.0,6.0,18.0,1.0,3,8.0,1.0,25.0,1.0,6.0
61.0,1.0,20.0,1.0,16,8.0,0.0,40.0,2.0,1.0
47.0,2.0,21.0,3.0,16,8.0,0.0,40.0,1.0,1.0
31.0,3.0,21.0,5.0,5,13.0,10.0,40.0,2.0,1.0
36.0,6.0,21.0,1.0,16,8.0,0.0,30.0,2.0,1.0
54.0,4.0,23.0,1.0,7,8.0,0.0,37.0,2.0,1.0
68.0,1.0,19.0,1.0,0,8.0,0.0,50.0,1.0,1.0
62.0,2.0,21.0,1.0,9,8.0,1.0,24.0,2.0,1.0
58.0,1.0,16.0,3.0,12,8.0,0.0,40.0,2.0,8.0
44.0,6.0,21.0,1.0,0,8.0,0.0,50.0,1.0,6.0
31.0,1.0,21.0,1.0,15,8.0,1.0,50.0,1.0,1.0
55.0,6.0,23.0,3.0,7,8.0,0.0,45.0,1.0,1.0
46.0,1.0,16.0,1.0,16,8.0,1.0,25.0,2.0,1.0
33.0,3.0,21.0,1.0,3,4.0,0.0,40.0,1.0,6.0
52.0,1.0,21.0,1.0,0,1.0,0.0,40.0,1.0,1.0
37.0,1.0,16.0,1.0,20,9.0,1.0,40.0,1.0,1.0
17.0,1.0,16.0,5.0,12,8.0,2.0,12.0,1.0,1.0
39.0,1.0,16.0,1.0,12,8.0,0.0,50.0,1.0,1.0
19.0,1.0,19.0,5.0,12,8.0,2.0,20.0,2.0,1.0
27.0,1.0,22.0,5.0,3,5.0,12.0,40.0,1.0,6.0
37.0,4.0,20.0,1.0,16,8.0,1.0,40.0,2.0,1.0
20.0,5.0,19.0,5.0,13,8.0,17.0,40.0,1.0,1.0
26.0,2.0,21.0,5.0,9,8.0,0.0,45.0,2.0,1.0
28.0,4.0,22.0,1.0,5,8.0,0.0,40.0,2.0,1.0
71.0,6.0,18.0,1.0,14,8.0,0.0,36.0,2.0,1.0
27.0,3.0,22.0,5.0,16,8.0,0.0,40.0,2.0,1.0
45.0,2.0,22.0,1.0,0,8.0,0.0,40.0,1.0,1.0
29.0,1.0,21.0,5.0,15,8.0,0.0,50.0,1.0,1.0
30.0,1.0,20.0,5.0,1,0.0,0.0,40.0,1.0,1.0
36.0,1.0,16.0,1.0,22,8.0,0.0,40.0,2.0,8.0
26.0,2.0,21.0,5.0,0,8.0,12.0,40.0,1.0,1.0
37.0,1.0,14.0,1.0,19,8.0,1.0,72.0,1.0,1.0
24.0,6.0,20.0,5.0,15,8.0,2.0,25.0,2.0,1.0
32.0,1.0,21.0,1.0,9,8.0,0.0,37.0,2.0,9.0
49.0,3.0,21.0,1.0,16,6.0,2.0,30.0,2.0,6.0
52.0,1.0,16.0,5.0,22,9.0,11.0,8.0,1.0,1.0
57.0,1.0,16.0,1.0,16,8.0,1.0,40.0,2.0,1.0
30.0,2.0,21.0,5.0,1,8.0,2.0,40.0,2.0,1.0
39.0,1.0,16.0,1.0,0,15.0,1.0,40.0,1.0,1.0
67.0,6.0,23.0,1.0,10,8.0,1.0,55.0,1.0,1.0
45.0,6.0,1.0,3.0,10,9.0,0.0,40.0,2.0,8.0
28.0,5.0,22.0,5.0,21,7.0,12.0,40.0,1.0,1.0
66.0,1.0,1.0,5.0,12,8.0,0.0,45.0,1.0,1.0
50.0,1.0,22.0,1.0,7,8.0,1.0,40.0,2.0,1.0
41.0,1.0,21.0,1.0,0,4.0,1.0,40.0,2.0,6.0
63.0,1.0,19.0,5.0,15,8.0,0.0,30.0,1.0,1.0
53.0,7.0,16.0,1.0,0,8.0,1.0,60.0,1.0,1.0
73.0,6.0,22.0,3.0,6,8.0,0.0,30.0,2.0,2.0
67.0,1.0,21.0,1.0,11,8.0,0.0,40.0,1.0,1.0
76.0,1.0,19.0,1.0,0,8.0,1.0,14.0,1.0,1.0
24.0,1.0,21.0,5.0,16,8.0,15.0,40.0,2.0,1.0
71.0,1.0,16.0,3.0,1,9.0,5.0,40.0,1.0,1.0
29.0,1.0,19.0,1.0,1,8.0,0.0,25.0,1.0,1.0
90.0,8.0,19.0,1.0,14,3.0,1.0,3.0,2.0,1.0
58.0,5.0,21.0,1.0,0,8.0,1.0,40.0,1.0,1.0
47.0,3.0,16.0,4.0,7,9.0,2.0,16.0,2.0,1.0
79.0,1.0,16.0,2.0,15,8.0,0.0,8.0,2.0,1.0
46.0,1.0,21.0,1.0,0,6.0,1.0,40.0,2.0,6.0
24.0,1.0,20.0,5.0,11,8.0,2.0,16.0,1.0,2.0
45.0,1.0,21.0,1.0,0,8.0,1.0,40.0,1.0,1.0
41.0,3.0,19.0,1.0,18,9.0,1.0,40.0,1.0,8.0
37.0,4.0,19.0,3.0,3,8.0,0.0,40.0,1.0,2.0
69.0,1.0,1.0,1.0,21,6.0,0.0,48.0,2.0,6.0
18.0,1.0,18.0,5.0,15,8.0,17.0,9.0,2.0,2.0
36.0,1.0,21.0,1.0,4,8.0,1.0,40.0,1.0,1.0
33.0,1.0,16.0,5.0,21,8.0,0.0,35.0,1.0,1.0
46.0,1.0,11.0,1.0,22,9.0,1.0,40.0,1.0,8.0
33.0,3.0,21.0,1.0,7,8.0,1.0,40.0,2.0,1.0
19.0,1.0,16.0,5.0,21,8.0,2.0,40.0,1.0,1.0
62.0,1.0,1.0,1.0,21,9.0,6.0,40.0,2.0,8.0
32.0,2.0,21.0,5.0,0,8.0,0.0,40.0,1.0,1.0
70.0,3.0,22.0,2.0,16,8.0,10.0,15.0,2.0,1.0
53.0,2.0,20.0,3.0,9,8.0,0.0,52.0,2.0,1.0
78.0,2.0,22.0,3.0,7,8.0,0.0,10.0,2.0,1.0
33.0,2.0,21.0,5.0,7,8.0,0.0,50.0,2.0,1.0
21.0,1.0,16.0,5.0,8,4.0,4.0,32.0,1.0,6.0
70.0,1.0,19.0,1.0,1,8.0,1.0,40.0,2.0,1.0
57.0,1.0,16.0,1.0,15,8.0,1.0,45.0,1.0,1.0
54.0,2.0,21.0,1.0,16,4.0,0.0,40.0,2.0,6.0
65.0,2.0,22.0,1.0,2,8.0,0.0,40.0,1.0,1.0
50.0,1.0,16.0,1.0,18,8.0,1.0,40.0,1.0,8.0
45.0,5.0,19.0,1.0,16,8.0,1.0,40.0,1.0,6.0
53.0,4.0,16.0,1.0,16,8.0,1.0,40.0,2.0,8.0
31.0,2.0,21.0,1.0,9,8.0,0.0,36.0,2.0,1.0
41.0,1.0,12.0,5.0,13,9.0,0.0,60.0,1.0,1.0
30.0,1.0,16.0,5.0,15,8.0,15.0,40.0,1.0,1.0
33.0,1.0,21.0,1.0,4,8.0,0.0,50.0,1.0,9.0
20.0,1.0,18.0,5.0,16,8.0,2.0,32.0,2.0,2.0
50.0,1.0,21.0,1.0,15,8.0,0.0,40.0,1.0,1.0
63.0,1.0,21.0,5.0,14,8.0,0.0,45.0,2.0,1.0
27.0,1.0,21.0,5.0,2,8.0,13.0,45.0,2.0,1.0
42.0,3.0,22.0,1.0,7,8.0,1.0,30.0,2.0,1.0
18.0,1.0,16.0,5.0,15,8.0,17.0,17.0,1.0,1.0
73.0,7.0,16.0,5.0,16,9.0,0.0,30.0,2.0,1.0
33.0,5.0,18.0,1.0,20,8.0,2.0,40.0,1.0,6.0
26.0,1.0,18.0,5.0,12,8.0,0.0,33.0,1.0,1.0
30.0,3.0,21.0,5.0,16,8.0,2.0,40.0,2.0,1.0
63.0,7.0,19.0,1.0,16,8.0,0.0,30.0,1.0,1.0
37.0,1.0,22.0,5.0,2,8.0,0.0,40.0,2.0,6.0
41.0,3.0,18.0,1.0,13,8.0,1.0,40.0,1.0,1.0
47.0,6.0,23.0,1.0,21,8.0,0.0,16.0,2.0,1.0
26.0,1.0,20.0,5.0,20,8.0,13.0,40.0,2.0,1.0
52.0,1.0,1.0,1.0,17,9.0,0.0,40.0,1.0,1.0
37.0,6.0,21.0,5.0,3,8.0,0.0,35.0,1.0,1.0
19.0,1.0,18.0,5.0,21,8.0,17.0,40.0,2.0,1.0
49.0,1.0,15.0,5.0,22,9.0,15.0,40.0,2.0,8.0
50.0,7.0,14.0,5.0,18,9.0,0.0,40.0,1.0,1.0
53.0,1.0,19.0,3.0,16,9.0,0.0,40.0,2.0,1.0
41.0,6.0,1.0,1.0,13,9.0,0.0,6.0,2.0,1.0
60.0,1.0,18.0,1.0,9,8.0,1.0,40.0,1.0,1.0
21.0,2.0,19.0,5.0,9,8.0,2.0,16.0,1.0,1.0
31.0,1.0,19.0,1.0,15,8.0,1.0,50.0,1.0,6.0
69.0,4.0,24.0,1.0,7,8.0,1.0,40.0,2.0,1.0
39.0,1.0,19.0,1.0,16,8.0,1.0,20.0,2.0,1.0
54.0,1.0,19.0,1.0,15,8.0,0.0,40.0,1.0,1.0
33.0,2.0,24.0,5.0,7,4.0,0.0,40.0,1.0,6.0
44.0,1.0,19.0,3.0,22,8.0,0.0,40.0,1.0,1.0
49.0,6.0,21.0,3.0,1,4.0,13.0,20.0,2.0,6.0
22.0,1.0,17.0,5.0,21,8.0,2.0,64.0,1.0,1.0
43.0,2.0,19.0,3.0,14,4.0,13.0,40.0,2.0,6.0
40.0,1.0,15.0,1.0,12,8.0,1.0,10.0,2.0,8.0
38.0,3.0,18.0,1.0,20,8.0,1.0,40.0,1.0,1.0
32.0,1.0,21.0,5.0,3,8.0,0.0,42.0,1.0,1.0
76.0,6.0,19.0,1.0,15,8.0,1.0,10.0,1.0,1.0
69.0,1.0,20.0,1.0,20,8.0,0.0,40.0,1.0,1.0
30.0,1.0,21.0,5.0,15,8.0,0.0,40.0,2.0,1.0
57.0,1.0,17.0,3.0,9,9.0,0.0,40.0,2.0,1.0
41.0,1.0,22.0,5.0,15,8.0,13.0,30.0,1.0,1.0
48.0,3.0,22.0,1.0,7,8.0,0.0,40.0,2.0,9.0
55.0,1.0,6.0,1.0,11,9.0,0.0,40.0,1.0,1.0
49.0,6.0,1.0,1.0,18,9.0,6.0,40.0,1.0,3.0
35.0,7.0,18.0,5.0,15,8.0,2.0,30.0,1.0,1.0
21.0,1.0,16.0,5.0,22,9.0,5.0,35.0,1.0,3.0
20.0,1.0,16.0,5.0,22,8.0,2.0,35.0,1.0,8.0
35.0,1.0,20.0,5.0,7,8.0,0.0,40.0,2.0,1.0
29.0,1.0,18.0,1.0,15,4.0,0.0,40.0,1.0,6.0
28.0,1.0,22.0,5.0,3,8.0,0.0,45.0,2.0,1.0
53.0,1.0,9.0,1.0,21,9.0,1.0,50.0,1.0,1.0
41.0,1.0,20.0,1.0,13,6.0,0.0,40.0,1.0,6.0
60.0,1.0,21.0,1.0,22,6.0,0.0,40.0,1.0,6.0
63.0,2.0,22.0,1.0,0,8.0,1.0,40.0,1.0,1.0
33.0,1.0,18.0,1.0,16,9.0,1.0,30.0,2.0,1.0
56.0,1.0,17.0,2.0,0,8.0,0.0,50.0,1.0,1.0
33.0,1.0,19.0,1.0,15,8.0,0.0,40.0,1.0,1.0
19.0,1.0,16.0,5.0,15,8.0,2.0,30.0,2.0,1.0
44.0,6.0,16.0,1.0,14,0.0,1.0,60.0,1.0,1.0
70.0,1.0,16.0,1.0,16,9.0,1.0,40.0,1.0,8.0
66.0,6.0,19.0,2.0,14,9.0,0.0,48.0,2.0,1.0
32.0,1.0,19.0,1.0,18,9.0,1.0,40.0,1.0,8.0
34.0,1.0,20.0,1.0,4,8.0,0.0,50.0,2.0,1.0
30.0,1.0,14.0,5.0,17,8.0,0.0,48.0,1.0,8.0
24.0,1.0,19.0,5.0,16,8.0,2.0,40.0,2.0,1.0
33.0,1.0,20.0,5.0,21,8.0,0.0,45.0,1.0,1.0
26.0,7.0,16.0,5.0,18,9.0,2.0,40.0,1.0,1.0
36.0,1.0,16.0,1.0,21,9.0,1.0,34.0,2.0,1.0
27.0,1.0,16.0,1.0,15,8.0,1.0,40.0,1.0,8.0
20.0,1.0,18.0,5.0,16,8.0,2.0,32.0,1.0,1.0
19.0,6.0,18.0,5.0,14,8.0,17.0,20.0,2.0,9.0
26.0,1.0,16.0,5.0,15,8.0,0.0,40.0,1.0,8.0
42.0,1.0,19.0,5.0,20,6.0,0.0,40.0,1.0,6.0
58.0,3.0,17.0,1.0,12,9.0,1.0,40.0,1.0,1.0
58.0,2.0,21.0,1.0,16,8.0,1.0,40.0,2.0,1.0
68.0,7.0,18.0,1.0,1,8.0,0.0,12.0,2.0,7.0
47.0,1.0,19.0,5.0,8,8.0,13.0,35.0,1.0,1.0
39.0,1.0,19.0,1.0,16,8.0,1.0,20.0,2.0,8.0
37.0,4.0,19.0,1.0,14,8.0,1.0,10.0,2.0,8.0
20.0,1.0,19.0,5.0,15,8.0,2.0,30.0,2.0,1.0
50.0,1.0,21.0,1.0,7,1.0,1.0,48.0,2.0,1.0
61.0,3.0,22.0,1.0,6,4.0,1.0,35.0,2.0,6.0
40.0,1.0,9.0,1.0,22,8.0,0.0,40.0,1.0,1.0
61.0,1.0,16.0,3.0,0,9.0,0.0,40.0,2.0,1.0
21.0,1.0,16.0,5.0,12,8.0,2.0,30.0,1.0,1.0
50.0,2.0,21.0,1.0,3,8.0,15.0,40.0,1.0,1.0
68.0,7.0,21.0,1.0,15,8.0,0.0,25.0,1.0,1.0
28.0,1.0,19.0,5.0,12,8.0,7.0,25.0,1.0,1.0
37.0,5.0,17.0,1.0,20,8.0,10.0,40.0,1.0,1.0
44.0,1.0,18.0,3.0,22,8.0,0.0,60.0,1.0,8.0
22.0,1.0,21.0,5.0,5,8.0,2.0,13.0,2.0,6.0
24.0,5.0,18.0,5.0,23,8.0,13.0,40.0,1.0,1.0
37.0,1.0,21.0,3.0,16,8.0,0.0,25.0,1.0,6.0
42.0,7.0,16.0,1.0,22,8.0,0.0,40.0,2.0,1.0
47.0,1.0,8.0,1.0,12,9.0,0.0,40.0,1.0,8.0
19.0,1.0,19.0,5.0,12,8.0,7.0,20.0,1.0,8.0
36.0,1.0,1.0,1.0,12,9.0,1.0,20.0,2.0,1.0
44.0,3.0,20.0,1.0,11,8.0,0.0,40.0,1.0,1.0
45.0,6.0,16.0,5.0,13,8.0,2.0,12.0,1.0,1.0
33.0,1.0,16.0,5.0,22,8.0,0.0,55.0,1.0,1.0
42.0,2.0,17.0,3.0,16,8.0,0.0,40.0,2.0,1.0
22.0,1.0,16.0,1.0,12,9.0,1.0,40.0,2.0,8.0
25.0,3.0,23.0,5.0,9,8.0,2.0,50.0,2.0,1.0
32.0,1.0,19.0,3.0,16,8.0,0.0,26.0,1.0,1.0
53.0,1.0,19.0,1.0,4,8.0,1.0,32.0,1.0,1.0
51.0,1.0,19.0,3.0,0,8.0,0.0,55.0,1.0,2.0
50.0,2.0,22.0,1.0,9,3.0,1.0,40.0,2.0,1.0
47.0,3.0,23.0,3.0,0,8.0,0.0,40.0,1.0,1.0
38.0,1.0,18.0,1.0,15,4.0,0.0,40.0,1.0,6.0
18.0,1.0,14.0,5.0,12,8.0,2.0,10.0,2.0,1.0
40.0,7.0,22.0,5.0,15,4.0,0.0,24.0,2.0,6.0
45.0,1.0,19.0,1.0,4,8.0,1.0,40.0,2.0,8.0
48.0,1.0,21.0,5.0,0,8.0,0.0,40.0,2.0,1.0
19.0,1.0,19.0,5.0,10,8.0,2.0,30.0,2.0,1.0
30.0,1.0,19.0,1.0,16,8.0,0.0,40.0,2.0,9.0
64.0,3.0,22.0,2.0,7,8.0,0.0,40.0,2.0,1.0
44.0,1.0,19.0,1.0,14,8.0,1.0,36.0,2.0,1.0
41.0,6.0,21.0,1.0,9,8.0,0.0,10.0,2.0,1.0
27.0,1.0,16.0,5.0,8,8.0,0.0,45.0,2.0,1.0
55.0,1.0,21.0,1.0,0,8.0,0.0,50.0,1.0,1.0
48.0,6.0,18.0,1.0,0,8.0,0.0,35.0,1.0,1.0
64.0,1.0,19.0,1.0,15,8.0,0.0,40.0,1.0,1.0
48.0,6.0,18.0,5.0,18,8.0,0.0,50.0,1.0,1.0
62.0,6.0,19.0,1.0,15,5.0,0.0,60.0,1.0,1.0
59.0,1.0,18.0,1.0,16,6.0,1.0,60.0,2.0,6.0
44.0,3.0,16.0,1.0,18,8.0,1.0,40.0,1.0,1.0
46.0,2.0,21.0,1.0,16,8.0,1.0,20.0,1.0,1.0
49.0,1.0,21.0,1.0,14,8.0,1.0,50.0,2.0,1.0
25.0,1.0,22.0,5.0,15,8.0,0.0,40.0,1.0,1.0
73.0,1.0,20.0,1.0,8,8.0,1.0,32.0,1.0,1.0
27.0,1.0,19.0,1.0,13,8.0,0.0,14.0,2.0,8.0
45.0,1.0,9.0,1.0,13,9.0,1.0,40.0,1.0,1.0
56.0,6.0,19.0,1.0,14,8.0,1.0,50.0,2.0,1.0
33.0,1.0,16.0,5.0,10,8.0,2.0,40.0,2.0,1.0
49.0,1.0,21.0,1.0,0,8.0,0.0,40.0,1.0,1.0
43.0,1.0,21.0,1.0,2,4.0,1.0,40.0,2.0,6.0
52.0,1.0,19.0,3.0,15,8.0,0.0,50.0,2.0,1.0
50.0,1.0,19.0,1.0,15,8.0,0.0,40.0,2.0,1.0
25.0,2.0,21.0,5.0,16,8.0,2.0,40.0,2.0,6.0
29.0,2.0,21.0,5.0,0,8.0,12.0,50.0,1.0,1.0
28.0,1.0,20.0,1.0,10,8.0,1.0,30.0,2.0,1.0
36.0,3.0,21.0,1.0,7,8.0,1.0,40.0,2.0,1.0
56.0,6.0,21.0,1.0,12,8.0,0.0,6.0,2.0,6.0
58.0,1.0,16.0,3.0,13,8.0,12.0,30.0,2.0,1.0
40.0,1.0,22.0,1.0,3,5.0,1.0,40.0,2.0,6.0
26.0,1.0,19.0,5.0,16,8.0,2.0,30.0,1.0,8.0
33.0,5.0,19.0,1.0,20,8.0,0.0,55.0,1.0,1.0
25.0,1.0,19.0,5.0,15,8.0,0.0,40.0,1.0,9.0
53.0,1.0,11.0,1.0,13,9.0,5.0,52.0,1.0,8.0
27.0,1.0,21.0,1.0,16,8.0,2.0,40.0,2.0,8.0
62.0,6.0,19.0,1.0,21,8.0,1.0,20.0,2.0,1.0
39.0,1.0,16.0,1.0,22,8.0,1.0,60.0,1.0,1.0
71.0,7.0,18.0,1.0,15,8.0,1.0,50.0,2.0,1.0
49.0,2.0,21.0,1.0,9,8.0,0.0,32.0,2.0,9.0
84.0,7.0,23.0,1.0,9,8.0,0.0,20.0,1.0,1.0
41.0,1.0,23.0,1.0,7,8.0,1.0,20.0,2.0,1.0
22.0,1.0,19.0,5.0,22,9.0,2.0,30.0,1.0,1.0
33.0,1.0,12.0,1.0,20,9.0,10.0,40.0,1.0,1.0
50.0,1.0,24.0,1.0,4,8.0,0.0,40.0,2.0,1.0
46.0,4.0,19.0,5.0,10,8.0,2.0,3.0,2.0,6.0
45.0,6.0,16.0,1.0,13,9.0,1.0,45.0,1.0,1.0
40.0,1.0,21.0,3.0,18,9.0,12.0,40.0,1.0,1.0
19.0,1.0,16.0,5.0,12,8.0,17.0,4.0,1.0,1.0
40.0,1.0,19.0,5.0,0,8.0,0.0,50.0,1.0,1.0
42.0,6.0,19.0,4.0,14,9.0,0.0,40.0,2.0,3.0
43.0,1.0,21.0,1.0,0,8.0,0.0,50.0,1.0,1.0
54.0,3.0,17.0,3.0,13,9.0,12.0,40.0,1.0,1.0
22.0,4.0,15.0,5.0,22,4.0,2.0,35.0,2.0,6.0
39.0,2.0,19.0,3.0,7,8.0,13.0,11.0,2.0,1.0
18.0,2.0,16.0,5.0,16,8.0,2.0,12.0,2.0,8.0
27.0,3.0,19.0,5.0,7,8.0,0.0,40.0,2.0,1.0
40.0,1.0,18.0,1.0,0,8.0,0.0,50.0,1.0,1.0
39.0,1.0,21.0,5.0,15,8.0,13.0,46.0,1.0,2.0
21.0,1.0,18.0,5.0,14,8.0,0.0,40.0,1.0,1.0
50.0,2.0,19.0,1.0,3,6.0,0.0,40.0,1.0,6.0
55.0,1.0,21.0,1.0,12,4.0,0.0,40.0,1.0,6.0
34.0,1.0,22.0,1.0,15,4.0,10.0,8.0,2.0,6.0
33.0,5.0,23.0,5.0,7,8.0,0.0,40.0,2.0,6.0
57.0,2.0,21.0,1.0,0,8.0,0.0,30.0,2.0,1.0
27.0,1.0,21.0,5.0,7,8.0,12.0,40.0,2.0,1.0
32.0,7.0,21.0,1.0,0,8.0,0.0,40.0,2.0,1.0
47.0,1.0,21.0,1.0,16,8.0,1.0,2.0,2.0,1.0
68.0,4.0,24.0,1.0,7,8.0,1.0,50.0,2.0,1.0
22.0,1.0,19.0,5.0,12,8.0,12.0,45.0,2.0,1.0
59.0,6.0,20.0,1.0,14,8.0,1.0,8.0,2.0,1.0
48.0,1.0,16.0,1.0,22,8.0,1.0,45.0,1.0,2.0
48.0,1.0,20.0,1.0,16,8.0,2.0,40.0,2.0,1.0
19.0,1.0,16.0,5.0,12,8.0,2.0,30.0,1.0,1.0
51.0,1.0,21.0,1.0,5,8.0,1.0,40.0,1.0,1.0
50.0,1.0,19.0,1.0,20,8.0,0.0,45.0,1.0,1.0
66.0,6.0,19.0,1.0,18,8.0,1.0,40.0,1.0,1.0
21.0,1.0,19.0,5.0,12,8.0,2.0,32.0,2.0,8.0
36.0,1.0,12.0,1.0,13,9.0,0.0,40.0,2.0,1.0
24.0,1.0,16.0,3.0,12,9.0,10.0,40.0,1.0,1.0
51.0,1.0,19.0,1.0,10,15.0,1.0,40.0,2.0,9.0
23.0,5.0,19.0,5.0,20,8.0,17.0,99.0,1.0,1.0
57.0,6.0,21.0,1.0,3,4.0,0.0,20.0,1.0,6.0
65.0,1.0,19.0,2.0,20,8.0,0.0,40.0,1.0,1.0
78.0,8.0,19.0,3.0,14,8.0,13.0,20.0,2.0,1.0
40.0,7.0,22.0,1.0,0,3.0,0.0,65.0,1.0,1.0
41.0,3.0,21.0,5.0,7,9.0,0.0,30.0,2.0,1.0
55.0,6.0,21.0,1.0,0,8.0,1.0,1.0,1.0,2.0
55.0,1.0,12.0,1.0,22,9.0,1.0,40.0,2.0,1.0
44.0,7.0,21.0,1.0,0,8.0,1.0,60.0,1.0,6.0
69.0,6.0,16.0,1.0,15,9.0,0.0,53.0,1.0,1.0
70.0,3.0,16.0,1.0,11,8.0,0.0,15.0,2.0,1.0
32.0,2.0,16.0,5.0,22,8.0,2.0,7.0,1.0,1.0
27.0,1.0,16.0,5.0,18,8.0,16.0,50.0,1.0,8.0
48.0,1.0,19.0,4.0,0,8.0,0.0,50.0,1.0,1.0
71.0,6.0,19.0,1.0,22,4.0,1.0,99.0,1.0,6.0
29.0,1.0,20.0,5.0,21,8.0,2.0,20.0,1.0,1.0
24.0,1.0,19.0,5.0,12,8.0,2.0,10.0,2.0,1.0
62.0,7.0,16.0,1.0,20,8.0,1.0,40.0,1.0,1.0
43.0,7.0,16.0,1.0,3,7.0,1.0,3.0,2.0,1.0
51.0,1.0,16.0,1.0,21,8.0,7.0,40.0,2.0,3.0
55.0,1.0,20.0,5.0,16,8.0,2.0,40.0,2.0,6.0
42.0,1.0,21.0,1.0,5,6.0,0.0,40.0,2.0,6.0
44.0,1.0,17.0,1.0,20,8.0,0.0,40.0,1.0,1.0
48.0,1.0,16.0,5.0,21,9.0,0.0,40.0,1.0,8.0
22.0,1.0,18.0,5.0,10,8.0,2.0,35.0,2.0,9.0
63.0,1.0,24.0,1.0,4,7.0,0.0,40.0,1.0,1.0
27.0,1.0,16.0,1.0,16,8.0,0.0,40.0,2.0,1.0
32.0,1.0,24.0,1.0,2,8.0,1.0,40.0,1.0,1.0
52.0,1.0,1.0,5.0,13,12.0,0.0,40.0,1.0,2.0
45.0,1.0,21.0,1.0,0,8.0,0.0,40.0,2.0,1.0
35.0,3.0,21.0,1.0,11,6.0,0.0,40.0,1.0,6.0
68.0,1.0,19.0,1.0,13,8.0,0.0,15.0,1.0,2.0
57.0,1.0,19.0,3.0,16,9.0,0.0,40.0,2.0,1.0
39.0,1.0,21.0,3.0,22,8.0,0.0,50.0,1.0,1.0
60.0,1.0,16.0,1.0,13,9.0,1.0,35.0,1.0,1.0
31.0,1.0,21.0,5.0,22,8.0,2.0,25.0,1.0,1.0
62.0,1.0,17.0,1.0,20,8.0,1.0,40.0,1.0,1.0
65.0,6.0,5.0,3.0,13,9.0,0.0,11.0,2.0,8.0
33.0,1.0,22.0,1.0,9,6.0,1.0,40.0,2.0,6.0
19.0,1.0,19.0,5.0,12,8.0,4.0,20.0,2.0,8.0
56.0,1.0,20.0,1.0,22,8.0,0.0,55.0,1.0,1.0
53.0,7.0,12.0,1.0,18,9.0,0.0,40.0,1.0,1.0
39.0,3.0,21.0,1.0,7,8.0,1.0,40.0,1.0,1.0
35.0,1.0,19.0,1.0,16,13.0,0.0,38.0,2.0,1.0
36.0,1.0,23.0,1.0,4,4.0,0.0,45.0,2.0,6.0
31.0,1.0,16.0,1.0,22,8.0,3.0,30.0,1.0,1.0
18.0,1.0,16.0,5.0,14,8.0,2.0,28.0,1.0,1.0
20.0,1.0,16.0,5.0,16,8.0,3.0,32.0,2.0,1.0
30.0,3.0,19.0,1.0,11,8.0,0.0,72.0,1.0,1.0
42.0,1.0,22.0,1.0,16,4.0,1.0,40.0,2.0,6.0
33.0,1.0,21.0,5.0,15,8.0,0.0,8.0,2.0,1.0
28.0,1.0,16.0,5.0,14,8.0,2.0,40.0,1.0,1.0
45.0,1.0,17.0,1.0,20,9.0,1.0,40.0,1.0,1.0
42.0,1.0,21.0,5.0,8,8.0,0.0,60.0,1.0,1.0
48.0,2.0,16.0,1.0,1,6.0,0.0,50.0,2.0,6.0
37.0,4.0,20.0,1.0,11,8.0,1.0,72.0,1.0,1.0
59.0,1.0,9.0,1.0,17,9.0,1.0,48.0,1.0,8.0
22.0,1.0,14.0,5.0,22,8.0,2.0,35.0,1.0,1.0
26.0,1.0,21.0,5.0,15,8.0,2.0,40.0,2.0,8.0
54.0,1.0,16.0,1.0,15,4.0,6.0,40.0,2.0,6.0
57.0,1.0,16.0,1.0,15,8.0,0.0,40.0,1.0,2.0
42.0,6.0,19.0,1.0,15,8.0,1.0,40.0,1.0,1.0
32.0,1.0,16.0,5.0,0,9.0,13.0,40.0,2.0,1.0
54.0,6.0,16.0,1.0,14,6.0,1.0,50.0,2.0,6.0
19.0,1.0,18.0,5.0,15,8.0,17.0,9.0,1.0,8.0
66.0,3.0,22.0,1.0,0,8.0,0.0,3.0,2.0,1.0
42.0,1.0,2.0,5.0,18,9.0,2.0,40.0,1.0,8.0
19.0,1.0,18.0,5.0,22,8.0,7.0,36.0,1.0,1.0
53.0,5.0,21.0,1.0,4,8.0,1.0,40.0,1.0,1.0
68.0,1.0,18.0,1.0,13,4.0,0.0,40.0,1.0,6.0
61.0,1.0,18.0,1.0,21,6.0,0.0,36.0,1.0,6.0
54.0,1.0,23.0,1.0,7,8.0,9.0,40.0,2.0,1.0
42.0,4.0,22.0,1.0,18,8.0,1.0,40.0,1.0,1.0
71.0,6.0,22.0,3.0,5,8.0,0.0,34.0,2.0,1.0
42.0,1.0,20.0,5.0,1,8.0,0.0,40.0,2.0,8.0
38.0,2.0,21.0,5.0,16,4.0,0.0,40.0,2.0,6.0
46.0,1.0,21.0,1.0,10,8.0,1.0,50.0,2.0,1.0
63.0,1.0,19.0,2.0,1,6.0,0.0,30.0,1.0,1.0
42.0,1.0,20.0,5.0,12,9.0,0.0,40.0,1.0,1.0
48.0,1.0,17.0,1.0,21,9.0,1.0,40.0,2.0,8.0
46.0,1.0,16.0,1.0,22,8.0,1.0,40.0,1.0,1.0
62.0,2.0,24.0,1.0,16,8.0,0.0,40.0,1.0,1.0
65.0,1.0,23.0,1.0,9,8.0,1.0,60.0,1.0,6.0
24.0,6.0,21.0,5.0,5,8.0,0.0,40.0,2.0,1.0
43.0,3.0,22.0,5.0,5,8.0,0.0,40.0,2.0,1.0
61.0,1.0,16.0,2.0,15,6.0,0.0,30.0,2.0,6.0
33.0,2.0,21.0,5.0,20,4.0,11.0,40.0,1.0,6.0
36.0,1.0,15.0,1.0,15,6.0,1.0,40.0,1.0,6.0
23.0,1.0,16.0,5.0,16,9.0,11.0,20.0,2.0,8.0
40.0,1.0,22.0,1.0,7,8.0,1.0,20.0,2.0,1.0
30.0,1.0,16.0,5.0,12,8.0,17.0,6.0,1.0,1.0
60.0,1.0,21.0,1.0,15,8.0,0.0,40.0,2.0,1.0
28.0,1.0,16.0,5.0,21,8.0,2.0,40.0,1.0,1.0
42.0,1.0,16.0,3.0,21,8.0,0.0,46.0,2.0,9.0
54.0,1.0,22.0,1.0,3,7.0,0.0,55.0,1.0,1.0
40.0,4.0,22.0,1.0,7,8.0,0.0,43.0,2.0,1.0
20.0,4.0,16.0,5.0,0,8.0,12.0,15.0,1.0,6.0
19.0,1.0,15.0,5.0,21,8.0,2.0,40.0,1.0,1.0
25.0,1.0,19.0,5.0,12,8.0,0.0,4.0,1.0,1.0
58.0,1.0,17.0,1.0,18,8.0,0.0,40.0,1.0,1.0
40.0,3.0,21.0,1.0,3,6.0,0.0,40.0,1.0,6.0
26.0,4.0,21.0,5.0,7,8.0,2.0,40.0,1.0,1.0
59.0,1.0,21.0,1.0,9,5.0,1.0,36.0,2.0,6.0
28.0,1.0,16.0,5.0,11,8.0,5.0,52.0,1.0,1.0
31.0,1.0,16.0,5.0,21,9.0,11.0,40.0,1.0,8.0
63.0,1.0,18.0,3.0,7,4.0,5.0,40.0,2.0,6.0
30.0,1.0,20.0,5.0,16,8.0,2.0,18.0,1.0,1.0
71.0,1.0,15.0,1.0,13,9.0,0.0,28.0,1.0,1.0
18.0,1.0,16.0,5.0,12,8.0,2.0,25.0,1.0,1.0
63.0,4.0,22.0,2.0,7,8.0,0.0,30.0,2.0,1.0
23.0,3.0,19.0,5.0,14,8.0,2.0,30.0,2.0,1.0
54.0,4.0,21.0,3.0,10,3.0,0.0,40.0,2.0,1.0
20.0,1.0,18.0,5.0,12,5.0,2.0,22.0,1.0,6.0
61.0,1.0,17.0,1.0,18,8.0,0.0,40.0,1.0,1.0
55.0,1.0,16.0,1.0,12,6.0,0.0,40.0,1.0,6.0
31.0,3.0,16.0,1.0,12,8.0,0.0,40.0,1.0,1.0
49.0,1.0,16.0,1.0,18,8.0,0.0,40.0,1.0,1.0
34.0,1.0,19.0,5.0,9,9.0,0.0,30.0,1.0,8.0
21.0,1.0,16.0,1.0,15,8.0,7.0,30.0,1.0,8.0
66.0,1.0,17.0,1.0,14,8.0,0.0,50.0,2.0,1.0
34.0,2.0,23.0,5.0,9,8.0,0.0,50.0,1.0,1.0
36.0,1.0,21.0,5.0,1,5.0,0.0,40.0,2.0,6.0
35.0,1.0,19.0,5.0,15,8.0,5.0,33.0,1.0,1.0
43.0,6.0,15.0,5.0,17,9.0,5.0,48.0,1.0,1.0
35.0,1.0,21.0,1.0,0,8.0,2.0,40.0,2.0,1.0
41.0,1.0,22.0,1.0,1,9.0,1.0,48.0,2.0,1.0
26.0,1.0,22.0,1.0,4,5.0,1.0,40.0,2.0,6.0
38.0,1.0,20.0,3.0,12,8.0,0.0,50.0,1.0,6.0
22.0,2.0,21.0,5.0,14,8.0,2.0,15.0,2.0,9.0
56.0,6.0,16.0,1.0,10,8.0,1.0,40.0,2.0,1.0
60.0,1.0,16.0,2.0,1,8.0,0.0,25.0,2.0,1.0
18.0,1.0,19.0,5.0,15,8.0,7.0,12.0,2.0,1.0
53.0,1.0,21.0,5.0,5,6.0,13.0,20.0,2.0,6.0
46.0,4.0,21.0,3.0,7,8.0,0.0,28.0,1.0,1.0
21.0,1.0,19.0,5.0,12,8.0,2.0,30.0,1.0,1.0
35.0,1.0,16.0,1.0,0,9.0,1.0,40.0,2.0,1.0
21.0,1.0,19.0,5.0,15,15.0,17.0,45.0,1.0,6.0
21.0,1.0,18.0,5.0,16,8.0,2.0,30.0,1.0,8.0
27.0,2.0,20.0,5.0,6,8.0,12.0,40.0,2.0,1.0
62.0,1.0,19.0,5.0,16,8.0,0.0,40.0,2.0,2.0
66.0,1.0,16.0,3.0,16,8.0,0.0,40.0,2.0,8.0
66.0,7.0,21.0,3.0,0,8.0,0.0,30.0,1.0,1.0
32.0,1.0,15.0,1.0,20,9.0,1.0,40.0,1.0,1.0
39.0,2.0,21.0,5.0,22,8.0,17.0,40.0,2.0,1.0
29.0,1.0,19.0,1.0,0,8.0,2.0,45.0,2.0,1.0
27.0,1.0,21.0,5.0,8,8.0,12.0,20.0,2.0,9.0
45.0,1.0,21.0,5.0,15,8.0,4.0,29.0,1.0,1.0
24.0,2.0,20.0,5.0,7,8.0,0.0,40.0,2.0,9.0
38.0,1.0,20.0,5.0,2,8.0,0.0,40.0,1.0,6.0
44.0,1.0,21.0,1.0,0,8.0,0.0,50.0,1.0,1.0
28.0,3.0,21.0,5.0,7,8.0,13.0,40.0,1.0,1.0
30.0,1.0,18.0,5.0,16,8.0,17.0,70.0,2.0,3.0
26.0,1.0,21.0,5.0,9,8.0,2.0,18.0,2.0,6.0
53.0,6.0,19.0,1.0,0,4.0,0.0,40.0,2.0,6.0
39.0,1.0,16.0,1.0,10,4.0,1.0,30.0,2.0,6.0
43.0,3.0,22.0,1.0,0,8.0,1.0,40.0,2.0,1.0
61.0,6.0,23.0,1.0,14,9.0,1.0,30.0,2.0,1.0
37.0,1.0,19.0,1.0,18,9.0,0.0,40.0,1.0,8.0
48.0,1.0,16.0,1.0,16,8.0,0.0,40.0,1.0,1.0
45.0,6.0,20.0,1.0,18,8.0,0.0,60.0,1.0,1.0
48.0,2.0,23.0,1.0,9,9.0,0.0,55.0,1.0,1.0
72.0,1.0,22.0,3.0,15,8.0,0.0,50.0,2.0,1.0
19.0,1.0,18.0,5.0,22,8.0,4.0,32.0,1.0,1.0
27.0,1.0,18.0,5.0,22,8.0,0.0,40.0,1.0,9.0
21.0,1.0,16.0,5.0,22,8.0,2.0,28.0,1.0,1.0
56.0,2.0,1.0,5.0,22,9.0,15.0,40.0,1.0,1.0
46.0,1.0,21.0,5.0,12,8.0,0.0,30.0,2.0,1.0
20.0,1.0,19.0,5.0,15,4.0,17.0,40.0,2.0,6.0
46.0,1.0,19.0,1.0,7,8.0,1.0,15.0,2.0,3.0
43.0,1.0,16.0,1.0,21,9.0,1.0,60.0,1.0,1.0
72.0,6.0,21.0,1.0,1,8.0,1.0,50.0,1.0,1.0
32.0,1.0,1.0,5.0,13,9.0,17.0,40.0,1.0,1.0
25.0,1.0,21.0,5.0,9,6.0,5.0,40.0,1.0,6.0
53.0,1.0,21.0,1.0,8,8.0,0.0,40.0,1.0,1.0
23.0,1.0,16.0,5.0,21,8.0,2.0,40.0,1.0,1.0
55.0,1.0,1.0,1.0,21,9.0,1.0,40.0,2.0,8.0
66.0,1.0,19.0,5.0,15,8.0,0.0,40.0,2.0,1.0
26.0,3.0,19.0,5.0,7,8.0,13.0,18.0,2.0,1.0
41.0,1.0,22.0,5.0,3,5.0,13.0,40.0,2.0,6.0
33.0,1.0,18.0,5.0,12,8.0,0.0,40.0,1.0,1.0
42.0,1.0,17.0,1.0,22,8.0,1.0,40.0,1.0,1.0
61.0,6.0,16.0,1.0,7,8.0,1.0,15.0,1.0,1.0
36.0,4.0,21.0,5.0,0,8.0,0.0,40.0,2.0,1.0
25.0,5.0,21.0,5.0,0,8.0,0.0,80.0,1.0,9.0
57.0,6.0,16.0,3.0,0,8.0,11.0,14.0,1.0,1.0
18.0,3.0,14.0,5.0,11,8.0,4.0,40.0,2.0,1.0
41.0,1.0,19.0,1.0,3,8.0,1.0,45.0,1.0,1.0
25.0,1.0,18.0,5.0,15,8.0,0.0,40.0,1.0,1.0
26.0,1.0,19.0,5.0,9,8.0,2.0,40.0,1.0,1.0
60.0,1.0,21.0,1.0,2,8.0,1.0,40.0,1.0,1.0
35.0,1.0,9.0,1.0,17,9.0,0.0,80.0,1.0,1.0
38.0,1.0,22.0,1.0,15,6.0,0.0,40.0,1.0,6.0
19.0,1.0,18.0,5.0,15,8.0,4.0,25.0,1.0,8.0
42.0,1.0,21.0,1.0,3,4.0,0.0,40.0,1.0,6.0
26.0,6.0,21.0,5.0,8,8.0,0.0,50.0,1.0,1.0
35.0,1.0,21.0,5.0,16,8.0,0.0,40.0,1.0,1.0
47.0,5.0,22.0,3.0,1,8.0,16.0,50.0,1.0,1.0
49.0,1.0,21.0,1.0,16,8.0,0.0,40.0,2.0,1.0
47.0,1.0,16.0,1.0,21,5.0,0.0,50.0,1.0,1.0
18.0,1.0,18.0,5.0,12,9.0,2.0,13.0,2.0,8.0
34.0,1.0,19.0,1.0,3,3.0,0.0,40.0,1.0,1.0
70.0,1.0,19.0,1.0,15,8.0,0.0,40.0,1.0,1.0
57.0,1.0,16.0,1.0,20,9.0,0.0,45.0,1.0,1.0
62.0,5.0,22.0,1.0,11,8.0,1.0,40.0,1.0,9.0
56.0,4.0,19.0,1.0,18,8.0,0.0,40.0,1.0,1.0
23.0,1.0,21.0,5.0,7,8.0,2.0,40.0,1.0,6.0
55.0,5.0,19.0,1.0,16,6.0,0.0,50.0,1.0,6.0
64.0,6.0,16.0,2.0,14,8.0,2.0,60.0,2.0,1.0
30.0,4.0,21.0,5.0,7,8.0,0.0,50.0,1.0,6.0
28.0,1.0,16.0,5.0,15,8.0,0.0,38.0,2.0,8.0
59.0,6.0,22.0,3.0,5,8.0,0.0,50.0,1.0,1.0
26.0,1.0,16.0,5.0,6,8.0,10.0,40.0,2.0,9.0
37.0,1.0,15.0,1.0,18,9.0,1.0,40.0,1.0,8.0
35.0,4.0,16.0,5.0,21,8.0,0.0,50.0,1.0,8.0
27.0,1.0,16.0,5.0,3,8.0,0.0,40.0,2.0,1.0
18.0,5.0,16.0,5.0,1,8.0,17.0,45.0,1.0,2.0
32.0,1.0,21.0,1.0,0,,1.0,45.0,1.0,1.0
55.0,1.0,22.0,1.0,5,4.0,0.0,40.0,2.0,6.0
50.0,4.0,19.0,1.0,18,8.0,1.0,40.0,1.0,1.0
33.0,1.0,15.0,1.0,13,8.0,0.0,40.0,2.0,1.0
29.0,1.0,18.0,5.0,15,8.0,3.0,40.0,2.0,1.0
25.0,1.0,21.0,5.0,0,8.0,12.0,40.0,2.0,6.0
49.0,4.0,21.0,1.0,2,8.0,1.0,40.0,2.0,1.0
31.0,1.0,16.0,5.0,15,8.0,0.0,40.0,2.0,1.0
66.0,4.0,22.0,1.0,7,8.0,1.0,50.0,2.0,1.0
53.0,1.0,11.0,1.0,17,9.0,6.0,50.0,2.0,8.0
46.0,1.0,18.0,1.0,15,8.0,0.0,40.0,1.0,8.0
38.0,1.0,20.0,4.0,9,8.0,0.0,36.0,2.0,1.0
27.0,5.0,21.0,1.0,23,8.0,0.0,40.0,1.0,1.0
54.0,1.0,16.0,3.0,15,8.0,12.0,40.0,1.0,1.0
37.0,1.0,22.0,1.0,5,8.0,0.0,40.0,1.0,1.0
35.0,1.0,22.0,1.0,0,8.0,0.0,50.0,2.0,1.0
17.0,1.0,15.0,5.0,15,6.0,2.0,12.0,1.0,6.0
54.0,1.0,20.0,1.0,20,4.0,0.0,40.0,2.0,6.0
56.0,3.0,19.0,5.0,16,4.0,0.0,24.0,1.0,8.0
64.0,2.0,23.0,1.0,0,8.0,0.0,40.0,1.0,1.0
38.0,4.0,22.0,4.0,6,8.0,0.0,40.0,1.0,1.0
36.0,1.0,19.0,1.0,15,9.0,0.0,40.0,1.0,1.0
56.0,1.0,19.0,1.0,15,9.0,9.0,35.0,2.0,1.0
53.0,1.0,19.0,5.0,1,8.0,0.0,40.0,2.0,1.0
57.0,1.0,19.0,5.0,8,8.0,0.0,40.0,1.0,1.0
23.0,1.0,21.0,5.0,7,8.0,2.0,40.0,2.0,1.0
28.0,1.0,16.0,1.0,14,6.0,0.0,40.0,2.0,6.0
61.0,1.0,16.0,1.0,15,8.0,1.0,40.0,1.0,1.0
28.0,1.0,9.0,1.0,17,9.0,0.0,30.0,2.0,1.0
24.0,1.0,19.0,5.0,16,8.0,7.0,40.0,1.0,2.0
39.0,1.0,19.0,1.0,22,9.0,2.0,30.0,2.0,1.0
37.0,1.0,19.0,1.0,13,8.0,1.0,40.0,1.0,1.0
57.0,1.0,20.0,1.0,1,8.0,1.0,40.0,2.0,1.0
51.0,7.0,18.0,5.0,14,8.0,2.0,4.0,2.0,2.0
19.0,6.0,18.0,5.0,14,8.0,4.0,25.0,2.0,2.0
43.0,1.0,18.0,5.0,10,8.0,0.0,35.0,2.0,1.0
52.0,7.0,1.0,1.0,0,5.0,0.0,50.0,1.0,1.0
30.0,1.0,20.0,5.0,22,8.0,15.0,50.0,1.0,7.0
31.0,3.0,19.0,1.0,9,8.0,1.0,40.0,2.0,6.0
35.0,1.0,21.0,1.0,4,8.0,1.0,40.0,1.0,1.0
42.0,2.0,22.0,1.0,6,8.0,0.0,40.0,2.0,2.0
48.0,3.0,22.0,1.0,7,8.0,0.0,40.0,2.0,1.0
52.0,1.0,16.0,1.0,22,8.0,1.0,40.0,1.0,2.0
20.0,3.0,16.0,5.0,7,8.0,12.0,10.0,1.0,6.0
59.0,1.0,15.0,5.0,11,8.0,11.0,40.0,1.0,2.0
21.0,1.0,19.0,5.0,21,9.0,2.0,25.0,1.0,8.0
31.0,1.0,17.0,1.0,11,4.0,0.0,40.0,1.0,6.0
57.0,1.0,18.0,1.0,15,8.0,1.0,40.0,2.0,1.0
57.0,1.0,18.0,3.0,1,8.0,0.0,40.0,2.0,1.0
26.0,1.0,14.0,5.0,13,9.0,17.0,40.0,1.0,8.0
33.0,1.0,16.0,1.0,0,8.0,0.0,40.0,2.0,1.0
30.0,1.0,19.0,5.0,14,8.0,0.0,35.0,2.0,6.0
51.0,1.0,16.0,1.0,0,8.0,1.0,40.0,2.0,1.0
58.0,1.0,19.0,1.0,11,8.0,0.0,20.0,1.0,2.0
54.0,1.0,19.0,1.0,22,9.0,1.0,60.0,2.0,1.0
42.0,1.0,22.0,1.0,1,5.0,1.0,60.0,2.0,6.0
23.0,1.0,18.0,5.0,10,8.0,2.0,38.0,1.0,8.0
55.0,1.0,16.0,3.0,12,6.0,5.0,20.0,2.0,6.0
54.0,1.0,16.0,1.0,15,9.0,0.0,26.0,2.0,1.0
49.0,1.0,20.0,1.0,5,8.0,1.0,40.0,1.0,1.0
17.0,3.0,19.0,5.0,11,8.0,17.0,70.0,1.0,6.0
38.0,1.0,16.0,1.0,18,8.0,0.0,40.0,1.0,1.0
26.0,1.0,15.0,1.0,21,8.0,1.0,40.0,1.0,9.0
20.0,2.0,19.0,5.0,14,8.0,2.0,15.0,1.0,8.0
66.0,1.0,16.0,1.0,15,8.0,0.0,40.0,1.0,1.0
23.0,1.0,16.0,5.0,14,8.0,2.0,40.0,2.0,1.0
44.0,1.0,22.0,1.0,11,8.0,17.0,40.0,1.0,2.0
24.0,1.0,19.0,5.0,6,8.0,0.0,15.0,2.0,1.0
24.0,1.0,16.0,5.0,22,8.0,2.0,40.0,1.0,9.0
40.0,4.0,22.0,5.0,7,1.0,0.0,50.0,1.0,1.0
35.0,1.0,16.0,5.0,16,8.0,4.0,36.0,1.0,1.0
45.0,4.0,21.0,1.0,9,9.0,0.0,40.0,2.0,8.0
49.0,5.0,19.0,1.0,11,8.0,1.0,40.0,1.0,1.0
27.0,4.0,21.0,5.0,7,4.0,12.0,30.0,2.0,6.0
18.0,1.0,16.0,5.0,16,8.0,4.0,20.0,1.0,1.0
42.0,1.0,19.0,1.0,15,8.0,0.0,40.0,1.0,1.0
20.0,1.0,20.0,5.0,16,8.0,2.0,40.0,2.0,8.0
37.0,1.0,16.0,1.0,22,8.0,0.0,40.0,1.0,2.0
38.0,1.0,22.0,1.0,0,8.0,0.0,50.0,1.0,1.0
40.0,6.0,20.0,3.0,14,8.0,0.0,65.0,2.0,3.0
61.0,3.0,21.0,1.0,9,8.0,0.0,40.0,2.0,1.0
58.0,3.0,20.0,3.0,16,8.0,0.0,45.0,2.0,1.0
56.0,6.0,22.0,1.0,4,8.0,0.0,50.0,1.0,1.0
50.0,4.0,20.0,1.0,16,6.0,1.0,40.0,2.0,6.0
68.0,1.0,1.0,5.0,13,9.0,13.0,40.0,2.0,8.0
33.0,1.0,20.0,5.0,0,8.0,2.0,40.0,1.0,6.0
50.0,3.0,16.0,4.0,16,8.0,13.0,40.0,1.0,8.0
78.0,6.0,16.0,1.0,0,5.0,1.0,8.0,1.0,1.0
